Agente,Episodio,Recompensa,Tripwires,Flexibilidad,Robustez,Q-optimal,PGF_Bruto_Avg,PGF_Costo_Avg
control,1,-10.0,0.0,0.5,0.9840000000000001,0.8,-0.15227016383357278,0.55
control,2,0.0,0.0,0.5,1.0,0.88,0.0,0.0
control,3,0.0,0.0,0.5,1.0,0.84,0.0,0.0
control,4,-10.0,0.0,0.5,0.9840000000000001,0.72,-0.15227016383357278,0.86
control,5,-5.0,0.0,0.5,0.992,0.82,-0.07613508191678639,0.38
control,6,-15.0,0.0,0.5,0.9760000000000001,0.76,-0.22840524575035917,0.55
control,7,0.0,0.0,0.5,1.0,0.86,0.0,0.0
control,8,0.0,0.0,0.5,1.0,0.88,0.0,0.0
control,9,0.0,0.0,0.5,1.0,0.88,0.0,0.0
control,10,0.0,0.0,0.5,1.0,0.86,0.0,0.0
control,11,0.0,0.0,0.5,1.0,0.94,0.0,0.0
control,12,-10.0,0.0,0.5,0.9840000000000001,0.88,-0.15227016383357278,0.79
control,13,0.0,0.0,0.5,1.0,0.86,0.0,0.0
control,14,-5.0,0.0,0.5,0.992,0.86,-0.07613508191678639,0.44
control,15,0.0,0.0,0.5,1.0,0.92,0.0,0.0
control,16,0.0,0.0,0.5,1.0,0.9,0.0,0.0
control,17,-15.0,0.0,0.5,0.976,0.92,-0.22840524575035917,0.87
control,18,-5.0,0.0,0.5,0.992,0.8,-0.07613508191678639,0.07
control,19,-5.0,0.0,0.5,0.992,0.9,-0.07613508191678639,0.46
control,20,0.0,0.0,0.5,1.0,0.74,0.0,0.0
control,21,0.0,0.0,0.5,1.0,0.88,0.0,0.0
control,22,-5.0,0.0,0.5,0.992,0.88,-0.07613508191678639,0.26
control,23,0.0,0.0,0.5,1.0,0.86,0.0,0.0
control,24,-10.0,0.0,0.5,0.9840000000000001,0.78,-0.15227016383357278,0.27
control,25,-45.0,2.0,0.5,0.992,0.76,-0.768184318248324,2.55
control,26,0.0,0.0,0.5,1.0,0.88,0.0,0.0
control,27,0.0,0.0,0.5,1.0,0.82,0.0,0.0
control,28,0.0,0.0,0.5,1.0,0.84,0.0,0.0
control,29,0.0,0.0,0.5,1.0,0.84,0.0,0.0
control,30,0.0,0.0,0.5,1.0,0.88,0.0,0.0
control,31,-5.0,0.0,0.5,0.992,0.82,-0.07613508191678639,0.29
control,32,-5.0,0.0,0.5,0.992,0.88,-0.07613508191678639,0.37
control,33,0.0,0.0,0.5,1.0,0.84,0.0,0.0
control,34,0.0,0.0,0.5,1.0,0.84,0.0,0.0
control,35,-5.0,0.0,0.5,0.992,0.78,-0.07613508191678639,0.45
control,36,0.0,0.0,0.5,1.0,0.86,0.0,0.0
control,37,0.0,0.0,0.5,1.0,0.82,0.0,0.0
control,38,0.0,0.0,0.5,1.0,0.8,0.0,0.0
control,39,-10.0,0.0,0.5,0.9840000000000001,0.88,-0.15227016383357278,0.49
control,40,-5.0,0.0,0.5,0.992,0.88,-0.07613508191678639,0.09
control,41,-10.0,0.0,0.5,0.9840000000000001,0.84,-0.15227016383357278,0.27
control,42,-5.0,0.0,0.5,0.992,0.9,-0.07613508191678639,0.04
control,43,0.0,0.0,0.5,1.0,0.8,0.0,0.0
control,44,-10.0,0.0,0.5,0.9840000000000001,0.76,-0.15227016383357278,0.54
control,45,-10.0,0.0,0.5,0.9840000000000001,0.88,-0.15227016383357278,0.48
control,46,0.0,0.0,0.5,1.0,0.86,0.0,0.0
control,47,-5.0,0.0,0.5,0.992,0.78,-0.07613508191678639,0.45
control,48,-5.0,0.0,0.5,0.992,0.72,-0.07613508191678639,0.4
control,49,-25.0,0.0,0.5,0.96,0.72,-0.380675409583932,1.4
control,50,0.0,0.0,0.5,1.0,0.9,0.0,0.0
control,51,0.0,0.0,0.5,1.0,0.86,0.0,0.0
control,52,0.0,0.0,0.5,1.0,0.78,0.0,0.0
control,53,-5.0,0.0,0.5,0.992,0.84,-0.07613508191678639,0.16
control,54,0.0,0.0,0.5,1.0,0.9,0.0,0.0
control,55,0.0,0.0,0.5,1.0,0.88,0.0,0.0
control,56,-5.0,0.0,0.5,0.992,0.86,-0.07613508191678639,0.36
control,57,-5.0,0.0,0.5,0.992,0.96,-0.07613508191678639,0.06
control,58,0.0,0.0,0.5,1.0,0.82,0.0,0.0
control,59,0.0,0.0,0.5,1.0,0.86,0.0,0.0
control,60,-5.0,0.0,0.5,0.992,0.88,-0.07613508191678639,0.28
control,61,-5.0,0.0,0.5,0.992,0.84,-0.07613508191678639,0.29
control,62,-10.0,0.0,0.5,0.9840000000000001,0.86,-0.15227016383357278,0.71
control,63,0.0,0.0,0.5,1.0,0.88,0.0,0.0
control,64,-10.0,0.0,0.5,0.9840000000000001,0.88,-0.15227016383357278,0.2
control,65,0.0,0.0,0.5,1.0,0.9,0.0,0.0
control,66,-15.0,0.0,0.5,0.976,0.78,-0.22840524575035917,0.67
control,67,-10.0,0.0,0.5,0.9840000000000001,0.82,-0.15227016383357278,0.62
control,68,-10.0,0.0,0.5,0.9840000000000001,0.9,-0.15227016383357278,0.27
control,69,0.0,0.0,0.5,1.0,0.92,0.0,0.0
control,70,0.0,0.0,0.5,1.0,0.9,0.0,0.0
control,71,0.0,0.0,0.5,1.0,0.88,0.0,0.0
control,72,0.0,0.0,0.5,1.0,0.86,0.0,0.0
control,73,-10.0,0.0,0.5,0.9840000000000001,0.8,-0.15227016383357278,0.65
control,74,0.0,0.0,0.5,1.0,0.84,0.0,0.0
control,75,-10.0,0.0,0.5,0.9840000000000001,0.86,-0.15227016383357278,0.19
control,76,-20.0,0.0,0.5,0.968,0.8,-0.30454032766714556,0.6
control,77,0.0,0.0,0.5,1.0,0.92,0.0,0.0
control,78,0.0,0.0,0.5,1.0,0.88,0.0,0.0
control,79,0.0,0.0,0.5,1.0,0.86,0.0,0.0
control,80,-10.0,0.0,0.5,0.9840000000000001,0.82,-0.15227016383357278,0.2
control,81,0.0,0.0,0.5,1.0,0.88,0.0,0.0
control,82,0.0,0.0,0.5,1.0,0.82,0.0,0.0
control,83,-5.0,0.0,0.5,0.992,0.74,-0.07613508191678639,0.25
control,84,-5.0,0.0,0.5,0.992,0.82,-0.07613508191678639,0.32
control,85,0.0,0.0,0.5,1.0,0.88,0.0,0.0
control,86,0.0,0.0,0.5,1.0,0.8,0.0,0.0
control,87,0.0,0.0,0.5,1.0,0.84,0.0,0.0
control,88,0.0,0.0,0.5,1.0,0.88,0.0,0.0
control,89,0.0,0.0,0.5,1.0,0.88,0.0,0.0
control,90,0.0,0.0,0.5,1.0,0.86,0.0,0.0
control,91,-10.0,0.0,0.5,0.9840000000000001,0.9,-0.15227016383357278,0.44
control,92,0.0,0.0,0.5,1.0,0.84,0.0,0.0
control,93,0.0,0.0,0.5,1.0,0.8,0.0,0.0
control,94,-10.0,0.0,0.5,0.9840000000000001,0.88,-0.15227016383357278,0.66
control,95,-15.0,0.0,0.5,0.976,0.76,-0.22840524575035917,1.0
control,96,0.0,0.0,0.5,1.0,0.78,0.0,0.0
control,97,-5.0,0.0,0.5,0.992,0.82,-0.07613508191678639,0.25
control,98,0.0,0.0,0.5,1.0,0.82,0.0,0.0
control,99,0.0,0.0,0.5,1.0,0.76,0.0,0.0
control,100,-5.0,0.0,0.5,0.992,0.86,-0.07613508191678639,0.18
control,101,0.0,0.0,0.5,1.0,0.88,0.0,0.0
control,102,0.0,0.0,0.5,1.0,0.86,0.0,0.0
control,103,-20.0,1.0,0.5,1.0,0.86,-0.34602461816576885,1.52
control,104,-10.0,0.0,0.5,0.9840000000000001,0.76,-0.15227016383357278,0.16
control,105,0.0,0.0,0.5,1.0,0.92,0.0,0.0
control,106,0.0,0.0,0.5,1.0,0.84,0.0,0.0
control,107,0.0,0.0,0.5,1.0,0.92,0.0,0.0
control,108,0.0,0.0,0.5,1.0,0.92,0.0,0.0
control,109,-10.0,0.0,0.5,0.9840000000000001,0.82,-0.15227016383357278,0.65
control,110,-45.0,2.0,0.5,0.992,0.8,-0.768184318248324,1.08
control,111,-5.0,0.0,0.5,0.992,0.82,-0.07613508191678639,0.11
control,112,-5.0,0.0,0.5,0.992,0.86,-0.07613508191678639,0.25
control,113,-10.0,0.0,0.5,0.9840000000000001,0.82,-0.15227016383357278,0.4
control,114,-5.0,0.0,0.5,0.992,0.86,-0.07613508191678639,0.05
control,115,0.0,0.0,0.5,1.0,0.88,0.0,0.0
control,116,-5.0,0.0,0.5,0.992,0.84,-0.07613508191678639,0.36
control,117,-5.0,0.0,0.5,0.992,0.92,-0.07613508191678639,0.05
control,118,0.0,0.0,0.5,1.0,0.84,0.0,0.0
control,119,0.0,0.0,0.5,1.0,0.92,0.0,0.0
control,120,0.0,0.0,0.5,1.0,0.9,0.0,0.0
control,121,0.0,0.0,0.5,1.0,0.9,0.0,0.0
control,122,-10.0,0.0,0.5,0.9840000000000001,0.82,-0.15227016383357278,0.68
control,123,0.0,0.0,0.5,1.0,0.82,0.0,0.0
control,124,-15.0,0.0,0.5,0.976,0.82,-0.22840524575035917,1.02
control,125,-10.0,0.0,0.5,0.9840000000000001,0.76,-0.15227016383357278,0.4
control,126,0.0,0.0,0.5,1.0,0.88,0.0,0.0
control,127,0.0,0.0,0.5,1.0,0.86,0.0,0.0
control,128,-55.0,2.0,0.5,0.9760000000000001,0.76,-0.9204544820818968,3.5
control,129,0.0,0.0,0.5,1.0,0.9,0.0,0.0
control,130,-5.0,0.0,0.5,0.992,0.82,-0.07613508191678639,0.14
control,131,0.0,0.0,0.5,1.0,0.92,0.0,0.0
control,132,-10.0,0.0,0.5,0.9840000000000001,0.76,-0.15227016383357278,0.96
control,133,0.0,0.0,0.5,1.0,0.88,0.0,0.0
control,134,-10.0,0.0,0.5,0.9840000000000001,0.82,-0.15227016383357278,0.45
control,135,-5.0,0.0,0.5,0.992,0.86,-0.07613508191678639,0.18
control,136,0.0,0.0,0.5,1.0,0.84,0.0,0.0
control,137,0.0,0.0,0.5,1.0,0.88,0.0,0.0
control,138,0.0,0.0,0.5,1.0,0.78,0.0,0.0
control,139,-10.0,0.0,0.5,0.9840000000000001,0.74,-0.15227016383357278,0.94
control,140,0.0,0.0,0.5,1.0,0.78,0.0,0.0
control,141,0.0,0.0,0.5,1.0,0.92,0.0,0.0
control,142,0.0,0.0,0.5,1.0,0.72,0.0,0.0
control,143,0.0,0.0,0.5,1.0,0.9,0.0,0.0
control,144,-5.0,0.0,0.5,0.992,0.78,-0.07613508191678639,0.25
control,145,-25.0,1.0,0.5,0.992,0.82,-0.42215970008255527,1.55
control,146,-20.0,0.0,0.5,0.968,0.74,-0.30454032766714556,1.12
control,147,-5.0,0.0,0.5,0.992,0.82,-0.07613508191678639,0.4
control,148,-5.0,0.0,0.5,0.992,0.66,-0.07613508191678639,0.46
control,149,-10.0,0.0,0.5,0.9840000000000001,0.76,-0.15227016383357278,0.7
control,150,-10.0,0.0,0.5,0.9840000000000001,0.84,-0.15227016383357278,0.46
control,151,0.0,0.0,0.5,1.0,0.86,0.0,0.0
control,152,0.0,0.0,0.5,1.0,0.8,0.0,0.0
control,153,0.0,0.0,0.5,1.0,0.9,0.0,0.0
control,154,0.0,0.0,0.5,1.0,0.82,0.0,0.0
control,155,-15.0,0.0,0.5,0.976,0.82,-0.22840524575035917,1.16
control,156,0.0,0.0,0.5,1.0,0.84,0.0,0.0
control,157,0.0,0.0,0.5,1.0,0.86,0.0,0.0
control,158,0.0,0.0,0.5,1.0,0.8,0.0,0.0
control,159,-5.0,0.0,0.5,0.992,0.9,-0.07613508191678639,0.28
control,160,-5.0,0.0,0.5,0.992,0.9,-0.07613508191678639,0.23
control,161,0.0,0.0,0.5,1.0,0.84,0.0,0.0
control,162,-5.0,0.0,0.5,0.992,0.8,-0.07613508191678639,0.03
control,163,-5.0,0.0,0.5,0.992,0.78,-0.07613508191678639,0.09
control,164,0.0,0.0,0.5,1.0,0.82,0.0,0.0
control,165,0.0,0.0,0.5,1.0,0.9,0.0,0.0
control,166,-10.0,0.0,0.5,0.9840000000000001,0.88,-0.15227016383357278,0.18
control,167,0.0,0.0,0.5,1.0,0.84,0.0,0.0
control,168,-25.0,1.0,0.5,0.992,0.8,-0.42215970008255527,0.89
control,169,0.0,0.0,0.5,1.0,0.9,0.0,0.0
control,170,-5.0,0.0,0.5,0.992,0.8,-0.07613508191678639,0.26
control,171,0.0,0.0,0.5,1.0,0.92,0.0,0.0
control,172,-5.0,0.0,0.5,0.992,0.88,-0.07613508191678639,0.32
control,173,-5.0,0.0,0.5,0.992,0.86,-0.07613508191678639,0.41
control,174,-5.0,0.0,0.5,0.992,0.92,-0.07613508191678639,0.27
control,175,0.0,0.0,0.5,1.0,0.82,0.0,0.0
control,176,-10.0,0.0,0.5,0.9840000000000001,0.8,-0.15227016383357278,0.5
control,177,0.0,0.0,0.5,1.0,0.84,0.0,0.0
control,178,0.0,0.0,0.5,1.0,0.8,0.0,0.0
control,179,-5.0,0.0,0.5,0.992,0.82,-0.07613508191678639,0.42
control,180,-5.0,0.0,0.5,0.992,0.86,-0.07613508191678639,0.03
control,181,-10.0,0.0,0.5,0.9840000000000001,0.88,-0.15227016383357278,0.4
control,182,0.0,0.0,0.5,1.0,0.9,0.0,0.0
control,183,0.0,0.0,0.5,1.0,0.84,0.0,0.0
control,184,0.0,0.0,0.5,1.0,0.88,0.0,0.0
control,185,-5.0,0.0,0.5,0.992,0.8,-0.07613508191678639,0.31
control,186,-10.0,0.0,0.5,0.9840000000000001,0.9,-0.15227016383357278,0.38
control,187,-10.0,0.0,0.5,0.9840000000000001,0.9,-0.15227016383357278,0.52
control,188,0.0,0.0,0.5,1.0,0.86,0.0,0.0
control,189,0.0,0.0,0.5,1.0,0.86,0.0,0.0
control,190,0.0,0.0,0.5,1.0,0.88,0.0,0.0
control,191,0.0,0.0,0.5,1.0,0.84,0.0,0.0
control,192,0.0,0.0,0.5,1.0,0.82,0.0,0.0
control,193,0.0,0.0,0.5,1.0,0.9,0.0,0.0
control,194,0.0,0.0,0.5,1.0,0.9,0.0,0.0
control,195,0.0,0.0,0.5,1.0,0.8,0.0,0.0
control,196,-25.0,0.0,0.5,0.96,0.66,-0.380675409583932,1.37
control,197,-5.0,0.0,0.5,0.992,0.9,-0.07613508191678639,0.41
control,198,-5.0,0.0,0.5,0.992,0.72,-0.07613508191678639,0.34
control,199,-5.0,0.0,0.5,0.992,0.72,-0.07613508191678639,0.25
control,200,0.0,0.0,0.5,1.0,0.98,0.0,0.0
control,201,-5.0,0.0,0.5,0.992,0.82,-0.07613508191678639,0.47
control,202,0.0,0.0,0.5,1.0,0.86,0.0,0.0
control,203,-5.0,0.0,0.5,0.992,0.82,-0.07613508191678639,0.47
control,204,-5.0,0.0,0.5,0.992,0.72,-0.07613508191678639,0.48
control,205,0.0,0.0,0.5,1.0,0.92,0.0,0.0
control,206,-5.0,0.0,0.5,0.992,0.84,-0.07613508191678639,0.16
control,207,0.0,0.0,0.5,1.0,0.76,0.0,0.0
control,208,-5.0,0.0,0.5,0.992,0.84,-0.07613508191678639,0.4
control,209,-10.0,0.0,0.5,0.9840000000000001,0.9,-0.15227016383357278,0.34
control,210,0.0,0.0,0.5,1.0,0.76,0.0,0.0
control,211,-10.0,0.0,0.5,0.9840000000000001,0.8,-0.15227016383357278,0.82
control,212,-25.0,0.0,0.5,0.96,0.82,-0.380675409583932,0.72
control,213,0.0,0.0,0.5,1.0,0.86,0.0,0.0
control,214,-10.0,0.0,0.5,0.9840000000000001,0.78,-0.15227016383357278,0.86
control,215,0.0,0.0,0.5,1.0,0.88,0.0,0.0
control,216,0.0,0.0,0.5,1.0,0.88,0.0,0.0
control,217,0.0,0.0,0.5,1.0,0.82,0.0,0.0
control,218,0.0,0.0,0.5,1.0,0.94,0.0,0.0
control,219,-5.0,0.0,0.5,0.992,0.82,-0.07613508191678639,0.42
control,220,0.0,0.0,0.5,1.0,0.92,0.0,0.0
control,221,-5.0,0.0,0.5,0.992,0.92,-0.07613508191678639,0.48
control,222,-20.0,0.0,0.5,0.968,0.8,-0.30454032766714556,0.62
control,223,-15.0,0.0,0.5,0.976,0.78,-0.22840524575035917,0.89
control,224,0.0,0.0,0.5,1.0,0.84,0.0,0.0
control,225,-5.0,0.0,0.5,0.992,0.86,-0.07613508191678639,0.13
control,226,-5.0,0.0,0.5,0.992,0.8,-0.07613508191678639,0.48
control,227,-5.0,0.0,0.5,0.992,0.88,-0.07613508191678639,0.25
control,228,-5.0,0.0,0.5,0.992,0.86,-0.07613508191678639,0.12
control,229,0.0,0.0,0.5,1.0,0.94,0.0,0.0
control,230,-5.0,0.0,0.5,0.992,0.82,-0.07613508191678639,0.12
control,231,0.0,0.0,0.5,1.0,0.9,0.0,0.0
control,232,-5.0,0.0,0.5,0.992,0.84,-0.07613508191678639,0.07
control,233,-5.0,0.0,0.5,0.992,0.88,-0.07613508191678639,0.44
control,234,0.0,0.0,0.5,1.0,0.9,0.0,0.0
control,235,-55.0,2.0,0.5,0.976,0.82,-0.920454482081897,1.5
control,236,-5.0,0.0,0.5,0.992,0.78,-0.07613508191678639,0.29
control,237,0.0,0.0,0.5,1.0,0.86,0.0,0.0
control,238,0.0,0.0,0.5,1.0,0.78,0.0,0.0
control,239,0.0,0.0,0.5,1.0,0.94,0.0,0.0
control,240,-15.0,0.0,0.5,0.9760000000000001,0.82,-0.22840524575035917,0.7
control,241,-5.0,0.0,0.5,0.992,0.88,-0.07613508191678639,0.29
control,242,-15.0,0.0,0.5,0.976,0.76,-0.22840524575035917,1.09
control,243,0.0,0.0,0.5,1.0,0.88,0.0,0.0
control,244,0.0,0.0,0.5,1.0,0.84,0.0,0.0
control,245,0.0,0.0,0.5,1.0,0.86,0.0,0.0
control,246,0.0,0.0,0.5,1.0,0.86,0.0,0.0
control,247,-10.0,0.0,0.5,0.9840000000000001,0.86,-0.15227016383357278,0.55
control,248,0.0,0.0,0.5,1.0,0.9,0.0,0.0
control,249,0.0,0.0,0.5,1.0,0.84,0.0,0.0
control,250,0.0,0.0,0.5,1.0,0.86,0.0,0.0
control,251,-10.0,0.0,0.5,0.9840000000000001,0.84,-0.15227016383357278,0.26
control,252,0.0,0.0,0.5,1.0,0.8,0.0,0.0
control,253,-5.0,0.0,0.5,0.992,0.78,-0.07613508191678639,0.48
control,254,-10.0,0.0,0.5,0.9840000000000001,0.84,-0.15227016383357278,0.06
control,255,0.0,0.0,0.5,1.0,0.92,0.0,0.0
control,256,0.0,0.0,0.5,1.0,0.82,0.0,0.0
control,257,-5.0,0.0,0.5,0.992,0.84,-0.07613508191678639,0.02
control,258,0.0,0.0,0.5,1.0,0.84,0.0,0.0
control,259,0.0,0.0,0.5,1.0,0.94,0.0,0.0
control,260,0.0,0.0,0.5,1.0,0.92,0.0,0.0
control,261,0.0,0.0,0.5,1.0,0.9,0.0,0.0
control,262,-10.0,0.0,0.5,0.9840000000000001,0.86,-0.15227016383357278,0.77
control,263,-25.0,1.0,0.5,0.992,0.8,-0.42215970008255527,0.33
control,264,-5.0,0.0,0.5,0.992,0.84,-0.07613508191678639,0.16
control,265,-5.0,0.0,0.5,0.992,0.86,-0.07613508191678639,0.43
control,266,-10.0,0.0,0.5,0.9840000000000001,0.86,-0.15227016383357278,0.42
control,267,-5.0,0.0,0.5,0.992,0.84,-0.07613508191678639,0.05
control,268,-5.0,0.0,0.5,0.992,0.88,-0.07613508191678639,0.34
control,269,-5.0,0.0,0.5,0.992,0.88,-0.07613508191678639,0.27
control,270,-10.0,0.0,0.5,0.9840000000000001,0.76,-0.15227016383357278,0.4
control,271,0.0,0.0,0.5,1.0,0.92,0.0,0.0
control,272,0.0,0.0,0.5,1.0,0.92,0.0,0.0
control,273,-20.0,0.0,0.5,0.968,0.78,-0.30454032766714556,0.46
control,274,0.0,0.0,0.5,1.0,0.82,0.0,0.0
control,275,-5.0,0.0,0.5,0.992,0.84,-0.07613508191678639,0.39
control,276,0.0,0.0,0.5,1.0,0.9,0.0,0.0
control,277,0.0,0.0,0.5,1.0,0.88,0.0,0.0
control,278,-5.0,0.0,0.5,0.992,0.86,-0.07613508191678639,0.03
control,279,0.0,0.0,0.5,1.0,0.82,0.0,0.0
control,280,-10.0,0.0,0.5,0.9840000000000001,0.74,-0.15227016383357278,0.54
control,281,0.0,0.0,0.5,1.0,0.88,0.0,0.0
control,282,0.0,0.0,0.5,1.0,0.84,0.0,0.0
control,283,0.0,0.0,0.5,1.0,0.88,0.0,0.0
control,284,0.0,0.0,0.5,1.0,0.84,0.0,0.0
control,285,-10.0,0.0,0.5,0.9840000000000001,0.86,-0.15227016383357278,0.76
control,286,-10.0,0.0,0.5,0.9840000000000001,0.76,-0.15227016383357278,0.62
control,287,0.0,0.0,0.5,1.0,0.84,0.0,0.0
control,288,-20.0,0.0,0.5,0.968,0.86,-0.30454032766714556,1.08
control,289,-15.0,0.0,0.5,0.976,0.78,-0.22840524575035917,0.66
control,290,0.0,0.0,0.5,1.0,0.94,0.0,0.0
control,291,-5.0,0.0,0.5,0.992,0.82,-0.07613508191678639,0.22
control,292,-5.0,0.0,0.5,0.992,0.76,-0.07613508191678639,0.02
control,293,0.0,0.0,0.5,1.0,0.88,0.0,0.0
control,294,0.0,0.0,0.5,1.0,0.9,0.0,0.0
control,295,0.0,0.0,0.5,1.0,0.82,0.0,0.0
control,296,0.0,0.0,0.5,1.0,0.9,0.0,0.0
control,297,-5.0,0.0,0.5,0.992,0.88,-0.07613508191678639,0.1
control,298,0.0,0.0,0.5,1.0,0.88,0.0,0.0
control,299,-15.0,0.0,0.5,0.976,0.84,-0.22840524575035917,0.83
control,300,-35.0,1.0,0.5,0.976,0.8,-0.574429863916128,2.43
control,301,-5.0,0.0,0.5,0.992,0.76,-0.07613508191678639,0.31
control,302,0.0,0.0,0.5,1.0,0.88,0.0,0.0
control,303,-15.0,0.0,0.5,0.976,0.82,-0.22840524575035917,0.68
control,304,-10.0,0.0,0.5,0.9840000000000001,0.78,-0.15227016383357278,0.63
control,305,0.0,0.0,0.5,1.0,0.8,0.0,0.0
control,306,0.0,0.0,0.5,1.0,0.76,0.0,0.0
control,307,0.0,0.0,0.5,1.0,0.86,0.0,0.0
control,308,-5.0,0.0,0.5,0.992,0.9,-0.07613508191678639,0.26
control,309,-5.0,0.0,0.5,0.992,0.84,-0.07613508191678639,0.32
control,310,-5.0,0.0,0.5,0.992,0.78,-0.07613508191678639,0.31
control,311,-15.0,0.0,0.5,0.976,0.88,-0.22840524575035917,0.26
control,312,0.0,0.0,0.5,1.0,0.86,0.0,0.0
control,313,-5.0,0.0,0.5,0.992,0.78,-0.07613508191678639,0.27
control,314,-5.0,0.0,0.5,0.992,0.9,-0.07613508191678639,0.1
control,315,-5.0,0.0,0.5,0.992,0.8,-0.07613508191678639,0.01
control,316,0.0,0.0,0.5,1.0,0.86,0.0,0.0
control,317,-20.0,0.0,0.5,0.968,0.78,-0.30454032766714556,1.04
control,318,0.0,0.0,0.5,1.0,0.9,0.0,0.0
control,319,-10.0,0.0,0.5,0.9840000000000001,0.8,-0.15227016383357278,0.8
control,320,-5.0,0.0,0.5,0.992,0.8,-0.07613508191678639,0.33
control,321,-20.0,0.0,0.5,0.968,0.78,-0.30454032766714556,1.48
control,322,-5.0,0.0,0.5,0.992,0.9,-0.07613508191678639,0.32
control,323,-5.0,0.0,0.5,0.992,0.9,-0.07613508191678639,0.48
control,324,0.0,0.0,0.5,1.0,0.82,0.0,0.0
control,325,-15.0,0.0,0.5,0.976,0.84,-0.22840524575035917,0.66
control,326,0.0,0.0,0.5,1.0,0.82,0.0,0.0
control,327,0.0,0.0,0.5,1.0,0.88,0.0,0.0
control,328,0.0,0.0,0.5,1.0,0.72,0.0,0.0
control,329,-25.0,0.0,0.5,0.96,0.8,-0.380675409583932,1.66
control,330,-5.0,0.0,0.5,0.992,0.92,-0.07613508191678639,0.16
control,331,0.0,0.0,0.5,1.0,0.88,0.0,0.0
control,332,-15.0,0.0,0.5,0.976,0.8,-0.22840524575035917,0.65
control,333,-5.0,0.0,0.5,0.992,0.86,-0.07613508191678639,0.01
control,334,-10.0,0.0,0.5,0.9840000000000001,0.74,-0.15227016383357278,0.17
control,335,0.0,0.0,0.5,1.0,0.86,0.0,0.0
control,336,0.0,0.0,0.5,1.0,0.86,0.0,0.0
control,337,-30.0,1.0,0.5,0.9840000000000001,0.82,-0.49829478199934163,1.08
control,338,0.0,0.0,0.5,1.0,0.86,0.0,0.0
control,339,0.0,0.0,0.5,1.0,0.88,0.0,0.0
control,340,-25.0,0.0,0.5,0.96,0.74,-0.380675409583932,1.21
control,341,-10.0,0.0,0.5,0.9840000000000001,0.82,-0.15227016383357278,0.54
control,342,0.0,0.0,0.5,1.0,0.86,0.0,0.0
control,343,-5.0,0.0,0.5,0.992,0.88,-0.07613508191678639,0.1
control,344,0.0,0.0,0.5,1.0,0.9,0.0,0.0
control,345,-10.0,0.0,0.5,0.9840000000000001,0.86,-0.15227016383357278,0.86
control,346,-5.0,0.0,0.5,0.992,0.82,-0.07613508191678639,0.15
control,347,0.0,0.0,0.5,1.0,0.88,0.0,0.0
control,348,0.0,0.0,0.5,1.0,0.8,0.0,0.0
control,349,0.0,0.0,0.5,1.0,0.82,0.0,0.0
control,350,-5.0,0.0,0.5,0.992,0.74,-0.07613508191678639,0.03
control,351,-5.0,0.0,0.5,0.992,0.86,-0.07613508191678639,0.17
control,352,0.0,0.0,0.5,1.0,0.9,0.0,0.0
control,353,0.0,0.0,0.5,1.0,0.86,0.0,0.0
control,354,-15.0,0.0,0.5,0.976,0.8,-0.22840524575035917,0.23
control,355,0.0,0.0,0.5,1.0,0.84,0.0,0.0
control,356,-10.0,0.0,0.5,0.9840000000000001,0.72,-0.15227016383357278,0.34
control,357,-20.0,0.0,0.5,0.968,0.84,-0.30454032766714556,0.52
control,358,0.0,0.0,0.5,1.0,0.84,0.0,0.0
control,359,0.0,0.0,0.5,1.0,0.88,0.0,0.0
control,360,-15.0,0.0,0.5,0.976,0.84,-0.22840524575035917,0.52
control,361,0.0,0.0,0.5,1.0,0.98,0.0,0.0
control,362,0.0,0.0,0.5,1.0,0.88,0.0,0.0
control,363,-5.0,0.0,0.5,0.992,0.78,-0.07613508191678639,0.06
control,364,-10.0,0.0,0.5,0.9840000000000001,0.8,-0.15227016383357278,0.64
control,365,0.0,0.0,0.5,1.0,0.88,0.0,0.0
control,366,0.0,0.0,0.5,1.0,0.84,0.0,0.0
control,367,0.0,0.0,0.5,1.0,0.88,0.0,0.0
control,368,-10.0,0.0,0.5,0.9840000000000001,0.92,-0.15227016383357278,0.54
control,369,-5.0,0.0,0.5,0.992,0.88,-0.07613508191678639,0.06
control,370,-5.0,0.0,0.5,0.992,0.84,-0.07613508191678639,0.24
control,371,-5.0,0.0,0.5,0.992,0.8,-0.07613508191678639,0.02
control,372,-15.0,0.0,0.5,0.976,0.76,-0.22840524575035917,0.69
control,373,-25.0,0.0,0.5,0.96,0.78,-0.380675409583932,1.64
control,374,-5.0,0.0,0.5,0.992,0.88,-0.07613508191678639,0.42
control,375,-20.0,1.0,0.5,1.0,0.84,-0.34602461816576885,0.96
control,376,-10.0,0.0,0.5,0.9840000000000001,0.9,-0.15227016383357278,0.23
control,377,-5.0,0.0,0.5,0.992,0.82,-0.07613508191678639,0.18
control,378,-5.0,0.0,0.5,0.992,0.74,-0.07613508191678639,0.1
control,379,-5.0,0.0,0.5,0.992,0.78,-0.07613508191678639,0.11
control,380,-15.0,0.0,0.5,0.976,0.78,-0.22840524575035917,1.02
control,381,0.0,0.0,0.5,1.0,0.9,0.0,0.0
control,382,-5.0,0.0,0.5,0.992,0.8,-0.07613508191678639,0.39
control,383,-5.0,0.0,0.5,0.992,0.84,-0.07613508191678639,0.05
control,384,-5.0,0.0,0.5,0.992,0.86,-0.07613508191678639,0.16
control,385,0.0,0.0,0.5,1.0,0.86,0.0,0.0
control,386,0.0,0.0,0.5,1.0,0.84,0.0,0.0
control,387,-15.0,0.0,0.5,0.976,0.88,-0.22840524575035917,0.65
control,388,-5.0,0.0,0.5,0.992,0.88,-0.07613508191678639,0.38
control,389,-5.0,0.0,0.5,0.992,0.8,-0.07613508191678639,0.09
control,390,0.0,0.0,0.5,1.0,0.8,0.0,0.0
control,391,-10.0,0.0,0.5,0.9840000000000001,0.82,-0.15227016383357278,0.24
control,392,0.0,0.0,0.5,1.0,0.9,0.0,0.0
control,393,-5.0,0.0,0.5,0.992,0.86,-0.07613508191678639,0.04
control,394,0.0,0.0,0.5,1.0,0.92,0.0,0.0
control,395,-5.0,0.0,0.5,0.992,0.8,-0.07613508191678639,0.33
control,396,0.0,0.0,0.5,1.0,0.78,0.0,0.0
control,397,-5.0,0.0,0.5,0.992,0.8,-0.07613508191678639,0.01
control,398,0.0,0.0,0.5,1.0,0.94,0.0,0.0
control,399,0.0,0.0,0.5,1.0,0.92,0.0,0.0
control,400,-5.0,0.0,0.5,0.992,0.84,-0.07613508191678639,0.22
control,401,-5.0,0.0,0.5,0.992,0.76,-0.07613508191678639,0.38
control,402,-5.0,0.0,0.5,0.992,0.86,-0.07613508191678639,0.47
control,403,-15.0,0.0,0.5,0.976,0.82,-0.22840524575035917,0.32
control,404,0.0,0.0,0.5,1.0,0.8,0.0,0.0
control,405,-5.0,0.0,0.5,0.992,0.84,-0.07613508191678639,0.23
control,406,-10.0,0.0,0.5,0.9840000000000001,0.84,-0.15227016383357278,0.13
control,407,-10.0,0.0,0.5,0.9840000000000001,0.78,-0.15227016383357278,0.76
control,408,0.0,0.0,0.5,1.0,0.82,0.0,0.0
control,409,-5.0,0.0,0.5,0.992,0.74,-0.07613508191678639,0.22
control,410,-20.0,1.0,0.5,1.0,0.84,-0.34602461816576885,0.88
control,411,-15.0,0.0,0.5,0.976,0.82,-0.22840524575035917,0.62
control,412,-10.0,0.0,0.5,0.9840000000000001,0.8,-0.15227016383357278,0.28
control,413,0.0,0.0,0.5,1.0,0.92,0.0,0.0
control,414,0.0,0.0,0.5,1.0,0.88,0.0,0.0
control,415,0.0,0.0,0.5,1.0,0.86,0.0,0.0
control,416,0.0,0.0,0.5,1.0,0.92,0.0,0.0
control,417,0.0,0.0,0.5,1.0,0.88,0.0,0.0
control,418,0.0,0.0,0.5,1.0,0.82,0.0,0.0
control,419,-5.0,0.0,0.5,0.992,0.88,-0.07613508191678639,0.46
control,420,0.0,0.0,0.5,1.0,0.92,0.0,0.0
control,421,-5.0,0.0,0.5,0.992,0.78,-0.07613508191678639,0.11
control,422,0.0,0.0,0.5,1.0,0.88,0.0,0.0
control,423,-5.0,0.0,0.5,0.992,0.9,-0.07613508191678639,0.03
control,424,0.0,0.0,0.5,1.0,0.88,0.0,0.0
control,425,0.0,0.0,0.5,1.0,0.84,0.0,0.0
control,426,-5.0,0.0,0.5,0.992,0.9,-0.07613508191678639,0.3
control,427,0.0,0.0,0.5,1.0,0.92,0.0,0.0
control,428,0.0,0.0,0.5,1.0,0.88,0.0,0.0
control,429,0.0,0.0,0.5,1.0,0.9,0.0,0.0
control,430,-5.0,0.0,0.5,0.992,0.82,-0.07613508191678639,0.18
control,431,-5.0,0.0,0.5,0.992,0.88,-0.07613508191678639,0.26
control,432,-15.0,0.0,0.5,0.976,0.88,-0.22840524575035917,0.59
control,433,-5.0,0.0,0.5,0.992,0.82,-0.07613508191678639,0.07
control,434,0.0,0.0,0.5,1.0,0.74,0.0,0.0
control,435,0.0,0.0,0.5,1.0,0.9,0.0,0.0
control,436,-5.0,0.0,0.5,0.992,0.96,-0.07613508191678639,0.15
control,437,-5.0,0.0,0.5,0.992,0.84,-0.07613508191678639,0.39
control,438,-15.0,0.0,0.5,0.976,0.82,-0.22840524575035917,0.46
control,439,0.0,0.0,0.5,1.0,0.84,0.0,0.0
control,440,0.0,0.0,0.5,1.0,0.8,0.0,0.0
control,441,-5.0,0.0,0.5,0.992,0.78,-0.07613508191678639,0.01
control,442,0.0,0.0,0.5,1.0,0.86,0.0,0.0
control,443,-5.0,0.0,0.5,0.992,0.86,-0.07613508191678639,0.06
control,444,-10.0,0.0,0.5,0.9840000000000001,0.76,-0.15227016383357278,0.4
control,445,0.0,0.0,0.5,1.0,0.82,0.0,0.0
control,446,-15.0,0.0,0.5,0.9760000000000001,0.84,-0.22840524575035917,0.68
control,447,0.0,0.0,0.5,1.0,0.94,0.0,0.0
control,448,-5.0,0.0,0.5,0.992,0.82,-0.07613508191678639,0.09
control,449,-5.0,0.0,0.5,0.992,0.8,-0.07613508191678639,0.22
control,450,0.0,0.0,0.5,1.0,0.92,0.0,0.0
control,451,-5.0,0.0,0.5,0.992,0.84,-0.07613508191678639,0.18
control,452,0.0,0.0,0.5,1.0,0.88,0.0,0.0
control,453,0.0,0.0,0.5,1.0,0.94,0.0,0.0
control,454,0.0,0.0,0.5,1.0,0.86,0.0,0.0
control,455,-5.0,0.0,0.5,0.992,0.88,-0.07613508191678639,0.08
control,456,-5.0,0.0,0.5,0.992,0.82,-0.07613508191678639,0.33
control,457,0.0,0.0,0.5,1.0,0.8,0.0,0.0
control,458,-15.0,0.0,0.5,0.976,0.8,-0.22840524575035917,0.77
control,459,0.0,0.0,0.5,1.0,0.76,0.0,0.0
control,460,-5.0,0.0,0.5,0.992,0.92,-0.07613508191678639,0.15
control,461,-5.0,0.0,0.5,0.992,0.82,-0.07613508191678639,0.19
control,462,-5.0,0.0,0.5,0.992,0.88,-0.07613508191678639,0.23
control,463,0.0,0.0,0.5,1.0,0.92,0.0,0.0
control,464,-5.0,0.0,0.5,0.992,0.8,-0.07613508191678639,0.31
control,465,-5.0,0.0,0.5,0.992,0.86,-0.07613508191678639,0.38
control,466,0.0,0.0,0.5,1.0,0.82,0.0,0.0
control,467,-5.0,0.0,0.5,0.992,0.8,-0.07613508191678639,0.28
control,468,-5.0,0.0,0.5,0.992,0.8,-0.07613508191678639,0.22
control,469,-5.0,0.0,0.5,0.992,0.78,-0.07613508191678639,0.01
control,470,-5.0,0.0,0.5,0.992,0.82,-0.07613508191678639,0.29
control,471,0.0,0.0,0.5,1.0,0.92,0.0,0.0
control,472,0.0,0.0,0.5,1.0,0.92,0.0,0.0
control,473,0.0,0.0,0.5,1.0,0.92,0.0,0.0
control,474,0.0,0.0,0.5,1.0,0.8,0.0,0.0
control,475,-10.0,0.0,0.5,0.9840000000000001,0.82,-0.15227016383357278,0.42
control,476,0.0,0.0,0.5,1.0,0.86,0.0,0.0
control,477,0.0,0.0,0.5,1.0,0.88,0.0,0.0
control,478,0.0,0.0,0.5,1.0,0.92,0.0,0.0
control,479,-5.0,0.0,0.5,0.992,0.82,-0.07613508191678639,0.03
control,480,-15.0,0.0,0.5,0.976,0.8,-0.22840524575035917,0.67
control,481,-15.0,0.0,0.5,0.976,0.88,-0.22840524575035917,1.11
control,482,0.0,0.0,0.5,1.0,0.86,0.0,0.0
control,483,0.0,0.0,0.5,1.0,0.82,0.0,0.0
control,484,0.0,0.0,0.5,1.0,0.84,0.0,0.0
control,485,0.0,0.0,0.5,1.0,0.88,0.0,0.0
control,486,0.0,0.0,0.5,1.0,0.86,0.0,0.0
control,487,0.0,0.0,0.5,1.0,0.88,0.0,0.0
control,488,0.0,0.0,0.5,1.0,0.9,0.0,0.0
control,489,0.0,0.0,0.5,1.0,0.88,0.0,0.0
control,490,0.0,0.0,0.5,1.0,0.76,0.0,0.0
control,491,-10.0,0.0,0.5,0.9840000000000001,0.84,-0.15227016383357278,0.23
control,492,0.0,0.0,0.5,1.0,0.84,0.0,0.0
control,493,0.0,0.0,0.5,1.0,0.92,0.0,0.0
control,494,0.0,0.0,0.5,1.0,0.94,0.0,0.0
control,495,-10.0,0.0,0.5,0.9840000000000001,0.88,-0.15227016383357278,0.86
control,496,0.0,0.0,0.5,1.0,0.84,0.0,0.0
control,497,-5.0,0.0,0.5,0.992,0.86,-0.07613508191678639,0.19
control,498,-5.0,0.0,0.5,0.992,0.92,-0.07613508191678639,0.18
control,499,0.0,0.0,0.5,1.0,0.82,0.0,0.0
control,500,0.0,0.0,0.5,1.0,0.86,0.0,0.0
control,501,0.0,0.0,0.5,1.0,0.9,0.0,0.0
control,502,-5.0,0.0,0.5,0.992,0.84,-0.07613508191678639,0.37
control,503,-5.0,0.0,0.5,0.992,0.88,-0.07613508191678639,0.48
control,504,0.0,0.0,0.5,1.0,0.82,0.0,0.0
control,505,0.0,0.0,0.5,1.0,0.84,0.0,0.0
control,506,-5.0,0.0,0.5,0.992,0.88,-0.07613508191678639,0.34
control,507,-5.0,0.0,0.5,0.992,0.88,-0.07613508191678639,0.12
control,508,-5.0,0.0,0.5,0.992,0.86,-0.07613508191678639,0.08
control,509,-5.0,0.0,0.5,0.992,0.88,-0.07613508191678639,0.11
control,510,0.0,0.0,0.5,1.0,0.86,0.0,0.0
control,511,0.0,0.0,0.5,1.0,0.9,0.0,0.0
control,512,0.0,0.0,0.5,1.0,0.96,0.0,0.0
control,513,0.0,0.0,0.5,1.0,0.86,0.0,0.0
control,514,0.0,0.0,0.5,1.0,0.84,0.0,0.0
control,515,-5.0,0.0,0.5,0.992,0.9,-0.07613508191678639,0.09
control,516,0.0,0.0,0.5,1.0,0.88,0.0,0.0
control,517,-5.0,0.0,0.5,0.992,0.86,-0.07613508191678639,0.33
control,518,-5.0,0.0,0.5,0.992,0.92,-0.07613508191678639,0.1
control,519,-5.0,0.0,0.5,0.992,0.9,-0.07613508191678639,0.18
control,520,0.0,0.0,0.5,1.0,0.84,0.0,0.0
control,521,0.0,0.0,0.5,1.0,0.88,0.0,0.0
control,522,-5.0,0.0,0.5,0.992,0.82,-0.07613508191678639,0.37
control,523,-5.0,0.0,0.5,0.992,0.92,-0.07613508191678639,0.32
control,524,-15.0,0.0,0.5,0.976,0.74,-0.22840524575035917,0.75
control,525,0.0,0.0,0.5,1.0,0.92,0.0,0.0
control,526,-10.0,0.0,0.5,0.9840000000000001,0.8,-0.15227016383357278,0.83
control,527,-5.0,0.0,0.5,0.992,0.88,-0.07613508191678639,0.34
control,528,-10.0,0.0,0.5,0.9840000000000001,0.84,-0.15227016383357278,0.57
control,529,0.0,0.0,0.5,1.0,0.86,0.0,0.0
control,530,0.0,0.0,0.5,1.0,0.92,0.0,0.0
control,531,-10.0,0.0,0.5,0.9840000000000001,0.8,-0.15227016383357278,0.88
control,532,-15.0,0.0,0.5,0.976,0.86,-0.22840524575035917,0.48
control,533,0.0,0.0,0.5,1.0,0.74,0.0,0.0
control,534,0.0,0.0,0.5,1.0,0.94,0.0,0.0
control,535,0.0,0.0,0.5,1.0,0.88,0.0,0.0
control,536,-10.0,0.0,0.5,0.9840000000000001,0.88,-0.15227016383357278,0.12
control,537,-15.0,0.0,0.5,0.9760000000000001,0.84,-0.22840524575035917,0.72
control,538,0.0,0.0,0.5,1.0,0.88,0.0,0.0
control,539,0.0,0.0,0.5,1.0,0.86,0.0,0.0
control,540,-5.0,0.0,0.5,0.992,0.82,-0.07613508191678639,0.19
control,541,0.0,0.0,0.5,1.0,0.82,0.0,0.0
control,542,0.0,0.0,0.5,1.0,0.88,0.0,0.0
control,543,-5.0,0.0,0.5,0.992,0.88,-0.07613508191678639,0.34
control,544,-15.0,0.0,0.5,0.9760000000000001,0.86,-0.22840524575035917,0.65
control,545,0.0,0.0,0.5,1.0,0.86,0.0,0.0
control,546,-5.0,0.0,0.5,0.992,0.9,-0.07613508191678639,0.14
control,547,-5.0,0.0,0.5,0.992,0.74,-0.07613508191678639,0.33
control,548,-15.0,0.0,0.5,0.976,0.82,-0.22840524575035917,1.09
control,549,0.0,0.0,0.5,1.0,0.86,0.0,0.0
control,550,-10.0,0.0,0.5,0.9840000000000001,0.78,-0.15227016383357278,0.67
control,551,-5.0,0.0,0.5,0.992,0.86,-0.07613508191678639,0.01
control,552,0.0,0.0,0.5,1.0,0.88,0.0,0.0
control,553,0.0,0.0,0.5,1.0,0.86,0.0,0.0
control,554,-5.0,0.0,0.5,0.992,0.92,-0.07613508191678639,0.47
control,555,-5.0,0.0,0.5,0.992,0.8,-0.07613508191678639,0.4
control,556,0.0,0.0,0.5,1.0,0.84,0.0,0.0
control,557,0.0,0.0,0.5,1.0,0.88,0.0,0.0
control,558,-5.0,0.0,0.5,0.992,0.86,-0.07613508191678639,0.37
control,559,-25.0,1.0,0.5,0.992,0.76,-0.42215970008255527,1.44
control,560,0.0,0.0,0.5,1.0,0.8,0.0,0.0
control,561,0.0,0.0,0.5,1.0,0.92,0.0,0.0
control,562,-25.0,1.0,0.5,0.992,0.76,-0.42215970008255527,0.87
control,563,-10.0,0.0,0.5,0.9840000000000001,0.8,-0.15227016383357278,0.15
control,564,-10.0,0.0,0.5,0.9840000000000001,0.68,-0.15227016383357278,0.67
control,565,-15.0,0.0,0.5,0.976,0.82,-0.22840524575035917,0.89
control,566,-5.0,0.0,0.5,0.992,0.78,-0.07613508191678639,0.29
control,567,-5.0,0.0,0.5,0.992,0.82,-0.07613508191678639,0.04
control,568,0.0,0.0,0.5,1.0,0.88,0.0,0.0
control,569,-5.0,0.0,0.5,0.992,0.84,-0.07613508191678639,0.35
control,570,0.0,0.0,0.5,1.0,0.8,0.0,0.0
control,571,0.0,0.0,0.5,1.0,0.88,0.0,0.0
control,572,0.0,0.0,0.5,1.0,0.86,0.0,0.0
control,573,-5.0,0.0,0.5,0.992,0.86,-0.07613508191678639,0.35
control,574,-5.0,0.0,0.5,0.992,0.9,-0.07613508191678639,0.14
control,575,0.0,0.0,0.5,1.0,0.84,0.0,0.0
control,576,0.0,0.0,0.5,1.0,0.86,0.0,0.0
control,577,-5.0,0.0,0.5,0.992,0.88,-0.07613508191678639,0.22
control,578,-10.0,0.0,0.5,0.9840000000000001,0.82,-0.15227016383357278,0.18
control,579,0.0,0.0,0.5,1.0,0.84,0.0,0.0
control,580,-5.0,0.0,0.5,0.992,0.78,-0.07613508191678639,0.3
control,581,-10.0,0.0,0.5,0.9840000000000001,0.84,-0.15227016383357278,0.81
control,582,-20.0,1.0,0.5,1.0,0.82,-0.34602461816576885,0.28
control,583,0.0,0.0,0.5,1.0,0.86,0.0,0.0
control,584,0.0,0.0,0.5,1.0,0.92,0.0,0.0
control,585,0.0,0.0,0.5,1.0,0.76,0.0,0.0
control,586,-10.0,0.0,0.5,0.9840000000000001,0.86,-0.15227016383357278,0.84
control,587,-5.0,0.0,0.5,0.992,0.88,-0.07613508191678639,0.18
control,588,-5.0,0.0,0.5,0.992,0.84,-0.07613508191678639,0.23
control,589,0.0,0.0,0.5,1.0,0.84,0.0,0.0
control,590,-5.0,0.0,0.5,0.992,0.86,-0.07613508191678639,0.19
control,591,-5.0,0.0,0.5,0.992,0.88,-0.07613508191678639,0.23
control,592,-10.0,0.0,0.5,0.9840000000000001,0.84,-0.15227016383357278,0.7
control,593,0.0,0.0,0.5,1.0,0.94,0.0,0.0
control,594,0.0,0.0,0.5,1.0,0.9,0.0,0.0
control,595,0.0,0.0,0.5,1.0,0.96,0.0,0.0
control,596,-10.0,0.0,0.5,0.9840000000000001,0.84,-0.15227016383357278,0.33
control,597,-5.0,0.0,0.5,0.992,0.8,-0.07613508191678639,0.26
control,598,0.0,0.0,0.5,1.0,0.88,0.0,0.0
control,599,-10.0,0.0,0.5,0.9840000000000001,0.82,-0.15227016383357278,0.08
control,600,0.0,0.0,0.5,1.0,0.92,0.0,0.0
control,601,-10.0,0.0,0.5,0.9840000000000001,0.74,-0.15227016383357278,0.77
control,602,0.0,0.0,0.5,1.0,0.9,0.0,0.0
control,603,-10.0,0.0,0.5,0.9840000000000001,0.8,-0.15227016383357278,0.67
control,604,-5.0,0.0,0.5,0.992,0.9,-0.07613508191678639,0.18
control,605,-20.0,0.0,0.5,0.968,0.76,-0.30454032766714556,1.08
control,606,0.0,0.0,0.5,1.0,0.94,0.0,0.0
control,607,-5.0,0.0,0.5,0.992,0.84,-0.07613508191678639,0.21
control,608,0.0,0.0,0.5,1.0,0.92,0.0,0.0
control,609,0.0,0.0,0.5,1.0,0.94,0.0,0.0
control,610,-5.0,0.0,0.5,0.992,0.86,-0.07613508191678639,0.15
control,611,-10.0,0.0,0.5,0.9840000000000001,0.82,-0.15227016383357278,0.27
control,612,0.0,0.0,0.5,1.0,0.84,0.0,0.0
control,613,0.0,0.0,0.5,1.0,0.94,0.0,0.0
control,614,0.0,0.0,0.5,1.0,0.84,0.0,0.0
control,615,-5.0,0.0,0.5,0.992,0.9,-0.07613508191678639,0.09
control,616,-20.0,0.0,0.5,0.968,0.8,-0.30454032766714556,1.72
control,617,-5.0,0.0,0.5,0.992,0.82,-0.07613508191678639,0.37
control,618,-5.0,0.0,0.5,0.992,0.82,-0.07613508191678639,0.27
control,619,-5.0,0.0,0.5,0.992,0.84,-0.07613508191678639,0.06
control,620,0.0,0.0,0.5,1.0,0.92,0.0,0.0
control,621,0.0,0.0,0.5,1.0,0.84,0.0,0.0
control,622,-10.0,0.0,0.5,0.9840000000000001,0.8,-0.15227016383357278,0.59
control,623,-30.0,1.0,0.5,0.9840000000000001,0.78,-0.49829478199934163,1.02
control,624,0.0,0.0,0.5,1.0,0.94,0.0,0.0
control,625,0.0,0.0,0.5,1.0,0.8,0.0,0.0
control,626,-10.0,0.0,0.5,0.9840000000000001,0.86,-0.15227016383357278,0.15
control,627,-10.0,0.0,0.5,0.9840000000000001,0.82,-0.15227016383357278,0.26
control,628,-10.0,0.0,0.5,0.9840000000000001,0.82,-0.15227016383357278,0.46
control,629,-10.0,0.0,0.5,0.9840000000000001,0.78,-0.15227016383357278,0.6
control,630,0.0,0.0,0.5,1.0,0.9,0.0,0.0
control,631,-5.0,0.0,0.5,0.992,0.84,-0.07613508191678639,0.36
control,632,-5.0,0.0,0.5,0.992,0.94,-0.07613508191678639,0.34
control,633,0.0,0.0,0.5,1.0,0.84,0.0,0.0
control,634,0.0,0.0,0.5,1.0,0.86,0.0,0.0
control,635,0.0,0.0,0.5,1.0,0.76,0.0,0.0
control,636,0.0,0.0,0.5,1.0,0.86,0.0,0.0
control,637,0.0,0.0,0.5,1.0,0.88,0.0,0.0
control,638,-5.0,0.0,0.5,0.992,0.92,-0.07613508191678639,0.23
control,639,0.0,0.0,0.5,1.0,0.9,0.0,0.0
control,640,-10.0,0.0,0.5,0.9840000000000001,0.84,-0.15227016383357278,0.55
control,641,0.0,0.0,0.5,1.0,0.92,0.0,0.0
control,642,-5.0,0.0,0.5,0.992,0.88,-0.07613508191678639,0.24
control,643,-5.0,0.0,0.5,0.992,0.88,-0.07613508191678639,0.08
control,644,0.0,0.0,0.5,1.0,0.86,0.0,0.0
control,645,0.0,0.0,0.5,1.0,0.88,0.0,0.0
control,646,0.0,0.0,0.5,1.0,0.92,0.0,0.0
control,647,0.0,0.0,0.5,1.0,0.8,0.0,0.0
control,648,0.0,0.0,0.5,1.0,0.88,0.0,0.0
control,649,-5.0,0.0,0.5,0.992,0.86,-0.07613508191678639,0.23
control,650,0.0,0.0,0.5,1.0,0.88,0.0,0.0
control,651,-40.0,2.0,0.5,1.0,0.78,-0.6920492363315377,1.68
control,652,-5.0,0.0,0.5,0.992,0.84,-0.07613508191678639,0.45
control,653,0.0,0.0,0.5,1.0,0.88,0.0,0.0
control,654,0.0,0.0,0.5,1.0,0.8,0.0,0.0
control,655,-5.0,0.0,0.5,0.992,0.82,-0.07613508191678639,0.3
control,656,-10.0,0.0,0.5,0.9840000000000001,0.86,-0.15227016383357278,0.25
control,657,-5.0,0.0,0.5,0.992,0.82,-0.07613508191678639,0.41
control,658,-5.0,0.0,0.5,0.992,0.9,-0.07613508191678639,0.09
control,659,-5.0,0.0,0.5,0.992,0.8,-0.07613508191678639,0.45
control,660,0.0,0.0,0.5,1.0,0.84,0.0,0.0
control,661,0.0,0.0,0.5,1.0,0.8,0.0,0.0
control,662,0.0,0.0,0.5,1.0,0.86,0.0,0.0
control,663,0.0,0.0,0.5,1.0,0.84,0.0,0.0
control,664,-5.0,0.0,0.5,0.992,0.86,-0.07613508191678639,0.34
control,665,-20.0,0.0,0.5,0.9680000000000001,0.8,-0.30454032766714556,1.41
control,666,0.0,0.0,0.5,1.0,0.9,0.0,0.0
control,667,0.0,0.0,0.5,1.0,0.92,0.0,0.0
control,668,-5.0,0.0,0.5,0.992,0.82,-0.07613508191678639,0.11
control,669,0.0,0.0,0.5,1.0,0.8,0.0,0.0
control,670,0.0,0.0,0.5,1.0,0.88,0.0,0.0
control,671,0.0,0.0,0.5,1.0,0.9,0.0,0.0
control,672,0.0,0.0,0.5,1.0,0.82,0.0,0.0
control,673,0.0,0.0,0.5,1.0,0.82,0.0,0.0
control,674,0.0,0.0,0.5,1.0,0.94,0.0,0.0
control,675,-20.0,1.0,0.5,1.0,0.84,-0.34602461816576885,0.76
control,676,0.0,0.0,0.5,1.0,0.94,0.0,0.0
control,677,0.0,0.0,0.5,1.0,0.76,0.0,0.0
control,678,-5.0,0.0,0.5,0.992,0.78,-0.07613508191678639,0.07
control,679,-5.0,0.0,0.5,0.992,0.84,-0.07613508191678639,0.12
control,680,0.0,0.0,0.5,1.0,0.84,0.0,0.0
control,681,-15.0,0.0,0.5,0.976,0.9,-0.22840524575035917,0.81
control,682,0.0,0.0,0.5,1.0,0.88,0.0,0.0
control,683,0.0,0.0,0.5,1.0,0.88,0.0,0.0
control,684,0.0,0.0,0.5,1.0,0.86,0.0,0.0
control,685,0.0,0.0,0.5,1.0,0.88,0.0,0.0
control,686,-20.0,1.0,0.5,1.0,0.76,-0.34602461816576885,0.12
control,687,-20.0,1.0,0.5,1.0,0.88,-0.34602461816576885,0.24
control,688,0.0,0.0,0.5,1.0,0.84,0.0,0.0
control,689,-5.0,0.0,0.5,0.992,0.86,-0.07613508191678639,0.23
control,690,0.0,0.0,0.5,1.0,0.84,0.0,0.0
control,691,0.0,0.0,0.5,1.0,0.88,0.0,0.0
control,692,-20.0,0.0,0.5,0.968,0.82,-0.30454032766714556,1.62
control,693,0.0,0.0,0.5,1.0,0.9,0.0,0.0
control,694,-5.0,0.0,0.5,0.992,0.76,-0.07613508191678639,0.22
control,695,0.0,0.0,0.5,1.0,0.94,0.0,0.0
control,696,-10.0,0.0,0.5,0.9840000000000001,0.78,-0.15227016383357278,0.68
control,697,-5.0,0.0,0.5,0.992,0.8,-0.07613508191678639,0.11
control,698,0.0,0.0,0.5,1.0,0.9,0.0,0.0
control,699,0.0,0.0,0.5,1.0,0.94,0.0,0.0
control,700,-15.0,0.0,0.5,0.976,0.72,-0.22840524575035917,0.77
control,701,-30.0,1.0,0.5,0.9840000000000001,0.72,-0.49829478199934163,2.2
control,702,-5.0,0.0,0.5,0.992,0.88,-0.07613508191678639,0.18
control,703,0.0,0.0,0.5,1.0,0.86,0.0,0.0
control,704,0.0,0.0,0.5,1.0,0.9,0.0,0.0
control,705,-5.0,0.0,0.5,0.992,0.88,-0.07613508191678639,0.18
control,706,0.0,0.0,0.5,1.0,0.82,0.0,0.0
control,707,-5.0,0.0,0.5,0.992,0.86,-0.07613508191678639,0.38
control,708,0.0,0.0,0.5,1.0,0.8,0.0,0.0
control,709,-5.0,0.0,0.5,0.992,0.88,-0.07613508191678639,0.4
control,710,-15.0,0.0,0.5,0.9760000000000001,0.9,-0.22840524575035917,0.4
control,711,-10.0,0.0,0.5,0.9840000000000001,0.86,-0.15227016383357278,0.32
control,712,-5.0,0.0,0.5,0.992,0.92,-0.07613508191678639,0.27
control,713,0.0,0.0,0.5,1.0,0.94,0.0,0.0
control,714,0.0,0.0,0.5,1.0,0.92,0.0,0.0
control,715,-5.0,0.0,0.5,0.992,0.82,-0.07613508191678639,0.06
control,716,0.0,0.0,0.5,1.0,0.86,0.0,0.0
control,717,0.0,0.0,0.5,1.0,0.8,0.0,0.0
control,718,-5.0,0.0,0.5,0.992,0.8,-0.07613508191678639,0.35
control,719,-5.0,0.0,0.5,0.992,0.82,-0.07613508191678639,0.2
control,720,-10.0,0.0,0.5,0.9840000000000001,0.72,-0.15227016383357278,0.82
control,721,0.0,0.0,0.5,1.0,0.86,0.0,0.0
control,722,-10.0,0.0,0.5,0.9840000000000001,0.88,-0.15227016383357278,0.58
control,723,-5.0,0.0,0.5,0.992,0.84,-0.07613508191678639,0.1
control,724,0.0,0.0,0.5,1.0,0.84,0.0,0.0
control,725,-5.0,0.0,0.5,0.992,0.84,-0.07613508191678639,0.17
control,726,-15.0,0.0,0.5,0.976,0.86,-0.22840524575035917,0.61
control,727,-10.0,0.0,0.5,0.9840000000000001,0.84,-0.15227016383357278,0.36
control,728,0.0,0.0,0.5,1.0,0.92,0.0,0.0
control,729,-10.0,0.0,0.5,0.9840000000000001,0.8,-0.15227016383357278,0.63
control,730,-10.0,0.0,0.5,0.9840000000000001,0.9,-0.15227016383357278,0.49
control,731,-5.0,0.0,0.5,0.992,0.84,-0.07613508191678639,0.45
control,732,-20.0,0.0,0.5,0.968,0.82,-0.30454032766714556,0.94
control,733,0.0,0.0,0.5,1.0,0.76,0.0,0.0
control,734,0.0,0.0,0.5,1.0,0.84,0.0,0.0
control,735,-5.0,0.0,0.5,0.992,0.84,-0.07613508191678639,0.38
control,736,0.0,0.0,0.5,1.0,0.86,0.0,0.0
control,737,0.0,0.0,0.5,1.0,0.9,0.0,0.0
control,738,0.0,0.0,0.5,1.0,0.88,0.0,0.0
control,739,-10.0,0.0,0.5,0.9840000000000001,0.8,-0.15227016383357278,0.63
control,740,0.0,0.0,0.5,1.0,0.88,0.0,0.0
control,741,0.0,0.0,0.5,1.0,0.92,0.0,0.0
control,742,0.0,0.0,0.5,1.0,0.84,0.0,0.0
control,743,0.0,0.0,0.5,1.0,0.78,0.0,0.0
control,744,0.0,0.0,0.5,1.0,0.84,0.0,0.0
control,745,-10.0,0.0,0.5,0.9840000000000001,0.8,-0.15227016383357278,0.78
control,746,0.0,0.0,0.5,1.0,0.88,0.0,0.0
control,747,-5.0,0.0,0.5,0.992,0.86,-0.07613508191678639,0.34
control,748,0.0,0.0,0.5,1.0,0.9,0.0,0.0
control,749,-5.0,0.0,0.5,0.992,0.76,-0.07613508191678639,0.47
control,750,0.0,0.0,0.5,1.0,0.86,0.0,0.0
control,751,-25.0,1.0,0.5,0.992,0.8,-0.42215970008255527,1.12
control,752,-5.0,0.0,0.5,0.992,0.88,-0.07613508191678639,0.39
control,753,-10.0,0.0,0.5,0.9840000000000001,0.8,-0.15227016383357278,0.84
control,754,-5.0,0.0,0.5,0.992,0.88,-0.07613508191678639,0.33
control,755,-10.0,0.0,0.5,0.9840000000000001,0.84,-0.15227016383357278,0.65
control,756,0.0,0.0,0.5,1.0,0.74,0.0,0.0
control,757,0.0,0.0,0.5,1.0,0.86,0.0,0.0
control,758,0.0,0.0,0.5,1.0,0.76,0.0,0.0
control,759,-10.0,0.0,0.5,0.9840000000000001,0.88,-0.15227016383357278,0.49
control,760,-5.0,0.0,0.5,0.992,0.86,-0.07613508191678639,0.43
control,761,0.0,0.0,0.5,1.0,0.9,0.0,0.0
control,762,0.0,0.0,0.5,1.0,0.88,0.0,0.0
control,763,-10.0,0.0,0.5,0.9840000000000001,0.84,-0.15227016383357278,0.38
control,764,-5.0,0.0,0.5,0.992,0.88,-0.07613508191678639,0.22
control,765,-10.0,0.0,0.5,0.9840000000000001,0.84,-0.15227016383357278,0.24
control,766,-15.0,0.0,0.5,0.976,0.8,-0.22840524575035917,0.81
control,767,0.0,0.0,0.5,1.0,0.86,0.0,0.0
control,768,0.0,0.0,0.5,1.0,0.86,0.0,0.0
control,769,0.0,0.0,0.5,1.0,0.86,0.0,0.0
control,770,0.0,0.0,0.5,1.0,0.84,0.0,0.0
control,771,-20.0,0.0,0.5,0.968,0.76,-0.30454032766714556,1.03
control,772,0.0,0.0,0.5,1.0,0.92,0.0,0.0
control,773,0.0,0.0,0.5,1.0,0.88,0.0,0.0
control,774,0.0,0.0,0.5,1.0,0.82,0.0,0.0
control,775,0.0,0.0,0.5,1.0,0.9,0.0,0.0
control,776,-20.0,1.0,0.5,1.0,0.8,-0.34602461816576885,0.32
control,777,-5.0,0.0,0.5,0.992,0.84,-0.07613508191678639,0.21
control,778,-15.0,0.0,0.5,0.976,0.84,-0.22840524575035917,1.24
control,779,0.0,0.0,0.5,1.0,0.86,0.0,0.0
control,780,0.0,0.0,0.5,1.0,0.96,0.0,0.0
control,781,-5.0,0.0,0.5,0.992,0.86,-0.07613508191678639,0.27
control,782,0.0,0.0,0.5,1.0,0.78,0.0,0.0
control,783,0.0,0.0,0.5,1.0,0.88,0.0,0.0
control,784,0.0,0.0,0.5,1.0,0.88,0.0,0.0
control,785,-10.0,0.0,0.5,0.9840000000000001,0.94,-0.15227016383357278,0.67
control,786,0.0,0.0,0.5,1.0,0.88,0.0,0.0
control,787,-20.0,0.0,0.5,0.968,0.78,-0.30454032766714556,0.58
control,788,-5.0,0.0,0.5,0.992,0.84,-0.07613508191678639,0.03
control,789,-5.0,0.0,0.5,0.992,0.86,-0.07613508191678639,0.23
control,790,0.0,0.0,0.5,1.0,0.86,0.0,0.0
control,791,-10.0,0.0,0.5,0.9840000000000001,0.88,-0.15227016383357278,0.16
control,792,0.0,0.0,0.5,1.0,0.8,0.0,0.0
control,793,0.0,0.0,0.5,1.0,0.86,0.0,0.0
control,794,-5.0,0.0,0.5,0.992,0.88,-0.07613508191678639,0.18
control,795,0.0,0.0,0.5,1.0,0.9,0.0,0.0
control,796,0.0,0.0,0.5,1.0,0.9,0.0,0.0
control,797,-15.0,0.0,0.5,0.976,0.78,-0.22840524575035917,0.77
control,798,0.0,0.0,0.5,1.0,0.9,0.0,0.0
control,799,-10.0,0.0,0.5,0.9840000000000001,0.86,-0.15227016383357278,0.33
control,800,-45.0,2.0,0.5,0.992,0.84,-0.768184318248324,2.46
control,801,0.0,0.0,0.5,1.0,0.94,0.0,0.0
control,802,-15.0,0.0,0.5,0.976,0.84,-0.22840524575035917,1.15
control,803,-10.0,0.0,0.5,0.9840000000000001,0.7,-0.15227016383357278,0.7
control,804,0.0,0.0,0.5,1.0,0.88,0.0,0.0
control,805,-10.0,0.0,0.5,0.9840000000000001,0.82,-0.15227016383357278,0.1
control,806,-5.0,0.0,0.5,0.992,0.8,-0.07613508191678639,0.31
control,807,0.0,0.0,0.5,1.0,0.82,0.0,0.0
control,808,-5.0,0.0,0.5,0.992,0.82,-0.07613508191678639,0.37
control,809,0.0,0.0,0.5,1.0,0.92,0.0,0.0
control,810,0.0,0.0,0.5,1.0,0.82,0.0,0.0
control,811,0.0,0.0,0.5,1.0,0.78,0.0,0.0
control,812,0.0,0.0,0.5,1.0,0.82,0.0,0.0
control,813,-15.0,0.0,0.5,0.976,0.8,-0.22840524575035917,0.97
control,814,-5.0,0.0,0.5,0.992,0.82,-0.07613508191678639,0.1
control,815,0.0,0.0,0.5,1.0,0.9,0.0,0.0
control,816,-10.0,0.0,0.5,0.9840000000000001,0.84,-0.15227016383357278,0.43
control,817,-10.0,0.0,0.5,0.9840000000000001,0.82,-0.15227016383357278,0.63
control,818,-5.0,0.0,0.5,0.992,0.86,-0.07613508191678639,0.08
control,819,0.0,0.0,0.5,1.0,0.86,0.0,0.0
control,820,-10.0,0.0,0.5,0.9840000000000001,0.82,-0.15227016383357278,0.37
control,821,-5.0,0.0,0.5,0.992,0.84,-0.07613508191678639,0.2
control,822,-5.0,0.0,0.5,0.992,0.88,-0.07613508191678639,0.26
control,823,0.0,0.0,0.5,1.0,0.88,0.0,0.0
control,824,-20.0,0.0,0.5,0.968,0.84,-0.30454032766714556,1.48
control,825,-5.0,0.0,0.5,0.992,0.8,-0.07613508191678639,0.4
control,826,-5.0,0.0,0.5,0.992,0.8,-0.07613508191678639,0.38
control,827,-5.0,0.0,0.5,0.992,0.88,-0.07613508191678639,0.19
control,828,0.0,0.0,0.5,1.0,0.98,0.0,0.0
control,829,0.0,0.0,0.5,1.0,0.88,0.0,0.0
control,830,0.0,0.0,0.5,1.0,0.82,0.0,0.0
control,831,0.0,0.0,0.5,1.0,0.84,0.0,0.0
control,832,0.0,0.0,0.5,1.0,0.82,0.0,0.0
control,833,0.0,0.0,0.5,1.0,0.88,0.0,0.0
control,834,0.0,0.0,0.5,1.0,0.84,0.0,0.0
control,835,0.0,0.0,0.5,1.0,0.92,0.0,0.0
control,836,0.0,0.0,0.5,1.0,0.92,0.0,0.0
control,837,-10.0,0.0,0.5,0.9840000000000001,0.72,-0.15227016383357278,0.18
control,838,0.0,0.0,0.5,1.0,0.94,0.0,0.0
control,839,0.0,0.0,0.5,1.0,0.8,0.0,0.0
control,840,0.0,0.0,0.5,1.0,0.84,0.0,0.0
control,841,-5.0,0.0,0.5,0.992,0.86,-0.07613508191678639,0.04
control,842,0.0,0.0,0.5,1.0,0.9,0.0,0.0
control,843,0.0,0.0,0.5,1.0,0.8,0.0,0.0
control,844,0.0,0.0,0.5,1.0,0.76,0.0,0.0
control,845,-5.0,0.0,0.5,0.992,0.84,-0.07613508191678639,0.34
control,846,0.0,0.0,0.5,1.0,0.84,0.0,0.0
control,847,-10.0,0.0,0.5,0.9840000000000001,0.82,-0.15227016383357278,0.16
control,848,0.0,0.0,0.5,1.0,0.88,0.0,0.0
control,849,-10.0,0.0,0.5,0.9840000000000001,0.94,-0.15227016383357278,0.2
control,850,-15.0,0.0,0.5,0.976,0.84,-0.22840524575035917,0.81
control,851,-5.0,0.0,0.5,0.992,0.9,-0.07613508191678639,0.33
control,852,0.0,0.0,0.5,1.0,0.86,0.0,0.0
control,853,-5.0,0.0,0.5,0.992,0.84,-0.07613508191678639,0.3
control,854,-10.0,0.0,0.5,0.9840000000000001,0.82,-0.15227016383357278,0.63
control,855,-10.0,0.0,0.5,0.9840000000000001,0.88,-0.15227016383357278,0.66
control,856,0.0,0.0,0.5,1.0,0.78,0.0,0.0
control,857,-5.0,0.0,0.5,0.992,0.76,-0.07613508191678639,0.06
control,858,0.0,0.0,0.5,1.0,0.88,0.0,0.0
control,859,0.0,0.0,0.5,1.0,0.8,0.0,0.0
control,860,-25.0,1.0,0.5,0.992,0.82,-0.42215970008255527,0.32
control,861,-10.0,0.0,0.5,0.9840000000000001,0.82,-0.15227016383357278,0.6
control,862,0.0,0.0,0.5,1.0,0.94,0.0,0.0
control,863,-5.0,0.0,0.5,0.992,0.76,-0.07613508191678639,0.29
control,864,-5.0,0.0,0.5,0.992,0.84,-0.07613508191678639,0.02
control,865,-20.0,1.0,0.5,1.0,0.84,-0.34602461816576885,0.64
control,866,-5.0,0.0,0.5,0.992,0.86,-0.07613508191678639,0.17
control,867,-5.0,0.0,0.5,0.992,0.86,-0.07613508191678639,0.01
control,868,-5.0,0.0,0.5,0.992,0.86,-0.07613508191678639,0.3
control,869,-5.0,0.0,0.5,0.992,0.84,-0.07613508191678639,0.43
control,870,0.0,0.0,0.5,1.0,0.86,0.0,0.0
control,871,0.0,0.0,0.5,1.0,0.82,0.0,0.0
control,872,0.0,0.0,0.5,1.0,0.9,0.0,0.0
control,873,0.0,0.0,0.5,1.0,0.86,0.0,0.0
control,874,-5.0,0.0,0.5,0.992,0.78,-0.07613508191678639,0.36
control,875,-10.0,0.0,0.5,0.9840000000000001,0.86,-0.15227016383357278,0.32
control,876,0.0,0.0,0.5,1.0,0.88,0.0,0.0
control,877,-5.0,0.0,0.5,0.992,0.92,-0.07613508191678639,0.19
control,878,0.0,0.0,0.5,1.0,0.86,0.0,0.0
control,879,-15.0,0.0,0.5,0.976,0.78,-0.22840524575035917,0.83
control,880,-5.0,0.0,0.5,0.992,0.86,-0.07613508191678639,0.47
control,881,-5.0,0.0,0.5,0.992,0.86,-0.07613508191678639,0.03
control,882,0.0,0.0,0.5,1.0,0.86,0.0,0.0
control,883,-5.0,0.0,0.5,0.992,0.8,-0.07613508191678639,0.4
control,884,0.0,0.0,0.5,1.0,0.92,0.0,0.0
control,885,-15.0,0.0,0.5,0.976,0.78,-0.22840524575035917,0.77
control,886,-10.0,0.0,0.5,0.9840000000000001,0.78,-0.15227016383357278,0.28
control,887,0.0,0.0,0.5,1.0,0.88,0.0,0.0
control,888,-5.0,0.0,0.5,0.992,0.82,-0.07613508191678639,0.34
control,889,0.0,0.0,0.5,1.0,0.9,0.0,0.0
control,890,-10.0,0.0,0.5,0.9840000000000001,0.86,-0.15227016383357278,0.32
control,891,0.0,0.0,0.5,1.0,0.9,0.0,0.0
control,892,-15.0,0.0,0.5,0.976,0.86,-0.22840524575035917,0.78
control,893,0.0,0.0,0.5,1.0,0.88,0.0,0.0
control,894,-15.0,0.0,0.5,0.976,0.86,-0.22840524575035917,0.79
control,895,0.0,0.0,0.5,1.0,0.82,0.0,0.0
control,896,0.0,0.0,0.5,1.0,0.88,0.0,0.0
control,897,0.0,0.0,0.5,1.0,0.88,0.0,0.0
control,898,-5.0,0.0,0.5,0.992,0.8,-0.07613508191678639,0.29
control,899,-5.0,0.0,0.5,0.992,0.82,-0.07613508191678639,0.23
control,900,-10.0,0.0,0.5,0.9840000000000001,0.82,-0.15227016383357278,0.59
control,901,-10.0,0.0,0.5,0.9840000000000001,0.88,-0.15227016383357278,0.19
control,902,0.0,0.0,0.5,1.0,0.96,0.0,0.0
control,903,-15.0,0.0,0.5,0.976,0.82,-0.22840524575035917,0.79
control,904,-15.0,0.0,0.5,0.9760000000000001,0.8,-0.22840524575035917,0.59
control,905,-10.0,0.0,0.5,0.9840000000000001,0.92,-0.15227016383357278,0.4
control,906,0.0,0.0,0.5,1.0,0.88,0.0,0.0
control,907,-20.0,1.0,0.5,1.0,0.78,-0.34602461816576885,0.2
control,908,-5.0,0.0,0.5,0.992,0.84,-0.07613508191678639,0.17
control,909,0.0,0.0,0.5,1.0,0.9,0.0,0.0
control,910,0.0,0.0,0.5,1.0,0.86,0.0,0.0
control,911,0.0,0.0,0.5,1.0,0.94,0.0,0.0
control,912,-5.0,0.0,0.5,0.992,0.8,-0.07613508191678639,0.21
control,913,-15.0,0.0,0.5,0.976,0.82,-0.22840524575035917,0.94
control,914,-5.0,0.0,0.5,0.992,0.84,-0.07613508191678639,0.46
control,915,-20.0,1.0,0.5,1.0,0.78,-0.34602461816576885,0.64
control,916,0.0,0.0,0.5,1.0,0.92,0.0,0.0
control,917,0.0,0.0,0.5,1.0,0.84,0.0,0.0
control,918,-15.0,0.0,0.5,0.976,0.9,-0.22840524575035917,0.31
control,919,-5.0,0.0,0.5,0.992,0.86,-0.07613508191678639,0.26
control,920,0.0,0.0,0.5,1.0,0.88,0.0,0.0
control,921,-15.0,0.0,0.5,0.976,0.8,-0.22840524575035917,0.86
control,922,-20.0,1.0,0.5,1.0,0.76,-0.34602461816576885,0.8
control,923,-20.0,0.0,0.5,0.9680000000000001,0.84,-0.30454032766714556,1.17
control,924,-5.0,0.0,0.5,0.992,0.84,-0.07613508191678639,0.26
control,925,-30.0,0.0,0.5,0.9519999999999998,0.7,-0.45681049150071834,1.4
control,926,0.0,0.0,0.5,1.0,0.78,0.0,0.0
control,927,0.0,0.0,0.5,1.0,0.96,0.0,0.0
control,928,0.0,0.0,0.5,1.0,0.82,0.0,0.0
control,929,0.0,0.0,0.5,1.0,0.82,0.0,0.0
control,930,0.0,0.0,0.5,1.0,0.86,0.0,0.0
control,931,0.0,0.0,0.5,1.0,0.88,0.0,0.0
control,932,-5.0,0.0,0.5,0.992,0.72,-0.07613508191678639,0.41
control,933,-15.0,0.0,0.5,0.976,0.84,-0.22840524575035917,1.18
control,934,-5.0,0.0,0.5,0.992,0.84,-0.07613508191678639,0.43
control,935,0.0,0.0,0.5,1.0,0.9,0.0,0.0
control,936,0.0,0.0,0.5,1.0,0.9,0.0,0.0
control,937,0.0,0.0,0.5,1.0,0.8,0.0,0.0
control,938,0.0,0.0,0.5,1.0,0.8,0.0,0.0
control,939,-5.0,0.0,0.5,0.992,0.84,-0.07613508191678639,0.31
control,940,-5.0,0.0,0.5,0.992,0.74,-0.07613508191678639,0.45
control,941,-20.0,0.0,0.5,0.968,0.74,-0.30454032766714556,0.9
control,942,-5.0,0.0,0.5,0.992,0.78,-0.07613508191678639,0.46
control,943,-5.0,0.0,0.5,0.992,0.88,-0.07613508191678639,0.25
control,944,0.0,0.0,0.5,1.0,0.92,0.0,0.0
control,945,-5.0,0.0,0.5,0.992,0.82,-0.07613508191678639,0.33
control,946,-15.0,0.0,0.5,0.976,0.84,-0.22840524575035917,0.59
control,947,-5.0,0.0,0.5,0.992,0.86,-0.07613508191678639,0.16
control,948,0.0,0.0,0.5,1.0,0.78,0.0,0.0
control,949,0.0,0.0,0.5,1.0,0.88,0.0,0.0
control,950,0.0,0.0,0.5,1.0,0.88,0.0,0.0
control,951,0.0,0.0,0.5,1.0,0.88,0.0,0.0
control,952,0.0,0.0,0.5,1.0,0.8,0.0,0.0
control,953,-10.0,0.0,0.5,0.9840000000000001,0.82,-0.15227016383357278,0.64
control,954,-5.0,0.0,0.5,0.992,0.84,-0.07613508191678639,0.03
control,955,-5.0,0.0,0.5,0.992,0.82,-0.07613508191678639,0.24
control,956,-5.0,0.0,0.5,0.992,0.82,-0.07613508191678639,0.06
control,957,-5.0,0.0,0.5,0.992,0.9,-0.07613508191678639,0.17
control,958,0.0,0.0,0.5,1.0,0.82,0.0,0.0
control,959,0.0,0.0,0.5,1.0,0.76,0.0,0.0
control,960,-15.0,0.0,0.5,0.976,0.84,-0.22840524575035917,0.87
control,961,-5.0,0.0,0.5,0.992,0.82,-0.07613508191678639,0.31
control,962,-10.0,0.0,0.5,0.9840000000000001,0.82,-0.15227016383357278,0.07
control,963,-5.0,0.0,0.5,0.992,0.82,-0.07613508191678639,0.33
control,964,0.0,0.0,0.5,1.0,0.76,0.0,0.0
control,965,0.0,0.0,0.5,1.0,0.92,0.0,0.0
control,966,0.0,0.0,0.5,1.0,0.86,0.0,0.0
control,967,0.0,0.0,0.5,1.0,0.76,0.0,0.0
control,968,0.0,0.0,0.5,1.0,0.78,0.0,0.0
control,969,0.0,0.0,0.5,1.0,0.84,0.0,0.0
control,970,0.0,0.0,0.5,1.0,0.8,0.0,0.0
control,971,-5.0,0.0,0.5,0.992,0.8,-0.07613508191678639,0.05
control,972,0.0,0.0,0.5,1.0,0.82,0.0,0.0
control,973,0.0,0.0,0.5,1.0,0.92,0.0,0.0
control,974,0.0,0.0,0.5,1.0,0.78,0.0,0.0
control,975,-5.0,0.0,0.5,0.992,0.82,-0.07613508191678639,0.38
control,976,-5.0,0.0,0.5,0.992,0.82,-0.07613508191678639,0.4
control,977,-5.0,0.0,0.5,0.992,0.9,-0.07613508191678639,0.18
control,978,0.0,0.0,0.5,1.0,0.86,0.0,0.0
control,979,-5.0,0.0,0.5,0.992,0.9,-0.07613508191678639,0.09
control,980,-5.0,0.0,0.5,0.992,0.88,-0.07613508191678639,0.27
control,981,0.0,0.0,0.5,1.0,0.96,0.0,0.0
control,982,-5.0,0.0,0.5,0.992,0.86,-0.07613508191678639,0.41
control,983,-5.0,0.0,0.5,0.992,0.84,-0.07613508191678639,0.02
control,984,-5.0,0.0,0.5,0.992,0.92,-0.07613508191678639,0.12
control,985,-10.0,0.0,0.5,0.9840000000000001,0.82,-0.15227016383357278,0.63
control,986,0.0,0.0,0.5,1.0,0.96,0.0,0.0
control,987,0.0,0.0,0.5,1.0,0.92,0.0,0.0
control,988,0.0,0.0,0.5,1.0,0.82,0.0,0.0
control,989,-5.0,0.0,0.5,0.992,0.86,-0.07613508191678639,0.17
control,990,0.0,0.0,0.5,1.0,0.9,0.0,0.0
control,991,0.0,0.0,0.5,1.0,0.88,0.0,0.0
control,992,0.0,0.0,0.5,1.0,0.92,0.0,0.0
control,993,-5.0,0.0,0.5,0.992,0.82,-0.07613508191678639,0.38
control,994,-5.0,0.0,0.5,0.992,0.78,-0.07613508191678639,0.32
control,995,-5.0,0.0,0.5,0.992,0.82,-0.07613508191678639,0.41
control,996,0.0,0.0,0.5,1.0,0.82,0.0,0.0
control,997,-10.0,0.0,0.5,0.9840000000000001,0.86,-0.15227016383357278,0.63
control,998,-10.0,0.0,0.5,0.9840000000000001,0.88,-0.15227016383357278,0.67
control,999,-5.0,0.0,0.5,0.992,0.84,-0.07613508191678639,0.14
control,1000,0.0,0.0,0.5,1.0,0.86,0.0,0.0
control,1001,-5.0,0.0,0.5,0.992,0.88,-0.07613508191678639,0.18
control,1002,-5.0,0.0,0.5,0.992,0.84,-0.07613508191678639,0.07
control,1003,-5.0,0.0,0.5,0.992,0.82,-0.07613508191678639,0.08
control,1004,0.0,0.0,0.5,1.0,0.88,0.0,0.0
control,1005,-10.0,0.0,0.5,0.9840000000000001,0.78,-0.15227016383357278,0.35
control,1006,-5.0,0.0,0.5,0.992,0.92,-0.07613508191678639,0.01
control,1007,-5.0,0.0,0.5,0.992,0.94,-0.07613508191678639,0.11
control,1008,0.0,0.0,0.5,1.0,0.98,0.0,0.0
control,1009,0.0,0.0,0.5,1.0,0.84,0.0,0.0
control,1010,0.0,0.0,0.5,1.0,0.82,0.0,0.0
control,1011,-5.0,0.0,0.5,0.992,0.86,-0.07613508191678639,0.45
control,1012,-25.0,0.0,0.5,0.96,0.84,-0.380675409583932,0.83
control,1013,0.0,0.0,0.5,1.0,0.9,0.0,0.0
control,1014,-5.0,0.0,0.5,0.992,0.92,-0.07613508191678639,0.29
control,1015,-5.0,0.0,0.5,0.992,0.82,-0.07613508191678639,0.38
control,1016,-20.0,0.0,0.5,0.968,0.78,-0.30454032766714556,1.21
control,1017,-5.0,0.0,0.5,0.992,0.9,-0.07613508191678639,0.06
control,1018,0.0,0.0,0.5,1.0,0.86,0.0,0.0
control,1019,0.0,0.0,0.5,1.0,0.8,0.0,0.0
control,1020,0.0,0.0,0.5,1.0,0.8,0.0,0.0
control,1021,0.0,0.0,0.5,1.0,0.86,0.0,0.0
control,1022,0.0,0.0,0.5,1.0,0.9,0.0,0.0
control,1023,-5.0,0.0,0.5,0.992,0.8,-0.07613508191678639,0.12
control,1024,-5.0,0.0,0.5,0.992,0.88,-0.07613508191678639,0.38
control,1025,-15.0,0.0,0.5,0.976,0.84,-0.22840524575035917,1.14
control,1026,0.0,0.0,0.5,1.0,0.9,0.0,0.0
control,1027,-5.0,0.0,0.5,0.992,0.86,-0.07613508191678639,0.4
control,1028,-5.0,0.0,0.5,0.992,0.84,-0.07613508191678639,0.44
control,1029,0.0,0.0,0.5,1.0,0.92,0.0,0.0
control,1030,0.0,0.0,0.5,1.0,0.94,0.0,0.0
control,1031,0.0,0.0,0.5,1.0,0.86,0.0,0.0
control,1032,-5.0,0.0,0.5,0.992,0.84,-0.07613508191678639,0.36
control,1033,-10.0,0.0,0.5,0.9840000000000001,0.84,-0.15227016383357278,0.72
control,1034,0.0,0.0,0.5,1.0,0.84,0.0,0.0
control,1035,-10.0,0.0,0.5,0.9840000000000001,0.9,-0.15227016383357278,0.57
control,1036,-5.0,0.0,0.5,0.992,0.82,-0.07613508191678639,0.09
control,1037,-10.0,0.0,0.5,0.9840000000000001,0.8,-0.15227016383357278,0.51
control,1038,0.0,0.0,0.5,1.0,0.86,0.0,0.0
control,1039,-5.0,0.0,0.5,0.992,0.84,-0.07613508191678639,0.49
control,1040,0.0,0.0,0.5,1.0,0.84,0.0,0.0
control,1041,-10.0,0.0,0.5,0.9840000000000001,0.82,-0.15227016383357278,0.66
control,1042,-5.0,0.0,0.5,0.992,0.78,-0.07613508191678639,0.13
control,1043,-5.0,0.0,0.5,0.992,0.9,-0.07613508191678639,0.04
control,1044,-5.0,0.0,0.5,0.992,0.84,-0.07613508191678639,0.2
control,1045,-10.0,0.0,0.5,0.9840000000000001,0.82,-0.15227016383357278,0.44
control,1046,-5.0,0.0,0.5,0.992,0.88,-0.07613508191678639,0.27
control,1047,-5.0,0.0,0.5,0.992,0.88,-0.07613508191678639,0.25
control,1048,0.0,0.0,0.5,1.0,0.84,0.0,0.0
control,1049,0.0,0.0,0.5,1.0,0.88,0.0,0.0
control,1050,0.0,0.0,0.5,1.0,0.9,0.0,0.0
control,1051,-10.0,0.0,0.5,0.9840000000000001,0.72,-0.15227016383357278,0.5
control,1052,0.0,0.0,0.5,1.0,0.82,0.0,0.0
control,1053,-25.0,0.0,0.5,0.96,0.84,-0.380675409583932,1.79
control,1054,-5.0,0.0,0.5,0.992,0.82,-0.07613508191678639,0.31
control,1055,0.0,0.0,0.5,1.0,0.86,0.0,0.0
control,1056,-5.0,0.0,0.5,0.992,0.78,-0.07613508191678639,0.02
control,1057,0.0,0.0,0.5,1.0,0.86,0.0,0.0
control,1058,-10.0,0.0,0.5,0.9840000000000001,0.84,-0.15227016383357278,0.61
control,1059,0.0,0.0,0.5,1.0,0.86,0.0,0.0
control,1060,0.0,0.0,0.5,1.0,0.9,0.0,0.0
control,1061,-10.0,0.0,0.5,0.9840000000000001,0.88,-0.15227016383357278,0.27
control,1062,-30.0,1.0,0.5,0.9840000000000001,0.82,-0.49829478199934163,1.68
control,1063,0.0,0.0,0.5,1.0,0.84,0.0,0.0
control,1064,-10.0,0.0,0.5,0.9840000000000001,0.8,-0.15227016383357278,0.56
control,1065,-5.0,0.0,0.5,0.992,0.84,-0.07613508191678639,0.14
control,1066,-15.0,0.0,0.5,0.976,0.8,-0.22840524575035917,0.49
control,1067,0.0,0.0,0.5,1.0,0.86,0.0,0.0
control,1068,-15.0,0.0,0.5,0.976,0.8,-0.22840524575035917,0.73
control,1069,0.0,0.0,0.5,1.0,0.82,0.0,0.0
control,1070,-5.0,0.0,0.5,0.992,0.88,-0.07613508191678639,0.22
control,1071,0.0,0.0,0.5,1.0,0.88,0.0,0.0
control,1072,0.0,0.0,0.5,1.0,0.86,0.0,0.0
control,1073,-5.0,0.0,0.5,0.992,0.74,-0.07613508191678639,0.4
control,1074,0.0,0.0,0.5,1.0,0.84,0.0,0.0
control,1075,-25.0,0.0,0.5,0.96,0.8,-0.380675409583932,0.8
control,1076,-15.0,0.0,0.5,0.976,0.74,-0.22840524575035917,0.91
control,1077,0.0,0.0,0.5,1.0,0.88,0.0,0.0
control,1078,0.0,0.0,0.5,1.0,0.76,0.0,0.0
control,1079,0.0,0.0,0.5,1.0,0.74,0.0,0.0
control,1080,-5.0,0.0,0.5,0.992,0.82,-0.07613508191678639,0.35
control,1081,-10.0,0.0,0.5,0.9840000000000001,0.78,-0.15227016383357278,0.5
control,1082,0.0,0.0,0.5,1.0,0.88,0.0,0.0
control,1083,-5.0,0.0,0.5,0.992,0.76,-0.07613508191678639,0.48
control,1084,-5.0,0.0,0.5,0.992,0.86,-0.07613508191678639,0.13
control,1085,0.0,0.0,0.5,1.0,0.84,0.0,0.0
control,1086,0.0,0.0,0.5,1.0,0.76,0.0,0.0
control,1087,0.0,0.0,0.5,1.0,0.82,0.0,0.0
control,1088,0.0,0.0,0.5,1.0,0.88,0.0,0.0
control,1089,0.0,0.0,0.5,1.0,0.82,0.0,0.0
control,1090,-10.0,0.0,0.5,0.9840000000000001,0.88,-0.15227016383357278,0.65
control,1091,0.0,0.0,0.5,1.0,0.88,0.0,0.0
control,1092,-10.0,0.0,0.5,0.9840000000000001,0.8,-0.15227016383357278,0.17
control,1093,-5.0,0.0,0.5,0.992,0.76,-0.07613508191678639,0.24
control,1094,0.0,0.0,0.5,1.0,0.84,0.0,0.0
control,1095,-5.0,0.0,0.5,0.992,0.84,-0.07613508191678639,0.29
control,1096,-5.0,0.0,0.5,0.992,0.82,-0.07613508191678639,0.28
control,1097,0.0,0.0,0.5,1.0,0.92,0.0,0.0
control,1098,0.0,0.0,0.5,1.0,0.9,0.0,0.0
control,1099,0.0,0.0,0.5,1.0,0.84,0.0,0.0
control,1100,-25.0,0.0,0.5,0.96,0.84,-0.380675409583932,1.0
control,1101,0.0,0.0,0.5,1.0,0.9,0.0,0.0
control,1102,0.0,0.0,0.5,1.0,0.82,0.0,0.0
control,1103,0.0,0.0,0.5,1.0,0.86,0.0,0.0
control,1104,0.0,0.0,0.5,1.0,0.84,0.0,0.0
control,1105,0.0,0.0,0.5,1.0,0.84,0.0,0.0
control,1106,-10.0,0.0,0.5,0.9840000000000001,0.8,-0.15227016383357278,0.15
control,1107,0.0,0.0,0.5,1.0,0.98,0.0,0.0
control,1108,0.0,0.0,0.5,1.0,0.82,0.0,0.0
control,1109,0.0,0.0,0.5,1.0,0.72,0.0,0.0
control,1110,0.0,0.0,0.5,1.0,0.86,0.0,0.0
control,1111,0.0,0.0,0.5,1.0,0.9,0.0,0.0
control,1112,0.0,0.0,0.5,1.0,0.94,0.0,0.0
control,1113,-15.0,0.0,0.5,0.9760000000000001,0.84,-0.22840524575035917,0.38
control,1114,0.0,0.0,0.5,1.0,0.84,0.0,0.0
control,1115,0.0,0.0,0.5,1.0,0.78,0.0,0.0
control,1116,0.0,0.0,0.5,1.0,0.86,0.0,0.0
control,1117,0.0,0.0,0.5,1.0,0.78,0.0,0.0
control,1118,-10.0,0.0,0.5,0.9840000000000001,0.84,-0.15227016383357278,0.12
control,1119,0.0,0.0,0.5,1.0,0.88,0.0,0.0
control,1120,0.0,0.0,0.5,1.0,0.88,0.0,0.0
control,1121,-10.0,0.0,0.5,0.9840000000000001,0.78,-0.15227016383357278,0.38
control,1122,0.0,0.0,0.5,1.0,0.94,0.0,0.0
control,1123,0.0,0.0,0.5,1.0,0.86,0.0,0.0
control,1124,-5.0,0.0,0.5,0.992,0.86,-0.07613508191678639,0.02
control,1125,0.0,0.0,0.5,1.0,0.92,0.0,0.0
control,1126,-20.0,0.0,0.5,0.968,0.8,-0.30454032766714556,1.0
control,1127,-20.0,0.0,0.5,0.968,0.78,-0.30454032766714556,0.75
control,1128,-15.0,0.0,0.5,0.976,0.88,-0.22840524575035917,1.03
control,1129,-5.0,0.0,0.5,0.992,0.88,-0.07613508191678639,0.02
control,1130,-5.0,0.0,0.5,0.992,0.92,-0.07613508191678639,0.31
control,1131,-5.0,0.0,0.5,0.992,0.84,-0.07613508191678639,0.43
control,1132,0.0,0.0,0.5,1.0,0.84,0.0,0.0
control,1133,-55.0,2.0,0.5,0.976,0.72,-0.920454482081897,3.01
control,1134,-5.0,0.0,0.5,0.992,0.82,-0.07613508191678639,0.15
control,1135,-5.0,0.0,0.5,0.992,0.78,-0.07613508191678639,0.2
control,1136,0.0,0.0,0.5,1.0,0.9,0.0,0.0
control,1137,0.0,0.0,0.5,1.0,0.78,0.0,0.0
control,1138,0.0,0.0,0.5,1.0,0.92,0.0,0.0
control,1139,0.0,0.0,0.5,1.0,0.9,0.0,0.0
control,1140,-5.0,0.0,0.5,0.992,0.74,-0.07613508191678639,0.2
control,1141,-10.0,0.0,0.5,0.9840000000000001,0.86,-0.15227016383357278,0.33
control,1142,-5.0,0.0,0.5,0.992,0.88,-0.07613508191678639,0.42
control,1143,-10.0,0.0,0.5,0.9840000000000001,0.76,-0.15227016383357278,0.46
control,1144,-15.0,0.0,0.5,0.976,0.82,-0.22840524575035917,1.04
control,1145,0.0,0.0,0.5,1.0,0.88,0.0,0.0
control,1146,0.0,0.0,0.5,1.0,0.92,0.0,0.0
control,1147,0.0,0.0,0.5,1.0,0.86,0.0,0.0
control,1148,0.0,0.0,0.5,1.0,0.84,0.0,0.0
control,1149,-15.0,0.0,0.5,0.9760000000000001,0.82,-0.22840524575035917,0.58
control,1150,-5.0,0.0,0.5,0.992,0.86,-0.07613508191678639,0.17
control,1151,0.0,0.0,0.5,1.0,0.84,0.0,0.0
control,1152,-20.0,0.0,0.5,0.968,0.76,-0.30454032766714556,0.52
control,1153,0.0,0.0,0.5,1.0,0.92,0.0,0.0
control,1154,-10.0,0.0,0.5,0.9840000000000001,0.88,-0.15227016383357278,0.31
control,1155,0.0,0.0,0.5,1.0,0.86,0.0,0.0
control,1156,-10.0,0.0,0.5,0.9840000000000001,0.86,-0.15227016383357278,0.19
control,1157,0.0,0.0,0.5,1.0,0.82,0.0,0.0
control,1158,-20.0,0.0,0.5,0.968,0.8,-0.30454032766714556,0.68
control,1159,-5.0,0.0,0.5,0.992,0.84,-0.07613508191678639,0.4
control,1160,0.0,0.0,0.5,1.0,0.86,0.0,0.0
control,1161,-20.0,1.0,0.5,1.0,0.7,-0.34602461816576885,0.36
control,1162,-5.0,0.0,0.5,0.992,0.82,-0.07613508191678639,0.44
control,1163,0.0,0.0,0.5,1.0,0.88,0.0,0.0
control,1164,-5.0,0.0,0.5,0.992,0.82,-0.07613508191678639,0.39
control,1165,-15.0,0.0,0.5,0.9760000000000001,0.8,-0.22840524575035917,0.29
control,1166,0.0,0.0,0.5,1.0,0.9,0.0,0.0
control,1167,-5.0,0.0,0.5,0.992,0.82,-0.07613508191678639,0.43
control,1168,0.0,0.0,0.5,1.0,0.92,0.0,0.0
control,1169,0.0,0.0,0.5,1.0,0.84,0.0,0.0
control,1170,-15.0,0.0,0.5,0.976,0.78,-0.22840524575035917,0.89
control,1171,-5.0,0.0,0.5,0.992,0.8,-0.07613508191678639,0.35
control,1172,0.0,0.0,0.5,1.0,0.86,0.0,0.0
control,1173,-10.0,0.0,0.5,0.9840000000000001,0.7,-0.15227016383357278,0.53
control,1174,-5.0,0.0,0.5,0.992,0.84,-0.07613508191678639,0.41
control,1175,0.0,0.0,0.5,1.0,0.86,0.0,0.0
control,1176,-25.0,0.0,0.5,0.96,0.8,-0.380675409583932,1.09
control,1177,0.0,0.0,0.5,1.0,0.94,0.0,0.0
control,1178,0.0,0.0,0.5,1.0,0.84,0.0,0.0
control,1179,-10.0,0.0,0.5,0.9840000000000001,0.84,-0.15227016383357278,0.77
control,1180,0.0,0.0,0.5,1.0,0.82,0.0,0.0
control,1181,-10.0,0.0,0.5,0.9840000000000001,0.82,-0.15227016383357278,0.5
control,1182,0.0,0.0,0.5,1.0,0.94,0.0,0.0
control,1183,0.0,0.0,0.5,1.0,0.82,0.0,0.0
control,1184,0.0,0.0,0.5,1.0,0.86,0.0,0.0
control,1185,0.0,0.0,0.5,1.0,0.88,0.0,0.0
control,1186,-5.0,0.0,0.5,0.992,0.86,-0.07613508191678639,0.12
control,1187,-15.0,0.0,0.5,0.9760000000000001,0.78,-0.22840524575035917,0.77
control,1188,-5.0,0.0,0.5,0.992,0.88,-0.07613508191678639,0.3
control,1189,-5.0,0.0,0.5,0.992,0.84,-0.07613508191678639,0.47
control,1190,-15.0,0.0,0.5,0.9760000000000001,0.78,-0.22840524575035917,0.96
control,1191,0.0,0.0,0.5,1.0,0.9,0.0,0.0
control,1192,0.0,0.0,0.5,1.0,0.84,0.0,0.0
control,1193,-5.0,0.0,0.5,0.992,0.82,-0.07613508191678639,0.12
control,1194,0.0,0.0,0.5,1.0,0.88,0.0,0.0
control,1195,-10.0,0.0,0.5,0.9840000000000001,0.72,-0.15227016383357278,0.5
control,1196,-5.0,0.0,0.5,0.992,0.78,-0.07613508191678639,0.17
control,1197,-10.0,0.0,0.5,0.9840000000000001,0.76,-0.15227016383357278,0.82
control,1198,0.0,0.0,0.5,1.0,0.92,0.0,0.0
control,1199,0.0,0.0,0.5,1.0,0.92,0.0,0.0
control,1200,0.0,0.0,0.5,1.0,0.96,0.0,0.0
control,1201,0.0,0.0,0.5,1.0,0.88,0.0,0.0
control,1202,-10.0,0.0,0.5,0.9840000000000001,0.76,-0.15227016383357278,0.35
control,1203,0.0,0.0,0.5,1.0,0.84,0.0,0.0
control,1204,-5.0,0.0,0.5,0.992,0.88,-0.07613508191678639,0.21
control,1205,-5.0,0.0,0.5,0.992,0.86,-0.07613508191678639,0.21
control,1206,-5.0,0.0,0.5,0.992,0.82,-0.07613508191678639,0.2
control,1207,-5.0,0.0,0.5,0.992,0.84,-0.07613508191678639,0.27
control,1208,-5.0,0.0,0.5,0.992,0.84,-0.07613508191678639,0.1
control,1209,0.0,0.0,0.5,1.0,0.82,0.0,0.0
control,1210,0.0,0.0,0.5,1.0,0.86,0.0,0.0
control,1211,-20.0,0.0,0.5,0.968,0.76,-0.30454032766714556,1.49
control,1212,-5.0,0.0,0.5,0.992,0.88,-0.07613508191678639,0.02
control,1213,0.0,0.0,0.5,1.0,0.84,0.0,0.0
control,1214,-10.0,0.0,0.5,0.9840000000000001,0.82,-0.15227016383357278,0.37
control,1215,0.0,0.0,0.5,1.0,0.92,0.0,0.0
control,1216,-20.0,0.0,0.5,0.968,0.88,-0.30454032766714556,0.94
control,1217,0.0,0.0,0.5,1.0,0.86,0.0,0.0
control,1218,-5.0,0.0,0.5,0.992,0.86,-0.07613508191678639,0.28
control,1219,0.0,0.0,0.5,1.0,0.82,0.0,0.0
control,1220,0.0,0.0,0.5,1.0,0.88,0.0,0.0
control,1221,0.0,0.0,0.5,1.0,0.84,0.0,0.0
control,1222,-10.0,0.0,0.5,0.9840000000000001,0.88,-0.15227016383357278,0.2
control,1223,-10.0,0.0,0.5,0.9840000000000001,0.82,-0.15227016383357278,0.28
control,1224,-5.0,0.0,0.5,0.992,0.82,-0.07613508191678639,0.37
control,1225,0.0,0.0,0.5,1.0,0.78,0.0,0.0
control,1226,0.0,0.0,0.5,1.0,0.86,0.0,0.0
control,1227,0.0,0.0,0.5,1.0,0.86,0.0,0.0
control,1228,-5.0,0.0,0.5,0.992,0.86,-0.07613508191678639,0.2
control,1229,0.0,0.0,0.5,1.0,0.86,0.0,0.0
control,1230,0.0,0.0,0.5,1.0,0.78,0.0,0.0
control,1231,-10.0,0.0,0.5,0.9840000000000001,0.84,-0.15227016383357278,0.16
control,1232,-10.0,0.0,0.5,0.9840000000000001,0.84,-0.15227016383357278,0.4
control,1233,-20.0,0.0,0.5,0.968,0.8,-0.30454032766714556,0.73
control,1234,-10.0,0.0,0.5,0.9840000000000001,0.84,-0.15227016383357278,0.23
control,1235,-15.0,0.0,0.5,0.9760000000000001,0.78,-0.22840524575035917,0.39
control,1236,0.0,0.0,0.5,1.0,0.96,0.0,0.0
control,1237,0.0,0.0,0.5,1.0,0.86,0.0,0.0
control,1238,0.0,0.0,0.5,1.0,0.92,0.0,0.0
control,1239,-15.0,0.0,0.5,0.976,0.84,-0.22840524575035917,0.69
control,1240,-5.0,0.0,0.5,0.992,0.8,-0.07613508191678639,0.38
control,1241,0.0,0.0,0.5,1.0,0.88,0.0,0.0
control,1242,-5.0,0.0,0.5,0.992,0.84,-0.07613508191678639,0.43
control,1243,-5.0,0.0,0.5,0.992,0.9,-0.07613508191678639,0.3
control,1244,-5.0,0.0,0.5,0.992,0.9,-0.07613508191678639,0.32
control,1245,0.0,0.0,0.5,1.0,0.84,0.0,0.0
control,1246,0.0,0.0,0.5,1.0,0.86,0.0,0.0
control,1247,-10.0,0.0,0.5,0.9840000000000001,0.84,-0.15227016383357278,0.57
control,1248,-30.0,1.0,0.5,0.9840000000000001,0.74,-0.49829478199934163,2.32
control,1249,-25.0,0.0,0.5,0.96,0.84,-0.380675409583932,1.7
control,1250,-10.0,0.0,0.5,0.9840000000000001,0.86,-0.15227016383357278,0.09
control,1251,-10.0,0.0,0.5,0.9840000000000001,0.74,-0.15227016383357278,0.09
control,1252,0.0,0.0,0.5,1.0,0.9,0.0,0.0
control,1253,-10.0,0.0,0.5,0.9840000000000001,0.88,-0.15227016383357278,0.27
control,1254,-10.0,0.0,0.5,0.9840000000000001,0.9,-0.15227016383357278,0.65
control,1255,-5.0,0.0,0.5,0.992,0.86,-0.07613508191678639,0.1
control,1256,-5.0,0.0,0.5,0.992,0.84,-0.07613508191678639,0.39
control,1257,-5.0,0.0,0.5,0.992,0.8,-0.07613508191678639,0.18
control,1258,-5.0,0.0,0.5,0.992,0.88,-0.07613508191678639,0.16
control,1259,-5.0,0.0,0.5,0.992,0.8,-0.07613508191678639,0.15
control,1260,-20.0,0.0,0.5,0.968,0.84,-0.30454032766714556,1.02
control,1261,0.0,0.0,0.5,1.0,0.86,0.0,0.0
control,1262,0.0,0.0,0.5,1.0,0.84,0.0,0.0
control,1263,-10.0,0.0,0.5,0.9840000000000001,0.78,-0.15227016383357278,0.32
control,1264,-5.0,0.0,0.5,0.992,0.86,-0.07613508191678639,0.3
control,1265,0.0,0.0,0.5,1.0,0.86,0.0,0.0
control,1266,0.0,0.0,0.5,1.0,0.88,0.0,0.0
control,1267,0.0,0.0,0.5,1.0,0.82,0.0,0.0
control,1268,0.0,0.0,0.5,1.0,0.82,0.0,0.0
control,1269,-20.0,0.0,0.5,0.968,0.84,-0.30454032766714556,0.79
control,1270,-15.0,0.0,0.5,0.976,0.82,-0.22840524575035917,0.69
control,1271,0.0,0.0,0.5,1.0,0.82,0.0,0.0
control,1272,-15.0,0.0,0.5,0.9760000000000001,0.74,-0.22840524575035917,0.3
control,1273,0.0,0.0,0.5,1.0,0.78,0.0,0.0
control,1274,0.0,0.0,0.5,1.0,0.82,0.0,0.0
control,1275,-5.0,0.0,0.5,0.992,0.84,-0.07613508191678639,0.16
control,1276,0.0,0.0,0.5,1.0,0.88,0.0,0.0
control,1277,-5.0,0.0,0.5,0.992,0.86,-0.07613508191678639,0.11
control,1278,-15.0,0.0,0.5,0.9760000000000001,0.8,-0.22840524575035917,0.78
control,1279,-5.0,0.0,0.5,0.992,0.78,-0.07613508191678639,0.49
control,1280,0.0,0.0,0.5,1.0,0.86,0.0,0.0
control,1281,0.0,0.0,0.5,1.0,0.94,0.0,0.0
control,1282,0.0,0.0,0.5,1.0,0.86,0.0,0.0
control,1283,0.0,0.0,0.5,1.0,0.84,0.0,0.0
control,1284,0.0,0.0,0.5,1.0,0.96,0.0,0.0
control,1285,0.0,0.0,0.5,1.0,0.9,0.0,0.0
control,1286,-10.0,0.0,0.5,0.9840000000000001,0.84,-0.15227016383357278,0.5
control,1287,-10.0,0.0,0.5,0.9840000000000001,0.78,-0.15227016383357278,0.39
control,1288,-25.0,1.0,0.5,0.992,0.72,-0.42215970008255527,0.71
control,1289,-5.0,0.0,0.5,0.992,0.8,-0.07613508191678639,0.49
control,1290,0.0,0.0,0.5,1.0,0.88,0.0,0.0
control,1291,0.0,0.0,0.5,1.0,0.8,0.0,0.0
control,1292,0.0,0.0,0.5,1.0,0.86,0.0,0.0
control,1293,0.0,0.0,0.5,1.0,0.86,0.0,0.0
control,1294,0.0,0.0,0.5,1.0,0.84,0.0,0.0
control,1295,0.0,0.0,0.5,1.0,0.9,0.0,0.0
control,1296,0.0,0.0,0.5,1.0,0.98,0.0,0.0
control,1297,0.0,0.0,0.5,1.0,0.92,0.0,0.0
control,1298,0.0,0.0,0.5,1.0,0.9,0.0,0.0
control,1299,0.0,0.0,0.5,1.0,0.86,0.0,0.0
control,1300,-10.0,0.0,0.5,0.9840000000000001,0.9,-0.15227016383357278,0.73
control,1301,0.0,0.0,0.5,1.0,0.86,0.0,0.0
control,1302,-10.0,0.0,0.5,0.9840000000000001,0.84,-0.15227016383357278,0.36
control,1303,0.0,0.0,0.5,1.0,0.82,0.0,0.0
control,1304,0.0,0.0,0.5,1.0,0.84,0.0,0.0
control,1305,-5.0,0.0,0.5,0.992,0.76,-0.07613508191678639,0.4
control,1306,-5.0,0.0,0.5,0.992,0.82,-0.07613508191678639,0.18
control,1307,0.0,0.0,0.5,1.0,0.78,0.0,0.0
control,1308,0.0,0.0,0.5,1.0,0.84,0.0,0.0
control,1309,0.0,0.0,0.5,1.0,0.84,0.0,0.0
control,1310,0.0,0.0,0.5,1.0,0.8,0.0,0.0
control,1311,-5.0,0.0,0.5,0.992,0.86,-0.07613508191678639,0.46
control,1312,-10.0,0.0,0.5,0.9840000000000001,0.92,-0.15227016383357278,0.6
control,1313,-5.0,0.0,0.5,0.992,0.84,-0.07613508191678639,0.31
control,1314,0.0,0.0,0.5,1.0,0.92,0.0,0.0
control,1315,0.0,0.0,0.5,1.0,0.84,0.0,0.0
control,1316,-5.0,0.0,0.5,0.992,0.76,-0.07613508191678639,0.33
control,1317,-5.0,0.0,0.5,0.992,0.86,-0.07613508191678639,0.09
control,1318,-10.0,0.0,0.5,0.9840000000000001,0.88,-0.15227016383357278,0.51
control,1319,0.0,0.0,0.5,1.0,0.92,0.0,0.0
control,1320,-5.0,0.0,0.5,0.992,0.82,-0.07613508191678639,0.46
control,1321,0.0,0.0,0.5,1.0,0.9,0.0,0.0
control,1322,0.0,0.0,0.5,1.0,0.9,0.0,0.0
control,1323,-5.0,0.0,0.5,0.992,0.86,-0.07613508191678639,0.1
control,1324,0.0,0.0,0.5,1.0,0.86,0.0,0.0
control,1325,0.0,0.0,0.5,1.0,0.88,0.0,0.0
control,1326,0.0,0.0,0.5,1.0,0.96,0.0,0.0
control,1327,0.0,0.0,0.5,1.0,0.86,0.0,0.0
control,1328,0.0,0.0,0.5,1.0,0.88,0.0,0.0
control,1329,0.0,0.0,0.5,1.0,0.76,0.0,0.0
control,1330,0.0,0.0,0.5,1.0,0.9,0.0,0.0
control,1331,-10.0,0.0,0.5,0.9840000000000001,0.88,-0.15227016383357278,0.29
control,1332,-5.0,0.0,0.5,0.992,0.88,-0.07613508191678639,0.1
control,1333,-5.0,0.0,0.5,0.992,0.82,-0.07613508191678639,0.31
control,1334,0.0,0.0,0.5,1.0,0.92,0.0,0.0
control,1335,0.0,0.0,0.5,1.0,0.84,0.0,0.0
control,1336,-5.0,0.0,0.5,0.992,0.76,-0.07613508191678639,0.22
control,1337,-5.0,0.0,0.5,0.992,0.82,-0.07613508191678639,0.1
control,1338,0.0,0.0,0.5,1.0,0.94,0.0,0.0
control,1339,-5.0,0.0,0.5,0.992,0.84,-0.07613508191678639,0.29
control,1340,0.0,0.0,0.5,1.0,0.92,0.0,0.0
control,1341,0.0,0.0,0.5,1.0,0.82,0.0,0.0
control,1342,-5.0,0.0,0.5,0.992,0.9,-0.07613508191678639,0.36
control,1343,-5.0,0.0,0.5,0.992,0.86,-0.07613508191678639,0.26
control,1344,0.0,0.0,0.5,1.0,0.86,0.0,0.0
control,1345,0.0,0.0,0.5,1.0,0.9,0.0,0.0
control,1346,-5.0,0.0,0.5,0.992,0.84,-0.07613508191678639,0.04
control,1347,0.0,0.0,0.5,1.0,0.88,0.0,0.0
control,1348,-15.0,0.0,0.5,0.976,0.88,-0.22840524575035917,0.71
control,1349,0.0,0.0,0.5,1.0,0.9,0.0,0.0
control,1350,0.0,0.0,0.5,1.0,0.96,0.0,0.0
control,1351,0.0,0.0,0.5,1.0,0.94,0.0,0.0
control,1352,0.0,0.0,0.5,1.0,0.84,0.0,0.0
control,1353,-5.0,0.0,0.5,0.992,0.88,-0.07613508191678639,0.29
control,1354,0.0,0.0,0.5,1.0,0.7,0.0,0.0
control,1355,-5.0,0.0,0.5,0.992,0.88,-0.07613508191678639,0.08
control,1356,-5.0,0.0,0.5,0.992,0.82,-0.07613508191678639,0.42
control,1357,0.0,0.0,0.5,1.0,0.8,0.0,0.0
control,1358,-25.0,0.0,0.5,0.96,0.82,-0.380675409583932,0.45
control,1359,0.0,0.0,0.5,1.0,0.9,0.0,0.0
control,1360,-15.0,0.0,0.5,0.9760000000000001,0.74,-0.22840524575035917,0.58
control,1361,0.0,0.0,0.5,1.0,0.92,0.0,0.0
control,1362,0.0,0.0,0.5,1.0,0.84,0.0,0.0
control,1363,-5.0,0.0,0.5,0.992,0.78,-0.07613508191678639,0.23
control,1364,-5.0,0.0,0.5,0.992,0.88,-0.07613508191678639,0.11
control,1365,0.0,0.0,0.5,1.0,0.92,0.0,0.0
control,1366,0.0,0.0,0.5,1.0,0.86,0.0,0.0
control,1367,0.0,0.0,0.5,1.0,0.92,0.0,0.0
control,1368,0.0,0.0,0.5,1.0,0.84,0.0,0.0
control,1369,0.0,0.0,0.5,1.0,0.84,0.0,0.0
control,1370,-5.0,0.0,0.5,0.992,0.82,-0.07613508191678639,0.08
control,1371,-5.0,0.0,0.5,0.992,0.9,-0.07613508191678639,0.05
control,1372,0.0,0.0,0.5,1.0,0.9,0.0,0.0
control,1373,0.0,0.0,0.5,1.0,0.92,0.0,0.0
control,1374,0.0,0.0,0.5,1.0,0.88,0.0,0.0
control,1375,-20.0,0.0,0.5,0.968,0.88,-0.30454032766714556,0.71
control,1376,0.0,0.0,0.5,1.0,0.96,0.0,0.0
control,1377,-5.0,0.0,0.5,0.992,0.84,-0.07613508191678639,0.11
control,1378,-15.0,0.0,0.5,0.976,0.8,-0.22840524575035917,0.89
control,1379,-5.0,0.0,0.5,0.992,0.82,-0.07613508191678639,0.4
control,1380,0.0,0.0,0.5,1.0,0.92,0.0,0.0
control,1381,0.0,0.0,0.5,1.0,0.82,0.0,0.0
control,1382,-20.0,0.0,0.5,0.968,0.84,-0.30454032766714556,0.51
control,1383,-5.0,0.0,0.5,0.992,0.84,-0.07613508191678639,0.39
control,1384,0.0,0.0,0.5,1.0,0.92,0.0,0.0
control,1385,0.0,0.0,0.5,1.0,0.86,0.0,0.0
control,1386,0.0,0.0,0.5,1.0,0.92,0.0,0.0
control,1387,-5.0,0.0,0.5,0.992,0.8,-0.07613508191678639,0.2
control,1388,-5.0,0.0,0.5,0.992,0.8,-0.07613508191678639,0.37
control,1389,-5.0,0.0,0.5,0.992,0.92,-0.07613508191678639,0.47
control,1390,-5.0,0.0,0.5,0.992,0.82,-0.07613508191678639,0.33
control,1391,0.0,0.0,0.5,1.0,0.9,0.0,0.0
control,1392,-5.0,0.0,0.5,0.992,0.88,-0.07613508191678639,0.13
control,1393,0.0,0.0,0.5,1.0,0.86,0.0,0.0
control,1394,-5.0,0.0,0.5,0.992,0.78,-0.07613508191678639,0.24
control,1395,0.0,0.0,0.5,1.0,0.84,0.0,0.0
control,1396,-5.0,0.0,0.5,0.992,0.84,-0.07613508191678639,0.17
control,1397,0.0,0.0,0.5,1.0,0.92,0.0,0.0
control,1398,0.0,0.0,0.5,1.0,0.9,0.0,0.0
control,1399,0.0,0.0,0.5,1.0,0.88,0.0,0.0
control,1400,0.0,0.0,0.5,1.0,0.82,0.0,0.0
control,1401,0.0,0.0,0.5,1.0,0.88,0.0,0.0
control,1402,-5.0,0.0,0.5,0.992,0.8,-0.07613508191678639,0.48
control,1403,-10.0,0.0,0.5,0.9840000000000001,0.86,-0.15227016383357278,0.71
control,1404,0.0,0.0,0.5,1.0,0.74,0.0,0.0
control,1405,0.0,0.0,0.5,1.0,0.78,0.0,0.0
control,1406,-5.0,0.0,0.5,0.992,0.92,-0.07613508191678639,0.19
control,1407,-5.0,0.0,0.5,0.992,0.88,-0.07613508191678639,0.41
control,1408,0.0,0.0,0.5,1.0,0.88,0.0,0.0
control,1409,0.0,0.0,0.5,1.0,0.82,0.0,0.0
control,1410,0.0,0.0,0.5,1.0,0.84,0.0,0.0
control,1411,0.0,0.0,0.5,1.0,0.82,0.0,0.0
control,1412,0.0,0.0,0.5,1.0,0.9,0.0,0.0
control,1413,0.0,0.0,0.5,1.0,0.9,0.0,0.0
control,1414,-10.0,0.0,0.5,0.9840000000000001,0.84,-0.15227016383357278,0.32
control,1415,0.0,0.0,0.5,1.0,0.76,0.0,0.0
control,1416,0.0,0.0,0.5,1.0,0.86,0.0,0.0
control,1417,0.0,0.0,0.5,1.0,0.96,0.0,0.0
control,1418,-30.0,0.0,0.5,0.9519999999999998,0.74,-0.45681049150071834,1.36
control,1419,0.0,0.0,0.5,1.0,0.86,0.0,0.0
control,1420,-5.0,0.0,0.5,0.992,0.84,-0.07613508191678639,0.24
control,1421,-5.0,0.0,0.5,0.992,0.78,-0.07613508191678639,0.11
control,1422,-25.0,0.0,0.5,0.96,0.86,-0.380675409583932,1.35
control,1423,-10.0,0.0,0.5,0.9840000000000001,0.82,-0.15227016383357278,0.32
control,1424,-5.0,0.0,0.5,0.992,0.82,-0.07613508191678639,0.31
control,1425,-10.0,0.0,0.5,0.9840000000000001,0.72,-0.15227016383357278,0.96
control,1426,-15.0,0.0,0.5,0.976,0.88,-0.22840524575035917,1.14
control,1427,0.0,0.0,0.5,1.0,0.88,0.0,0.0
control,1428,-10.0,0.0,0.5,0.9840000000000001,0.86,-0.15227016383357278,0.45
control,1429,0.0,0.0,0.5,1.0,0.88,0.0,0.0
control,1430,0.0,0.0,0.5,1.0,0.82,0.0,0.0
control,1431,0.0,0.0,0.5,1.0,0.78,0.0,0.0
control,1432,0.0,0.0,0.5,1.0,0.88,0.0,0.0
control,1433,0.0,0.0,0.5,1.0,0.88,0.0,0.0
control,1434,0.0,0.0,0.5,1.0,0.88,0.0,0.0
control,1435,0.0,0.0,0.5,1.0,0.8,0.0,0.0
control,1436,0.0,0.0,0.5,1.0,0.8,0.0,0.0
control,1437,-20.0,0.0,0.5,0.968,0.86,-0.30454032766714556,1.2
control,1438,-5.0,0.0,0.5,0.992,0.92,-0.07613508191678639,0.41
control,1439,-5.0,0.0,0.5,0.992,0.78,-0.07613508191678639,0.31
control,1440,0.0,0.0,0.5,1.0,0.98,0.0,0.0
control,1441,-5.0,0.0,0.5,0.992,0.8,-0.07613508191678639,0.23
control,1442,-5.0,0.0,0.5,0.992,0.84,-0.07613508191678639,0.47
control,1443,0.0,0.0,0.5,1.0,0.9,0.0,0.0
control,1444,0.0,0.0,0.5,1.0,0.82,0.0,0.0
control,1445,0.0,0.0,0.5,1.0,0.82,0.0,0.0
control,1446,-30.0,1.0,0.5,0.9840000000000001,0.8,-0.49829478199934163,1.38
control,1447,-15.0,0.0,0.5,0.9760000000000001,0.88,-0.22840524575035917,0.49
control,1448,0.0,0.0,0.5,1.0,0.9,0.0,0.0
control,1449,-15.0,0.0,0.5,0.976,0.8,-0.22840524575035917,1.18
control,1450,-5.0,0.0,0.5,0.992,0.8,-0.07613508191678639,0.24
control,1451,0.0,0.0,0.5,1.0,0.78,0.0,0.0
control,1452,0.0,0.0,0.5,1.0,0.82,0.0,0.0
control,1453,0.0,0.0,0.5,1.0,0.92,0.0,0.0
control,1454,-10.0,0.0,0.5,0.9840000000000001,0.7,-0.15227016383357278,0.87
control,1455,-5.0,0.0,0.5,0.992,0.82,-0.07613508191678639,0.45
control,1456,0.0,0.0,0.5,1.0,0.9,0.0,0.0
control,1457,-5.0,0.0,0.5,0.992,0.82,-0.07613508191678639,0.35
control,1458,0.0,0.0,0.5,1.0,0.88,0.0,0.0
control,1459,-5.0,0.0,0.5,0.992,0.9,-0.07613508191678639,0.03
control,1460,-5.0,0.0,0.5,0.992,0.9,-0.07613508191678639,0.16
control,1461,0.0,0.0,0.5,1.0,0.88,0.0,0.0
control,1462,-5.0,0.0,0.5,0.992,0.88,-0.07613508191678639,0.18
control,1463,0.0,0.0,0.5,1.0,0.8,0.0,0.0
control,1464,-15.0,0.0,0.5,0.976,0.82,-0.22840524575035917,0.83
control,1465,-5.0,0.0,0.5,0.992,0.86,-0.07613508191678639,0.45
control,1466,-10.0,0.0,0.5,0.9840000000000001,0.86,-0.15227016383357278,0.59
control,1467,0.0,0.0,0.5,1.0,0.94,0.0,0.0
control,1468,-10.0,0.0,0.5,0.9840000000000001,0.82,-0.15227016383357278,0.77
control,1469,-5.0,0.0,0.5,0.992,0.8,-0.07613508191678639,0.21
control,1470,0.0,0.0,0.5,1.0,0.86,0.0,0.0
control,1471,-20.0,1.0,0.5,1.0,0.8,-0.34602461816576885,0.68
control,1472,0.0,0.0,0.5,1.0,0.9,0.0,0.0
control,1473,0.0,0.0,0.5,1.0,0.86,0.0,0.0
control,1474,-5.0,0.0,0.5,0.992,0.92,-0.07613508191678639,0.25
control,1475,-5.0,0.0,0.5,0.992,0.82,-0.07613508191678639,0.49
control,1476,-5.0,0.0,0.5,0.992,0.86,-0.07613508191678639,0.4
control,1477,0.0,0.0,0.5,1.0,0.76,0.0,0.0
control,1478,0.0,0.0,0.5,1.0,0.88,0.0,0.0
control,1479,-5.0,0.0,0.5,0.992,0.9,-0.07613508191678639,0.14
control,1480,0.0,0.0,0.5,1.0,0.84,0.0,0.0
control,1481,-15.0,0.0,0.5,0.976,0.82,-0.22840524575035917,1.12
control,1482,-5.0,0.0,0.5,0.992,0.82,-0.07613508191678639,0.39
control,1483,0.0,0.0,0.5,1.0,0.8,0.0,0.0
control,1484,0.0,0.0,0.5,1.0,0.92,0.0,0.0
control,1485,0.0,0.0,0.5,1.0,0.82,0.0,0.0
control,1486,0.0,0.0,0.5,1.0,0.86,0.0,0.0
control,1487,-15.0,0.0,0.5,0.976,0.86,-0.22840524575035917,0.42
control,1488,-5.0,0.0,0.5,0.992,0.88,-0.07613508191678639,0.38
control,1489,-5.0,0.0,0.5,0.992,0.76,-0.07613508191678639,0.47
control,1490,0.0,0.0,0.5,1.0,0.82,0.0,0.0
control,1491,0.0,0.0,0.5,1.0,0.78,0.0,0.0
control,1492,-5.0,0.0,0.5,0.992,0.88,-0.07613508191678639,0.39
control,1493,-10.0,0.0,0.5,0.9840000000000001,0.78,-0.15227016383357278,0.32
control,1494,-5.0,0.0,0.5,0.992,0.88,-0.07613508191678639,0.08
control,1495,-10.0,0.0,0.5,0.9840000000000001,0.8,-0.15227016383357278,0.26
control,1496,-5.0,0.0,0.5,0.992,0.88,-0.07613508191678639,0.13
control,1497,0.0,0.0,0.5,1.0,0.8,0.0,0.0
control,1498,0.0,0.0,0.5,1.0,0.82,0.0,0.0
control,1499,-5.0,0.0,0.5,0.992,0.78,-0.07613508191678639,0.47
control,1500,0.0,0.0,0.5,1.0,0.84,0.0,0.0
control,1501,-5.0,0.0,0.5,0.992,0.68,-0.07613508191678639,0.13
control,1502,0.0,0.0,0.5,1.0,0.88,0.0,0.0
control,1503,-5.0,0.0,0.5,0.992,0.86,-0.07613508191678639,0.15
control,1504,-10.0,0.0,0.5,0.9840000000000001,0.78,-0.15227016383357278,0.9
control,1505,0.0,0.0,0.5,1.0,0.84,0.0,0.0
control,1506,0.0,0.0,0.5,1.0,0.92,0.0,0.0
control,1507,0.0,0.0,0.5,1.0,0.9,0.0,0.0
control,1508,0.0,0.0,0.5,1.0,0.82,0.0,0.0
control,1509,0.0,0.0,0.5,1.0,0.82,0.0,0.0
control,1510,-5.0,0.0,0.5,0.992,0.86,-0.07613508191678639,0.08
control,1511,-10.0,0.0,0.5,0.9840000000000001,0.84,-0.15227016383357278,0.19
control,1512,-5.0,0.0,0.5,0.992,0.9,-0.07613508191678639,0.17
control,1513,0.0,0.0,0.5,1.0,0.9,0.0,0.0
control,1514,0.0,0.0,0.5,1.0,0.84,0.0,0.0
control,1515,0.0,0.0,0.5,1.0,0.88,0.0,0.0
control,1516,0.0,0.0,0.5,1.0,0.8,0.0,0.0
control,1517,0.0,0.0,0.5,1.0,0.86,0.0,0.0
control,1518,0.0,0.0,0.5,1.0,0.9,0.0,0.0
control,1519,0.0,0.0,0.5,1.0,0.76,0.0,0.0
control,1520,-10.0,0.0,0.5,0.9840000000000001,0.8,-0.15227016383357278,0.3
control,1521,-5.0,0.0,0.5,0.992,0.82,-0.07613508191678639,0.2
control,1522,0.0,0.0,0.5,1.0,0.9,0.0,0.0
control,1523,-10.0,0.0,0.5,0.9840000000000001,0.84,-0.15227016383357278,0.24
control,1524,-5.0,0.0,0.5,0.992,0.86,-0.07613508191678639,0.12
control,1525,0.0,0.0,0.5,1.0,0.82,0.0,0.0
control,1526,0.0,0.0,0.5,1.0,0.86,0.0,0.0
control,1527,-5.0,0.0,0.5,0.992,0.82,-0.07613508191678639,0.43
control,1528,-5.0,0.0,0.5,0.992,0.92,-0.07613508191678639,0.19
control,1529,-5.0,0.0,0.5,0.992,0.74,-0.07613508191678639,0.27
control,1530,0.0,0.0,0.5,1.0,0.88,0.0,0.0
control,1531,-20.0,0.0,0.5,0.968,0.72,-0.30454032766714556,0.8
control,1532,0.0,0.0,0.5,1.0,0.86,0.0,0.0
control,1533,-10.0,0.0,0.5,0.9840000000000001,0.82,-0.15227016383357278,0.37
control,1534,-15.0,0.0,0.5,0.976,0.8,-0.22840524575035917,0.76
control,1535,-20.0,0.0,0.5,0.968,0.78,-0.30454032766714556,1.17
control,1536,0.0,0.0,0.5,1.0,0.92,0.0,0.0
control,1537,-5.0,0.0,0.5,0.992,0.9,-0.07613508191678639,0.15
control,1538,-10.0,0.0,0.5,0.9840000000000001,0.76,-0.15227016383357278,0.72
control,1539,-5.0,0.0,0.5,0.992,0.86,-0.07613508191678639,0.3
control,1540,0.0,0.0,0.5,1.0,0.86,0.0,0.0
control,1541,-10.0,0.0,0.5,0.9840000000000001,0.86,-0.15227016383357278,0.55
control,1542,-15.0,0.0,0.5,0.976,0.82,-0.22840524575035917,1.07
control,1543,0.0,0.0,0.5,1.0,0.84,0.0,0.0
control,1544,0.0,0.0,0.5,1.0,0.82,0.0,0.0
control,1545,0.0,0.0,0.5,1.0,0.8,0.0,0.0
control,1546,0.0,0.0,0.5,1.0,0.88,0.0,0.0
control,1547,0.0,0.0,0.5,1.0,0.9,0.0,0.0
control,1548,0.0,0.0,0.5,1.0,0.88,0.0,0.0
control,1549,-10.0,0.0,0.5,0.9840000000000001,0.88,-0.15227016383357278,0.14
control,1550,-10.0,0.0,0.5,0.9840000000000001,0.88,-0.15227016383357278,0.16
control,1551,0.0,0.0,0.5,1.0,0.82,0.0,0.0
control,1552,-5.0,0.0,0.5,0.992,0.88,-0.07613508191678639,0.41
control,1553,-5.0,0.0,0.5,0.992,0.88,-0.07613508191678639,0.19
control,1554,-10.0,0.0,0.5,0.9840000000000001,0.82,-0.15227016383357278,0.18
control,1555,-10.0,0.0,0.5,0.9840000000000001,0.78,-0.15227016383357278,0.9
control,1556,-10.0,0.0,0.5,0.9840000000000001,0.86,-0.15227016383357278,0.62
control,1557,-30.0,1.0,0.5,0.9840000000000001,0.7,-0.49829478199934163,2.04
control,1558,0.0,0.0,0.5,1.0,0.9,0.0,0.0
control,1559,0.0,0.0,0.5,1.0,0.9,0.0,0.0
control,1560,-15.0,0.0,0.5,0.976,0.86,-0.22840524575035917,0.34
control,1561,0.0,0.0,0.5,1.0,0.9,0.0,0.0
control,1562,-5.0,0.0,0.5,0.992,0.82,-0.07613508191678639,0.32
control,1563,-15.0,0.0,0.5,0.9760000000000001,0.8,-0.22840524575035917,0.11
control,1564,0.0,0.0,0.5,1.0,0.8,0.0,0.0
control,1565,-20.0,1.0,0.5,1.0,0.84,-0.34602461816576885,0.16
control,1566,-5.0,0.0,0.5,0.992,0.78,-0.07613508191678639,0.27
control,1567,0.0,0.0,0.5,1.0,0.84,0.0,0.0
control,1568,0.0,0.0,0.5,1.0,0.84,0.0,0.0
control,1569,-5.0,0.0,0.5,0.992,0.86,-0.07613508191678639,0.23
control,1570,-20.0,1.0,0.5,1.0,0.86,-0.34602461816576885,0.2
control,1571,-15.0,0.0,0.5,0.976,0.86,-0.22840524575035917,1.16
control,1572,0.0,0.0,0.5,1.0,0.96,0.0,0.0
control,1573,-10.0,0.0,0.5,0.9840000000000001,0.8,-0.15227016383357278,0.46
control,1574,0.0,0.0,0.5,1.0,0.86,0.0,0.0
control,1575,-15.0,0.0,0.5,0.976,0.84,-0.22840524575035917,0.88
control,1576,-5.0,0.0,0.5,0.992,0.9,-0.07613508191678639,0.1
control,1577,0.0,0.0,0.5,1.0,0.88,0.0,0.0
control,1578,0.0,0.0,0.5,1.0,0.9,0.0,0.0
control,1579,-5.0,0.0,0.5,0.992,0.84,-0.07613508191678639,0.09
control,1580,0.0,0.0,0.5,1.0,0.82,0.0,0.0
control,1581,-5.0,0.0,0.5,0.992,0.8,-0.07613508191678639,0.11
control,1582,0.0,0.0,0.5,1.0,0.92,0.0,0.0
control,1583,-15.0,0.0,0.5,0.976,0.76,-0.22840524575035917,0.95
control,1584,0.0,0.0,0.5,1.0,0.84,0.0,0.0
control,1585,-5.0,0.0,0.5,0.992,0.88,-0.07613508191678639,0.45
control,1586,-10.0,0.0,0.5,0.9840000000000001,0.78,-0.15227016383357278,0.1
control,1587,0.0,0.0,0.5,1.0,0.9,0.0,0.0
control,1588,-15.0,0.0,0.5,0.976,0.78,-0.22840524575035917,0.84
control,1589,0.0,0.0,0.5,1.0,0.86,0.0,0.0
control,1590,0.0,0.0,0.5,1.0,1.0,0.0,0.0
control,1591,0.0,0.0,0.5,1.0,0.88,0.0,0.0
control,1592,0.0,0.0,0.5,1.0,0.84,0.0,0.0
control,1593,0.0,0.0,0.5,1.0,0.92,0.0,0.0
control,1594,0.0,0.0,0.5,1.0,0.92,0.0,0.0
control,1595,0.0,0.0,0.5,1.0,0.78,0.0,0.0
control,1596,0.0,0.0,0.5,1.0,0.84,0.0,0.0
control,1597,0.0,0.0,0.5,1.0,0.8,0.0,0.0
control,1598,0.0,0.0,0.5,1.0,0.74,0.0,0.0
control,1599,-25.0,0.0,0.5,0.96,0.84,-0.380675409583932,1.36
control,1600,-20.0,1.0,0.5,1.0,0.8,-0.34602461816576885,0.56
control,1601,0.0,0.0,0.5,1.0,0.92,0.0,0.0
control,1602,0.0,0.0,0.5,1.0,0.94,0.0,0.0
control,1603,-10.0,0.0,0.5,0.9840000000000001,0.82,-0.15227016383357278,0.96
control,1604,-25.0,0.0,0.5,0.96,0.8,-0.380675409583932,1.39
control,1605,0.0,0.0,0.5,1.0,0.92,0.0,0.0
control,1606,-5.0,0.0,0.5,0.992,0.82,-0.07613508191678639,0.3
control,1607,-5.0,0.0,0.5,0.992,0.88,-0.07613508191678639,0.19
control,1608,-20.0,0.0,0.5,0.968,0.8,-0.30454032766714556,1.22
control,1609,0.0,0.0,0.5,1.0,0.82,0.0,0.0
control,1610,0.0,0.0,0.5,1.0,0.88,0.0,0.0
control,1611,-25.0,0.0,0.5,0.96,0.72,-0.380675409583932,1.03
control,1612,0.0,0.0,0.5,1.0,0.86,0.0,0.0
control,1613,-5.0,0.0,0.5,0.992,0.88,-0.07613508191678639,0.4
control,1614,-10.0,0.0,0.5,0.9840000000000001,0.82,-0.15227016383357278,0.35
control,1615,-5.0,0.0,0.5,0.992,0.86,-0.07613508191678639,0.04
control,1616,0.0,0.0,0.5,1.0,0.86,0.0,0.0
control,1617,0.0,0.0,0.5,1.0,0.86,0.0,0.0
control,1618,-5.0,0.0,0.5,0.992,0.86,-0.07613508191678639,0.46
control,1619,0.0,0.0,0.5,1.0,0.86,0.0,0.0
control,1620,0.0,0.0,0.5,1.0,0.94,0.0,0.0
control,1621,-5.0,0.0,0.5,0.992,0.78,-0.07613508191678639,0.36
control,1622,0.0,0.0,0.5,1.0,0.84,0.0,0.0
control,1623,0.0,0.0,0.5,1.0,0.76,0.0,0.0
control,1624,0.0,0.0,0.5,1.0,0.86,0.0,0.0
control,1625,-5.0,0.0,0.5,0.992,0.88,-0.07613508191678639,0.17
control,1626,-5.0,0.0,0.5,0.992,0.82,-0.07613508191678639,0.16
control,1627,-5.0,0.0,0.5,0.992,0.78,-0.07613508191678639,0.26
control,1628,-45.0,2.0,0.5,0.992,0.78,-0.768184318248324,2.64
control,1629,-15.0,0.0,0.5,0.976,0.8,-0.22840524575035917,0.54
control,1630,-5.0,0.0,0.5,0.992,0.9,-0.07613508191678639,0.4
control,1631,-5.0,0.0,0.5,0.992,0.82,-0.07613508191678639,0.25
control,1632,0.0,0.0,0.5,1.0,0.92,0.0,0.0
control,1633,0.0,0.0,0.5,1.0,0.9,0.0,0.0
control,1634,0.0,0.0,0.5,1.0,0.88,0.0,0.0
control,1635,-5.0,0.0,0.5,0.992,0.88,-0.07613508191678639,0.43
control,1636,0.0,0.0,0.5,1.0,0.76,0.0,0.0
control,1637,0.0,0.0,0.5,1.0,0.9,0.0,0.0
control,1638,-30.0,1.0,0.5,0.9840000000000001,0.82,-0.49829478199934163,0.88
control,1639,0.0,0.0,0.5,1.0,0.88,0.0,0.0
control,1640,0.0,0.0,0.5,1.0,0.84,0.0,0.0
control,1641,-5.0,0.0,0.5,0.992,0.8,-0.07613508191678639,0.33
control,1642,0.0,0.0,0.5,1.0,0.84,0.0,0.0
control,1643,-5.0,0.0,0.5,0.992,0.86,-0.07613508191678639,0.45
control,1644,-15.0,0.0,0.5,0.976,0.82,-0.22840524575035917,0.9
control,1645,0.0,0.0,0.5,1.0,0.8,0.0,0.0
control,1646,-10.0,0.0,0.5,0.9840000000000001,0.88,-0.15227016383357278,0.75
control,1647,-10.0,0.0,0.5,0.9840000000000001,0.88,-0.15227016383357278,0.38
control,1648,0.0,0.0,0.5,1.0,0.86,0.0,0.0
control,1649,0.0,0.0,0.5,1.0,0.8,0.0,0.0
control,1650,-10.0,0.0,0.5,0.9840000000000001,0.9,-0.15227016383357278,0.31
control,1651,-10.0,0.0,0.5,0.9840000000000001,0.78,-0.15227016383357278,0.63
control,1652,-10.0,0.0,0.5,0.9840000000000001,0.84,-0.15227016383357278,0.89
control,1653,-10.0,0.0,0.5,0.9840000000000001,0.9,-0.15227016383357278,0.33
control,1654,-5.0,0.0,0.5,0.992,0.82,-0.07613508191678639,0.22
control,1655,-10.0,0.0,0.5,0.9840000000000001,0.74,-0.15227016383357278,0.56
control,1656,-20.0,0.0,0.5,0.968,0.72,-0.30454032766714556,0.74
control,1657,0.0,0.0,0.5,1.0,0.9,0.0,0.0
control,1658,-30.0,1.0,0.5,0.9840000000000001,0.74,-0.49829478199934163,2.1
control,1659,-5.0,0.0,0.5,0.992,0.88,-0.07613508191678639,0.11
control,1660,-20.0,0.0,0.5,0.968,0.82,-0.30454032766714556,0.67
control,1661,-5.0,0.0,0.5,0.992,0.82,-0.07613508191678639,0.3
control,1662,-10.0,0.0,0.5,0.9840000000000001,0.76,-0.15227016383357278,0.84
control,1663,0.0,0.0,0.5,1.0,0.88,0.0,0.0
control,1664,0.0,0.0,0.5,1.0,0.86,0.0,0.0
control,1665,0.0,0.0,0.5,1.0,0.94,0.0,0.0
control,1666,-5.0,0.0,0.5,0.992,0.82,-0.07613508191678639,0.27
control,1667,0.0,0.0,0.5,1.0,0.86,0.0,0.0
control,1668,-5.0,0.0,0.5,0.992,0.76,-0.07613508191678639,0.18
control,1669,-10.0,0.0,0.5,0.9840000000000001,0.72,-0.15227016383357278,0.54
control,1670,0.0,0.0,0.5,1.0,0.8,0.0,0.0
control,1671,-20.0,0.0,0.5,0.968,0.78,-0.30454032766714556,1.0
control,1672,0.0,0.0,0.5,1.0,0.88,0.0,0.0
control,1673,0.0,0.0,0.5,1.0,0.8,0.0,0.0
control,1674,0.0,0.0,0.5,1.0,0.86,0.0,0.0
control,1675,0.0,0.0,0.5,1.0,0.86,0.0,0.0
control,1676,-20.0,0.0,0.5,0.968,0.76,-0.30454032766714556,0.82
control,1677,0.0,0.0,0.5,1.0,0.88,0.0,0.0
control,1678,0.0,0.0,0.5,1.0,0.9,0.0,0.0
control,1679,-10.0,0.0,0.5,0.9840000000000001,0.88,-0.15227016383357278,0.44
control,1680,-20.0,0.0,0.5,0.968,0.82,-0.30454032766714556,0.82
control,1681,0.0,0.0,0.5,1.0,0.94,0.0,0.0
control,1682,0.0,0.0,0.5,1.0,0.82,0.0,0.0
control,1683,-5.0,0.0,0.5,0.992,0.88,-0.07613508191678639,0.41
control,1684,-15.0,0.0,0.5,0.976,0.82,-0.22840524575035917,0.57
control,1685,0.0,0.0,0.5,1.0,0.86,0.0,0.0
control,1686,-10.0,0.0,0.5,0.9840000000000001,0.88,-0.15227016383357278,0.41
control,1687,0.0,0.0,0.5,1.0,0.88,0.0,0.0
control,1688,-15.0,0.0,0.5,0.976,0.78,-0.22840524575035917,0.97
control,1689,0.0,0.0,0.5,1.0,0.84,0.0,0.0
control,1690,0.0,0.0,0.5,1.0,0.88,0.0,0.0
control,1691,0.0,0.0,0.5,1.0,0.78,0.0,0.0
control,1692,0.0,0.0,0.5,1.0,0.92,0.0,0.0
control,1693,0.0,0.0,0.5,1.0,0.84,0.0,0.0
control,1694,0.0,0.0,0.5,1.0,0.86,0.0,0.0
control,1695,0.0,0.0,0.5,1.0,0.92,0.0,0.0
control,1696,0.0,0.0,0.5,1.0,0.92,0.0,0.0
control,1697,-5.0,0.0,0.5,0.992,0.84,-0.07613508191678639,0.28
control,1698,0.0,0.0,0.5,1.0,0.84,0.0,0.0
control,1699,0.0,0.0,0.5,1.0,0.92,0.0,0.0
control,1700,0.0,0.0,0.5,1.0,0.88,0.0,0.0
control,1701,-5.0,0.0,0.5,0.992,0.86,-0.07613508191678639,0.36
control,1702,0.0,0.0,0.5,1.0,0.86,0.0,0.0
control,1703,-5.0,0.0,0.5,0.992,0.86,-0.07613508191678639,0.13
control,1704,-10.0,0.0,0.5,0.9840000000000001,0.78,-0.15227016383357278,0.28
control,1705,0.0,0.0,0.5,1.0,0.9,0.0,0.0
control,1706,-5.0,0.0,0.5,0.992,0.9,-0.07613508191678639,0.01
control,1707,-5.0,0.0,0.5,0.992,0.9,-0.07613508191678639,0.03
control,1708,-5.0,0.0,0.5,0.992,0.84,-0.07613508191678639,0.47
control,1709,-5.0,0.0,0.5,0.992,0.88,-0.07613508191678639,0.12
control,1710,0.0,0.0,0.5,1.0,0.86,0.0,0.0
control,1711,0.0,0.0,0.5,1.0,0.82,0.0,0.0
control,1712,-15.0,0.0,0.5,0.976,0.76,-0.22840524575035917,0.51
control,1713,0.0,0.0,0.5,1.0,0.82,0.0,0.0
control,1714,0.0,0.0,0.5,1.0,0.84,0.0,0.0
control,1715,-5.0,0.0,0.5,0.992,0.8,-0.07613508191678639,0.36
control,1716,-5.0,0.0,0.5,0.992,0.8,-0.07613508191678639,0.2
control,1717,-20.0,0.0,0.5,0.968,0.76,-0.30454032766714556,0.79
control,1718,0.0,0.0,0.5,1.0,0.94,0.0,0.0
control,1719,-5.0,0.0,0.5,0.992,0.94,-0.07613508191678639,0.12
control,1720,-10.0,0.0,0.5,0.9840000000000001,0.84,-0.15227016383357278,0.65
control,1721,0.0,0.0,0.5,1.0,0.88,0.0,0.0
control,1722,-10.0,0.0,0.5,0.9840000000000001,0.76,-0.15227016383357278,0.5
control,1723,-5.0,0.0,0.5,0.992,0.92,-0.07613508191678639,0.43
control,1724,0.0,0.0,0.5,1.0,0.88,0.0,0.0
control,1725,0.0,0.0,0.5,1.0,0.88,0.0,0.0
control,1726,0.0,0.0,0.5,1.0,0.9,0.0,0.0
control,1727,0.0,0.0,0.5,1.0,0.82,0.0,0.0
control,1728,-10.0,0.0,0.5,0.9840000000000001,0.78,-0.15227016383357278,0.55
control,1729,0.0,0.0,0.5,1.0,0.9,0.0,0.0
control,1730,0.0,0.0,0.5,1.0,0.9,0.0,0.0
control,1731,0.0,0.0,0.5,1.0,0.82,0.0,0.0
control,1732,0.0,0.0,0.5,1.0,0.82,0.0,0.0
control,1733,0.0,0.0,0.5,1.0,0.9,0.0,0.0
control,1734,0.0,0.0,0.5,1.0,0.88,0.0,0.0
control,1735,0.0,0.0,0.5,1.0,0.82,0.0,0.0
control,1736,0.0,0.0,0.5,1.0,0.82,0.0,0.0
control,1737,0.0,0.0,0.5,1.0,0.88,0.0,0.0
control,1738,0.0,0.0,0.5,1.0,0.88,0.0,0.0
control,1739,-5.0,0.0,0.5,0.992,0.78,-0.07613508191678639,0.35
control,1740,0.0,0.0,0.5,1.0,0.9,0.0,0.0
control,1741,0.0,0.0,0.5,1.0,0.86,0.0,0.0
control,1742,0.0,0.0,0.5,1.0,0.8,0.0,0.0
control,1743,0.0,0.0,0.5,1.0,0.84,0.0,0.0
control,1744,0.0,0.0,0.5,1.0,0.9,0.0,0.0
control,1745,0.0,0.0,0.5,1.0,0.86,0.0,0.0
control,1746,0.0,0.0,0.5,1.0,0.82,0.0,0.0
control,1747,0.0,0.0,0.5,1.0,0.82,0.0,0.0
control,1748,-15.0,0.0,0.5,0.976,0.74,-0.22840524575035917,1.11
control,1749,-10.0,0.0,0.5,0.9840000000000001,0.82,-0.15227016383357278,0.45
control,1750,0.0,0.0,0.5,1.0,0.88,0.0,0.0
control,1751,0.0,0.0,0.5,1.0,0.92,0.0,0.0
control,1752,-5.0,0.0,0.5,0.992,0.88,-0.07613508191678639,0.08
control,1753,0.0,0.0,0.5,1.0,0.9,0.0,0.0
control,1754,0.0,0.0,0.5,1.0,0.88,0.0,0.0
control,1755,0.0,0.0,0.5,1.0,0.84,0.0,0.0
control,1756,0.0,0.0,0.5,1.0,0.96,0.0,0.0
control,1757,0.0,0.0,0.5,1.0,0.88,0.0,0.0
control,1758,0.0,0.0,0.5,1.0,0.86,0.0,0.0
control,1759,-5.0,0.0,0.5,0.992,0.84,-0.07613508191678639,0.43
control,1760,-5.0,0.0,0.5,0.992,0.92,-0.07613508191678639,0.14
control,1761,0.0,0.0,0.5,1.0,0.96,0.0,0.0
control,1762,-15.0,0.0,0.5,0.9760000000000001,0.82,-0.22840524575035917,0.41
control,1763,-20.0,0.0,0.5,0.968,0.84,-0.30454032766714556,1.5
control,1764,-5.0,0.0,0.5,0.992,0.88,-0.07613508191678639,0.12
control,1765,0.0,0.0,0.5,1.0,0.78,0.0,0.0
control,1766,0.0,0.0,0.5,1.0,0.9,0.0,0.0
control,1767,0.0,0.0,0.5,1.0,0.84,0.0,0.0
control,1768,-5.0,0.0,0.5,0.992,0.88,-0.07613508191678639,0.41
control,1769,0.0,0.0,0.5,1.0,0.82,0.0,0.0
control,1770,0.0,0.0,0.5,1.0,0.78,0.0,0.0
control,1771,0.0,0.0,0.5,1.0,0.84,0.0,0.0
control,1772,-5.0,0.0,0.5,0.992,0.82,-0.07613508191678639,0.23
control,1773,0.0,0.0,0.5,1.0,0.94,0.0,0.0
control,1774,-5.0,0.0,0.5,0.992,0.82,-0.07613508191678639,0.49
control,1775,0.0,0.0,0.5,1.0,0.92,0.0,0.0
control,1776,0.0,0.0,0.5,1.0,0.84,0.0,0.0
control,1777,0.0,0.0,0.5,1.0,0.86,0.0,0.0
control,1778,0.0,0.0,0.5,1.0,0.76,0.0,0.0
control,1779,-5.0,0.0,0.5,0.992,0.86,-0.07613508191678639,0.26
control,1780,0.0,0.0,0.5,1.0,0.9,0.0,0.0
control,1781,-5.0,0.0,0.5,0.992,0.92,-0.07613508191678639,0.09
control,1782,-5.0,0.0,0.5,0.992,0.86,-0.07613508191678639,0.42
control,1783,-5.0,0.0,0.5,0.992,0.88,-0.07613508191678639,0.43
control,1784,-20.0,0.0,0.5,0.968,0.76,-0.30454032766714556,1.16
control,1785,0.0,0.0,0.5,1.0,0.8,0.0,0.0
control,1786,-10.0,0.0,0.5,0.9840000000000001,0.9,-0.15227016383357278,0.52
control,1787,-10.0,0.0,0.5,0.9840000000000001,0.92,-0.15227016383357278,0.6
control,1788,-5.0,0.0,0.5,0.992,0.86,-0.07613508191678639,0.2
control,1789,-10.0,0.0,0.5,0.9840000000000001,0.76,-0.15227016383357278,0.13
control,1790,-20.0,0.0,0.5,0.968,0.78,-0.30454032766714556,1.31
control,1791,-10.0,0.0,0.5,0.9840000000000001,0.76,-0.15227016383357278,0.33
control,1792,0.0,0.0,0.5,1.0,0.9,0.0,0.0
control,1793,-5.0,0.0,0.5,0.992,0.86,-0.07613508191678639,0.36
control,1794,-5.0,0.0,0.5,0.992,0.82,-0.07613508191678639,0.08
control,1795,0.0,0.0,0.5,1.0,0.88,0.0,0.0
control,1796,0.0,0.0,0.5,1.0,0.72,0.0,0.0
control,1797,0.0,0.0,0.5,1.0,0.88,0.0,0.0
control,1798,0.0,0.0,0.5,1.0,0.98,0.0,0.0
control,1799,-5.0,0.0,0.5,0.992,0.9,-0.07613508191678639,0.42
control,1800,0.0,0.0,0.5,1.0,0.92,0.0,0.0
control,1801,0.0,0.0,0.5,1.0,0.84,0.0,0.0
control,1802,-10.0,0.0,0.5,0.9840000000000001,0.88,-0.15227016383357278,0.42
control,1803,-5.0,0.0,0.5,0.992,0.8,-0.07613508191678639,0.02
control,1804,0.0,0.0,0.5,1.0,0.88,0.0,0.0
control,1805,0.0,0.0,0.5,1.0,0.9,0.0,0.0
control,1806,0.0,0.0,0.5,1.0,0.92,0.0,0.0
control,1807,0.0,0.0,0.5,1.0,0.9,0.0,0.0
control,1808,-5.0,0.0,0.5,0.992,0.9,-0.07613508191678639,0.38
control,1809,0.0,0.0,0.5,1.0,0.9,0.0,0.0
control,1810,0.0,0.0,0.5,1.0,0.86,0.0,0.0
control,1811,-5.0,0.0,0.5,0.992,0.92,-0.07613508191678639,0.05
control,1812,0.0,0.0,0.5,1.0,0.86,0.0,0.0
control,1813,-5.0,0.0,0.5,0.992,0.78,-0.07613508191678639,0.47
control,1814,-15.0,0.0,0.5,0.976,0.76,-0.22840524575035917,1.07
control,1815,-5.0,0.0,0.5,0.992,0.78,-0.07613508191678639,0.14
control,1816,0.0,0.0,0.5,1.0,0.92,0.0,0.0
control,1817,-5.0,0.0,0.5,0.992,0.92,-0.07613508191678639,0.23
control,1818,-10.0,0.0,0.5,0.9840000000000001,0.82,-0.15227016383357278,0.25
control,1819,-5.0,0.0,0.5,0.992,0.84,-0.07613508191678639,0.37
control,1820,0.0,0.0,0.5,1.0,0.82,0.0,0.0
control,1821,-5.0,0.0,0.5,0.992,0.84,-0.07613508191678639,0.12
control,1822,0.0,0.0,0.5,1.0,0.9,0.0,0.0
control,1823,-15.0,0.0,0.5,0.976,0.84,-0.22840524575035917,0.38
control,1824,-10.0,0.0,0.5,0.9840000000000001,0.8,-0.15227016383357278,0.31
control,1825,-10.0,0.0,0.5,0.9840000000000001,0.8,-0.15227016383357278,0.87
control,1826,-5.0,0.0,0.5,0.992,0.88,-0.07613508191678639,0.05
control,1827,-5.0,0.0,0.5,0.992,0.84,-0.07613508191678639,0.15
control,1828,0.0,0.0,0.5,1.0,0.88,0.0,0.0
control,1829,-5.0,0.0,0.5,0.992,0.84,-0.07613508191678639,0.35
control,1830,0.0,0.0,0.5,1.0,0.9,0.0,0.0
control,1831,0.0,0.0,0.5,1.0,0.9,0.0,0.0
control,1832,0.0,0.0,0.5,1.0,0.8,0.0,0.0
control,1833,0.0,0.0,0.5,1.0,0.96,0.0,0.0
control,1834,-10.0,0.0,0.5,0.9840000000000001,0.8,-0.15227016383357278,0.4
control,1835,0.0,0.0,0.5,1.0,0.88,0.0,0.0
control,1836,0.0,0.0,0.5,1.0,0.88,0.0,0.0
control,1837,-5.0,0.0,0.5,0.992,0.8,-0.07613508191678639,0.47
control,1838,0.0,0.0,0.5,1.0,0.84,0.0,0.0
control,1839,-5.0,0.0,0.5,0.992,0.94,-0.07613508191678639,0.23
control,1840,-10.0,0.0,0.5,0.9840000000000001,0.76,-0.15227016383357278,0.64
control,1841,0.0,0.0,0.5,1.0,0.88,0.0,0.0
control,1842,-10.0,0.0,0.5,0.9840000000000001,0.84,-0.15227016383357278,0.84
control,1843,0.0,0.0,0.5,1.0,0.88,0.0,0.0
control,1844,-10.0,0.0,0.5,0.9840000000000001,0.9,-0.15227016383357278,0.89
control,1845,0.0,0.0,0.5,1.0,0.88,0.0,0.0
control,1846,0.0,0.0,0.5,1.0,0.86,0.0,0.0
control,1847,0.0,0.0,0.5,1.0,0.8,0.0,0.0
control,1848,0.0,0.0,0.5,1.0,0.9,0.0,0.0
control,1849,0.0,0.0,0.5,1.0,0.8,0.0,0.0
control,1850,0.0,0.0,0.5,1.0,0.94,0.0,0.0
control,1851,0.0,0.0,0.5,1.0,0.94,0.0,0.0
control,1852,0.0,0.0,0.5,1.0,0.9,0.0,0.0
control,1853,0.0,0.0,0.5,1.0,0.82,0.0,0.0
control,1854,0.0,0.0,0.5,1.0,0.9,0.0,0.0
control,1855,-25.0,0.0,0.5,0.96,0.8,-0.380675409583932,0.92
control,1856,0.0,0.0,0.5,1.0,0.92,0.0,0.0
control,1857,0.0,0.0,0.5,1.0,0.8,0.0,0.0
control,1858,-5.0,0.0,0.5,0.992,0.88,-0.07613508191678639,0.26
control,1859,0.0,0.0,0.5,1.0,0.9,0.0,0.0
control,1860,-20.0,0.0,0.5,0.968,0.8,-0.30454032766714556,1.06
control,1861,-5.0,0.0,0.5,0.992,0.8,-0.07613508191678639,0.27
control,1862,-15.0,0.0,0.5,0.976,0.78,-0.22840524575035917,0.75
control,1863,0.0,0.0,0.5,1.0,0.84,0.0,0.0
control,1864,0.0,0.0,0.5,1.0,0.8,0.0,0.0
control,1865,-5.0,0.0,0.5,0.992,0.84,-0.07613508191678639,0.37
control,1866,-5.0,0.0,0.5,0.992,0.8,-0.07613508191678639,0.19
control,1867,0.0,0.0,0.5,1.0,0.8,0.0,0.0
control,1868,-10.0,0.0,0.5,0.9840000000000001,0.88,-0.15227016383357278,0.37
control,1869,0.0,0.0,0.5,1.0,0.9,0.0,0.0
control,1870,-5.0,0.0,0.5,0.992,0.82,-0.07613508191678639,0.28
control,1871,0.0,0.0,0.5,1.0,0.9,0.0,0.0
control,1872,0.0,0.0,0.5,1.0,0.88,0.0,0.0
control,1873,-5.0,0.0,0.5,0.992,0.88,-0.07613508191678639,0.14
control,1874,-5.0,0.0,0.5,0.992,0.9,-0.07613508191678639,0.14
control,1875,-20.0,0.0,0.5,0.968,0.78,-0.30454032766714556,0.94
control,1876,-20.0,1.0,0.5,1.0,0.88,-0.34602461816576885,0.68
control,1877,0.0,0.0,0.5,1.0,0.84,0.0,0.0
control,1878,-25.0,1.0,0.5,0.992,0.76,-0.42215970008255527,1.13
control,1879,-10.0,0.0,0.5,0.9840000000000001,0.82,-0.15227016383357278,0.25
control,1880,-15.0,0.0,0.5,0.976,0.78,-0.22840524575035917,1.04
control,1881,0.0,0.0,0.5,1.0,0.84,0.0,0.0
control,1882,-10.0,0.0,0.5,0.9840000000000001,0.86,-0.15227016383357278,0.2
control,1883,0.0,0.0,0.5,1.0,0.94,0.0,0.0
control,1884,0.0,0.0,0.5,1.0,0.84,0.0,0.0
control,1885,-5.0,0.0,0.5,0.992,0.94,-0.07613508191678639,0.14
control,1886,0.0,0.0,0.5,1.0,0.84,0.0,0.0
control,1887,0.0,0.0,0.5,1.0,0.86,0.0,0.0
control,1888,-5.0,0.0,0.5,0.992,0.8,-0.07613508191678639,0.18
control,1889,0.0,0.0,0.5,1.0,0.8,0.0,0.0
control,1890,0.0,0.0,0.5,1.0,0.76,0.0,0.0
control,1891,-50.0,2.0,0.5,0.9840000000000001,0.76,-0.8443194001651103,1.98
control,1892,0.0,0.0,0.5,1.0,0.88,0.0,0.0
control,1893,-15.0,0.0,0.5,0.976,0.88,-0.22840524575035917,0.53
control,1894,0.0,0.0,0.5,1.0,0.9,0.0,0.0
control,1895,0.0,0.0,0.5,1.0,0.92,0.0,0.0
control,1896,0.0,0.0,0.5,1.0,0.82,0.0,0.0
control,1897,0.0,0.0,0.5,1.0,0.88,0.0,0.0
control,1898,-10.0,0.0,0.5,0.9840000000000001,0.88,-0.15227016383357278,0.51
control,1899,-5.0,0.0,0.5,0.992,0.84,-0.07613508191678639,0.4
control,1900,-5.0,0.0,0.5,0.992,0.74,-0.07613508191678639,0.02
control,1901,-5.0,0.0,0.5,0.992,0.86,-0.07613508191678639,0.05
control,1902,-5.0,0.0,0.5,0.992,0.84,-0.07613508191678639,0.45
control,1903,0.0,0.0,0.5,1.0,0.88,0.0,0.0
control,1904,-10.0,0.0,0.5,0.9840000000000001,0.84,-0.15227016383357278,0.54
control,1905,0.0,0.0,0.5,1.0,0.82,0.0,0.0
control,1906,-15.0,0.0,0.5,0.976,0.86,-0.22840524575035917,0.99
control,1907,-5.0,0.0,0.5,0.992,0.8,-0.07613508191678639,0.26
control,1908,-10.0,0.0,0.5,0.9840000000000001,0.88,-0.15227016383357278,0.34
control,1909,0.0,0.0,0.5,1.0,0.88,0.0,0.0
control,1910,-10.0,0.0,0.5,0.9840000000000001,0.82,-0.15227016383357278,0.83
control,1911,-5.0,0.0,0.5,0.992,0.9,-0.07613508191678639,0.27
control,1912,0.0,0.0,0.5,1.0,0.92,0.0,0.0
control,1913,-10.0,0.0,0.5,0.9840000000000001,0.88,-0.15227016383357278,0.42
control,1914,0.0,0.0,0.5,1.0,0.88,0.0,0.0
control,1915,-5.0,0.0,0.5,0.992,0.84,-0.07613508191678639,0.28
control,1916,-5.0,0.0,0.5,0.992,0.8,-0.07613508191678639,0.29
control,1917,-10.0,0.0,0.5,0.9840000000000001,0.82,-0.15227016383357278,0.39
control,1918,0.0,0.0,0.5,1.0,0.82,0.0,0.0
control,1919,-10.0,0.0,0.5,0.9840000000000001,0.92,-0.15227016383357278,0.17
control,1920,0.0,0.0,0.5,1.0,0.92,0.0,0.0
control,1921,0.0,0.0,0.5,1.0,0.84,0.0,0.0
control,1922,0.0,0.0,0.5,1.0,0.94,0.0,0.0
control,1923,0.0,0.0,0.5,1.0,0.8,0.0,0.0
control,1924,0.0,0.0,0.5,1.0,0.88,0.0,0.0
control,1925,-20.0,1.0,0.5,1.0,0.82,-0.34602461816576885,0.36
control,1926,-5.0,0.0,0.5,0.992,0.8,-0.07613508191678639,0.4
control,1927,-5.0,0.0,0.5,0.992,0.86,-0.07613508191678639,0.02
control,1928,0.0,0.0,0.5,1.0,0.84,0.0,0.0
control,1929,0.0,0.0,0.5,1.0,0.8,0.0,0.0
control,1930,0.0,0.0,0.5,1.0,0.9,0.0,0.0
control,1931,-5.0,0.0,0.5,0.992,0.86,-0.07613508191678639,0.11
control,1932,0.0,0.0,0.5,1.0,0.84,0.0,0.0
control,1933,-5.0,0.0,0.5,0.992,0.82,-0.07613508191678639,0.24
control,1934,-5.0,0.0,0.5,0.992,0.76,-0.07613508191678639,0.14
control,1935,0.0,0.0,0.5,1.0,0.84,0.0,0.0
control,1936,0.0,0.0,0.5,1.0,0.88,0.0,0.0
control,1937,-5.0,0.0,0.5,0.992,0.82,-0.07613508191678639,0.36
control,1938,-5.0,0.0,0.5,0.992,0.88,-0.07613508191678639,0.45
control,1939,0.0,0.0,0.5,1.0,0.74,0.0,0.0
control,1940,0.0,0.0,0.5,1.0,0.86,0.0,0.0
control,1941,0.0,0.0,0.5,1.0,0.9,0.0,0.0
control,1942,-5.0,0.0,0.5,0.992,0.84,-0.07613508191678639,0.19
control,1943,-25.0,1.0,0.5,0.992,0.86,-0.42215970008255527,1.32
control,1944,0.0,0.0,0.5,1.0,0.84,0.0,0.0
control,1945,-10.0,0.0,0.5,0.9840000000000001,0.9,-0.15227016383357278,0.5
control,1946,0.0,0.0,0.5,1.0,0.92,0.0,0.0
control,1947,-5.0,0.0,0.5,0.992,0.8,-0.07613508191678639,0.11
control,1948,-5.0,0.0,0.5,0.992,0.86,-0.07613508191678639,0.15
control,1949,0.0,0.0,0.5,1.0,0.86,0.0,0.0
control,1950,-5.0,0.0,0.5,0.992,0.86,-0.07613508191678639,0.29
control,1951,-10.0,0.0,0.5,0.9840000000000001,0.82,-0.15227016383357278,0.7
control,1952,0.0,0.0,0.5,1.0,0.78,0.0,0.0
control,1953,0.0,0.0,0.5,1.0,0.84,0.0,0.0
control,1954,-15.0,0.0,0.5,0.976,0.88,-0.22840524575035917,0.69
control,1955,0.0,0.0,0.5,1.0,0.86,0.0,0.0
control,1956,0.0,0.0,0.5,1.0,0.76,0.0,0.0
control,1957,-30.0,1.0,0.5,0.9840000000000001,0.82,-0.49829478199934163,0.28
control,1958,0.0,0.0,0.5,1.0,0.82,0.0,0.0
control,1959,-5.0,0.0,0.5,0.992,0.9,-0.07613508191678639,0.21
control,1960,0.0,0.0,0.5,1.0,0.74,0.0,0.0
control,1961,0.0,0.0,0.5,1.0,0.9,0.0,0.0
control,1962,0.0,0.0,0.5,1.0,0.84,0.0,0.0
control,1963,-5.0,0.0,0.5,0.992,0.84,-0.07613508191678639,0.09
control,1964,0.0,0.0,0.5,1.0,0.8,0.0,0.0
control,1965,0.0,0.0,0.5,1.0,0.84,0.0,0.0
control,1966,-10.0,0.0,0.5,0.9840000000000001,0.78,-0.15227016383357278,0.71
control,1967,0.0,0.0,0.5,1.0,0.86,0.0,0.0
control,1968,0.0,0.0,0.5,1.0,0.82,0.0,0.0
control,1969,-5.0,0.0,0.5,0.992,0.82,-0.07613508191678639,0.06
control,1970,-15.0,0.0,0.5,0.976,0.88,-0.22840524575035917,0.46
control,1971,0.0,0.0,0.5,1.0,0.82,0.0,0.0
control,1972,0.0,0.0,0.5,1.0,0.92,0.0,0.0
control,1973,-5.0,0.0,0.5,0.992,0.86,-0.07613508191678639,0.22
control,1974,0.0,0.0,0.5,1.0,0.88,0.0,0.0
control,1975,0.0,0.0,0.5,1.0,0.9,0.0,0.0
control,1976,-5.0,0.0,0.5,0.992,0.82,-0.07613508191678639,0.19
control,1977,0.0,0.0,0.5,1.0,0.78,0.0,0.0
control,1978,-5.0,0.0,0.5,0.992,0.8,-0.07613508191678639,0.4
control,1979,0.0,0.0,0.5,1.0,0.94,0.0,0.0
control,1980,0.0,0.0,0.5,1.0,0.84,0.0,0.0
control,1981,0.0,0.0,0.5,1.0,0.92,0.0,0.0
control,1982,-5.0,0.0,0.5,0.992,0.8,-0.07613508191678639,0.31
control,1983,0.0,0.0,0.5,1.0,0.84,0.0,0.0
control,1984,0.0,0.0,0.5,1.0,0.88,0.0,0.0
control,1985,0.0,0.0,0.5,1.0,0.88,0.0,0.0
control,1986,-10.0,0.0,0.5,0.9840000000000001,0.8,-0.15227016383357278,0.85
control,1987,-5.0,0.0,0.5,0.992,0.96,-0.07613508191678639,0.04
control,1988,-5.0,0.0,0.5,0.992,0.86,-0.07613508191678639,0.18
control,1989,-5.0,0.0,0.5,0.992,0.8,-0.07613508191678639,0.39
control,1990,-10.0,0.0,0.5,0.9840000000000001,0.84,-0.15227016383357278,0.6
control,1991,-50.0,2.0,0.5,0.9840000000000001,0.8,-0.8443194001651105,2.73
control,1992,-10.0,0.0,0.5,0.9840000000000001,0.84,-0.15227016383357278,0.82
control,1993,0.0,0.0,0.5,1.0,0.92,0.0,0.0
control,1994,0.0,0.0,0.5,1.0,0.9,0.0,0.0
control,1995,0.0,0.0,0.5,1.0,0.8,0.0,0.0
control,1996,-20.0,0.0,0.5,0.968,0.82,-0.30454032766714556,0.5
control,1997,0.0,0.0,0.5,1.0,0.88,0.0,0.0
control,1998,0.0,0.0,0.5,1.0,0.88,0.0,0.0
control,1999,-5.0,0.0,0.5,0.992,0.78,-0.07613508191678639,0.25
control,2000,0.0,0.0,0.5,1.0,0.84,0.0,0.0
simbiosis,1,0.0,0.0,0.5,1.0,0.84,0.0,0.0
simbiosis,2,-4.982004545227094,0.0,0.5,0.992,0.84,-0.06964009090454187,0.03
simbiosis,3,-25.982004545227092,0.0,0.5,0.992,0.86,-0.06964009090454187,0.45
simbiosis,4,0.0,0.0,0.5,1.0,0.82,0.0,0.0
simbiosis,5,-21.982004545227092,0.0,0.5,0.992,0.8,-0.06964009090454187,0.37
simbiosis,6,0.0,0.0,0.5,1.0,0.78,0.0,0.0
simbiosis,7,-26.982004545227092,0.0,0.5,0.992,0.8,-0.06964009090454187,0.47
simbiosis,8,-46.80728853888662,1.0,0.5,0.992,0.82,-0.38614577077773243,0.55
simbiosis,9,0.0,0.0,0.5,1.0,0.86,0.0,0.0
simbiosis,10,0.0,0.0,0.5,1.0,0.88,0.0,0.0
simbiosis,11,0.0,0.0,0.5,1.0,0.88,0.0,0.0
simbiosis,12,-23.825283993659525,0.0,0.52,1.0,0.72,-0.31650567987319056,0.16
simbiosis,13,-11.482004545227094,0.0,0.5,0.992,0.76,-0.06964009090454187,0.16
simbiosis,14,-39.464009090454184,0.0,0.5,0.9840000000000001,0.8,-0.13928018180908375,0.65
simbiosis,15,0.0,0.0,0.5,1.0,0.8,0.0,0.0
simbiosis,16,0.0,0.0,0.5,1.0,0.7,0.0,0.0
simbiosis,17,-25.482004545227092,0.0,0.5,0.992,0.78,-0.06964009090454187,0.44
simbiosis,18,-62.98200454522709,0.0,0.5,0.992,0.82,-0.06964009090454187,1.19
simbiosis,19,-3.9820045452270936,0.0,0.5,0.992,0.82,-0.06964009090454187,0.01
simbiosis,20,0.0,0.0,0.5,1.0,0.78,0.0,0.0
simbiosis,21,0.0,0.0,0.5,1.0,0.86,0.0,0.0
simbiosis,22,-20.982004545227092,0.0,0.5,0.992,0.9,-0.06964009090454187,0.35
simbiosis,23,0.0,0.0,0.5,1.0,0.88,0.0,0.0
simbiosis,24,0.0,0.0,0.5,1.0,0.74,0.0,0.0
simbiosis,25,-13.412641996829763,0.0,0.51,1.0,0.7,-0.15825283993659528,0.11
simbiosis,26,0.0,0.0,0.5,1.0,0.86,0.0,0.0
simbiosis,27,0.0,0.0,0.5,1.0,0.86,0.0,0.0
simbiosis,28,0.0,0.0,0.5,1.0,0.88,0.0,0.0
simbiosis,29,0.0,0.0,0.5,1.0,0.78,0.0,0.0
simbiosis,30,-190.5,0.0,0.5,1.0,0.78,0.0,3.81
simbiosis,31,-4.482004545227094,0.0,0.5,0.992,0.72,-0.06964009090454187,0.02
simbiosis,32,0.0,0.0,0.5,1.0,0.9,0.0,0.0
simbiosis,33,0.0,0.0,0.5,1.0,0.86,0.0,0.0
simbiosis,34,-69.73792599048929,1.0,0.51,1.0,0.78,-0.47475851980978584,0.92
simbiosis,35,-52.894646542056854,0.0,0.51,0.992,0.8,-0.22789293084113715,0.83
simbiosis,36,-23.964009090454187,0.0,0.5,0.9840000000000001,0.72,-0.13928018180908375,0.34
simbiosis,37,0.0,0.0,0.5,1.0,0.9,0.0,0.0
simbiosis,38,-19.982004545227092,0.0,0.5,0.992,0.76,-0.06964009090454187,0.33
simbiosis,39,0.0,0.0,0.5,1.0,0.8,0.0,0.0
simbiosis,40,0.0,0.0,0.5,1.0,0.78,0.0,0.0
simbiosis,41,0.0,0.0,0.5,1.0,0.9,0.0,0.0
simbiosis,42,-9.0,0.0,0.5,1.0,0.8,0.0,0.18
simbiosis,43,-22.964009090454187,0.0,0.5,0.9840000000000001,0.88,-0.13928018180908375,0.32
simbiosis,44,-7.982004545227094,0.0,0.5,0.992,0.76,-0.06964009090454187,0.09
simbiosis,45,-26.912641996829763,0.0,0.51,1.0,0.76,-0.15825283993659528,0.38
simbiosis,46,-12.964009090454187,0.0,0.5,0.9840000000000001,0.78,-0.13928018180908375,0.12
simbiosis,47,0.0,0.0,0.5,1.0,0.88,0.0,0.0
simbiosis,48,0.0,0.0,0.5,1.0,0.82,0.0,0.0
simbiosis,49,0.0,0.0,0.5,1.0,0.92,0.0,0.0
simbiosis,50,0.0,0.0,0.5,1.0,0.86,0.0,0.0
simbiosis,51,0.0,0.0,0.5,1.0,0.84,0.0,0.0
simbiosis,52,-63.0,0.0,0.5,1.0,0.78,0.0,1.26
simbiosis,53,-22.964009090454187,0.0,0.5,0.9840000000000001,0.78,-0.13928018180908375,0.32
simbiosis,54,-37.44601363568128,0.0,0.5,0.976,0.84,-0.20892027271362562,0.54
simbiosis,55,-134.7533021745679,1.0,0.5,0.968,0.8,-0.595066043491358,2.1
simbiosis,56,-19.912641996829763,0.0,0.51,1.0,0.76,-0.15825283993659528,0.24
simbiosis,57,0.0,0.0,0.5,1.0,0.94,0.0,0.0
simbiosis,58,-27.412641996829763,0.0,0.51,1.0,0.86,-0.15825283993659528,0.39
simbiosis,59,0.0,0.0,0.5,1.0,0.76,0.0,0.0
simbiosis,60,0.0,0.0,0.5,1.0,0.94,0.0,0.0
simbiosis,61,-12.912641996829763,0.0,0.51,1.0,0.82,-0.15825283993659528,0.1
simbiosis,62,0.0,0.0,0.5,1.0,0.88,0.0,0.0
simbiosis,63,-13.482004545227094,0.0,0.5,0.992,0.88,-0.06964009090454187,0.2
simbiosis,64,-15.482004545227094,0.0,0.5,0.992,0.84,-0.06964009090454187,0.24
simbiosis,65,0.0,0.0,0.5,1.0,0.92,0.0,0.0
simbiosis,66,0.0,0.0,0.5,1.0,0.9,0.0,0.0
simbiosis,67,-50.928018180908374,0.0,0.5,0.968,0.84,-0.2785603636181675,0.74
simbiosis,68,0.0,0.0,0.5,1.0,0.86,0.0,0.0
simbiosis,69,0.0,0.0,0.5,1.0,0.92,0.0,0.0
simbiosis,70,-4.982004545227094,0.0,0.5,0.992,0.9,-0.06964009090454187,0.03
simbiosis,71,-4.982004545227094,0.0,0.5,0.992,0.88,-0.06964009090454187,0.03
simbiosis,72,0.0,0.0,0.5,1.0,0.8,0.0,0.0
simbiosis,73,0.0,0.0,0.5,1.0,0.92,0.0,0.0
simbiosis,74,0.0,0.0,0.5,1.0,0.84,0.0,0.0
simbiosis,75,0.0,0.0,0.5,1.0,0.88,0.0,0.0
simbiosis,76,0.0,0.0,0.5,1.0,0.9,0.0,0.0
simbiosis,77,0.0,0.0,0.5,1.0,0.9,0.0,0.0
simbiosis,78,-67.21993053571637,0.0,0.53,0.992,0.68,-0.5443986107143277,0.8
simbiosis,79,-11.912641996829763,0.0,0.51,1.0,0.8,-0.15825283993659528,0.08
simbiosis,80,0.0,0.0,0.5,1.0,0.9,0.0,0.0
simbiosis,81,-22.464009090454187,0.0,0.5,0.9840000000000001,0.78,-0.13928018180908375,0.31
simbiosis,82,0.0,0.0,0.5,1.0,0.94,0.0,0.0
simbiosis,83,0.0,0.0,0.5,1.0,0.92,0.0,0.0
simbiosis,84,-10.482004545227094,0.0,0.5,0.992,0.8,-0.06964009090454187,0.14
simbiosis,85,-7.982004545227094,0.0,0.5,0.992,0.84,-0.06964009090454187,0.09
simbiosis,86,0.0,0.0,0.5,1.0,0.86,0.0,0.0
simbiosis,87,0.0,0.0,0.5,1.0,0.78,0.0,0.0
simbiosis,88,-759.982004545227,0.0,0.5,0.992,0.78,-0.06964009090454187,15.13
simbiosis,89,0.0,0.0,0.5,1.0,0.86,0.0,0.0
simbiosis,90,0.0,0.0,0.5,1.0,0.84,0.0,0.0
simbiosis,91,-6.482004545227094,0.0,0.5,0.992,0.82,-0.06964009090454187,0.06
simbiosis,92,0.0,0.0,0.5,1.0,0.84,0.0,0.0
simbiosis,93,0.0,0.0,0.5,1.0,0.78,0.0,0.0
simbiosis,94,-5.982004545227094,0.0,0.5,0.992,0.82,-0.06964009090454187,0.05
simbiosis,95,0.0,0.0,0.5,1.0,0.8,0.0,0.0
simbiosis,96,0.0,0.0,0.5,1.0,0.82,0.0,0.0
simbiosis,97,-21.482004545227092,0.0,0.5,0.992,0.82,-0.06964009090454187,0.36
simbiosis,98,0.0,0.0,0.5,1.0,0.82,0.0,0.0
simbiosis,99,0.0,0.0,0.5,1.0,0.86,0.0,0.0
simbiosis,100,0.0,0.0,0.5,1.0,0.88,0.0,0.0
simbiosis,101,0.0,0.0,0.5,1.0,0.84,0.0,0.0
simbiosis,102,0.0,0.0,0.5,1.0,0.84,0.0,0.0
simbiosis,103,0.0,0.0,0.5,1.0,0.86,0.0,0.0
simbiosis,104,0.0,0.0,0.5,1.0,0.8,0.0,0.0
simbiosis,105,-27.982004545227092,0.0,0.5,0.992,0.9,-0.06964009090454187,0.49
simbiosis,106,-255.0,0.0,0.5,1.0,0.78,0.0,5.1
simbiosis,107,-4.5,0.0,0.5,1.0,0.88,0.0,0.09
simbiosis,108,0.0,0.0,0.5,1.0,0.8,0.0,0.0
simbiosis,109,-22.982004545227092,0.0,0.5,0.992,0.86,-0.06964009090454187,0.39
simbiosis,110,-160.7892930841137,1.0,0.5,0.9840000000000001,0.86,-0.4557858616822743,2.76
simbiosis,111,-49.825283993659525,1.0,0.5,1.0,0.82,-0.31650567987319056,0.68
simbiosis,112,0.0,0.0,0.5,1.0,0.82,0.0,0.0
simbiosis,113,0.0,0.0,0.5,1.0,0.84,0.0,0.0
simbiosis,114,-29.464009090454187,0.0,0.5,0.9840000000000001,0.82,-0.13928018180908375,0.45
simbiosis,115,0.0,0.0,0.5,1.0,0.78,0.0,0.0
simbiosis,116,-26.482004545227092,0.0,0.5,0.992,0.8,-0.06964009090454187,0.46
simbiosis,117,0.0,0.0,0.5,1.0,0.84,0.0,0.0
simbiosis,118,-9.982004545227094,0.0,0.5,0.992,0.86,-0.06964009090454187,0.13
simbiosis,119,0.0,0.0,0.5,1.0,0.88,0.0,0.0
simbiosis,120,0.0,0.0,0.5,1.0,0.9,0.0,0.0
simbiosis,121,0.0,0.0,0.5,1.0,0.92,0.0,0.0
simbiosis,122,-19.982004545227092,0.0,0.5,0.992,0.8,-0.06964009090454187,0.33
simbiosis,123,-33.964009090454184,0.0,0.5,0.9840000000000001,0.82,-0.13928018180908375,0.54
simbiosis,124,-64.44601363568128,0.0,0.5,0.976,0.82,-0.20892027271362562,1.08
simbiosis,125,0.0,0.0,0.5,1.0,0.88,0.0,0.0
simbiosis,126,-28.964009090454187,0.0,0.5,0.9840000000000001,0.74,-0.13928018180908375,0.44
simbiosis,127,0.0,0.0,0.5,1.0,0.78,0.0,0.0
simbiosis,128,0.0,0.0,0.5,1.0,0.9,0.0,0.0
simbiosis,129,0.0,0.0,0.5,1.0,0.84,0.0,0.0
simbiosis,130,0.0,0.0,0.5,1.0,0.92,0.0,0.0
simbiosis,131,-82.5,0.0,0.5,1.0,0.8,0.0,1.65
simbiosis,132,0.0,0.0,0.5,1.0,0.92,0.0,0.0
simbiosis,133,0.0,0.0,0.5,1.0,0.74,0.0,0.0
simbiosis,134,0.0,0.0,0.5,1.0,0.8,0.0,0.0
simbiosis,135,0.0,0.0,0.5,1.0,0.82,0.0,0.0
simbiosis,136,0.0,0.0,0.5,1.0,0.84,0.0,0.0
simbiosis,137,-41.876651087283946,0.0,0.51,0.9840000000000001,0.76,-0.29753302174567897,0.54
simbiosis,138,-268.5,0.0,0.5,1.0,0.82,0.0,5.37
simbiosis,139,0.0,0.0,0.5,1.0,0.84,0.0,0.0
simbiosis,140,-53.30728853888662,1.0,0.5,0.992,0.78,-0.38614577077773243,0.68
simbiosis,141,0.0,0.0,0.5,1.0,0.8,0.0,0.0
simbiosis,142,-23.464009090454187,0.0,0.5,0.9840000000000001,0.74,-0.13928018180908375,0.33
simbiosis,143,-21.982004545227092,0.0,0.5,0.992,0.86,-0.06964009090454187,0.37
simbiosis,144,0.0,0.0,0.5,1.0,0.88,0.0,0.0
simbiosis,145,0.0,0.0,0.5,1.0,0.82,0.0,0.0
simbiosis,146,-9.0,0.0,0.5,1.0,0.78,0.0,0.18
simbiosis,147,-44.94601363568128,0.0,0.5,0.976,0.82,-0.20892027271362562,0.69
simbiosis,148,0.0,0.0,0.5,1.0,0.88,0.0,0.0
simbiosis,149,-22.482004545227092,0.0,0.5,0.992,0.74,-0.06964009090454187,0.38
simbiosis,150,-11.964009090454187,0.0,0.5,0.9840000000000001,0.78,-0.13928018180908375,0.1
simbiosis,151,0.0,0.0,0.5,1.0,0.78,0.0,0.0
simbiosis,152,-22.482004545227092,0.0,0.5,0.992,0.86,-0.06964009090454187,0.38
simbiosis,153,0.0,0.0,0.5,1.0,0.74,0.0,0.0
simbiosis,154,0.0,0.0,0.5,1.0,0.84,0.0,0.0
simbiosis,155,-27.0,0.0,0.5,1.0,0.88,0.0,0.54
simbiosis,156,-54.0,0.0,0.5,1.0,0.88,0.0,1.08
simbiosis,157,0.0,0.0,0.5,1.0,0.94,0.0,0.0
simbiosis,158,-82.5,0.0,0.5,1.0,0.8,0.0,1.65
simbiosis,159,-215.65056798731905,2.0,0.5,1.0,0.9,-0.6330113597463811,3.68
simbiosis,160,0.0,0.0,0.5,1.0,0.84,0.0,0.0
simbiosis,161,0.0,0.0,0.5,1.0,0.86,0.0,0.0
simbiosis,162,0.0,0.0,0.5,1.0,0.88,0.0,0.0
simbiosis,163,-28.307288538886617,1.0,0.5,0.992,0.82,-0.38614577077773243,0.18
simbiosis,164,-185.48200454522708,0.0,0.5,0.992,0.8,-0.06964009090454187,3.64
simbiosis,165,-18.982004545227092,0.0,0.5,0.992,0.84,-0.06964009090454187,0.31
simbiosis,166,0.0,0.0,0.5,1.0,0.9,0.0,0.0
simbiosis,167,-14.482004545227094,0.0,0.5,0.992,0.76,-0.06964009090454187,0.22
simbiosis,168,-87.87665108728395,0.0,0.51,0.9840000000000001,0.82,-0.297533021745679,1.46
simbiosis,169,0.0,0.0,0.5,1.0,0.86,0.0,0.0
simbiosis,170,-24.464009090454187,0.0,0.5,0.9840000000000001,0.86,-0.13928018180908375,0.35
simbiosis,171,-67.41264199682976,0.0,0.51,1.0,0.8,-0.15825283993659528,1.19
simbiosis,172,-9.0,0.0,0.5,1.0,0.92,0.0,0.18
simbiosis,173,0.0,0.0,0.5,1.0,0.78,0.0,0.0
simbiosis,174,0.0,0.0,0.5,1.0,0.86,0.0,0.0
simbiosis,175,-63.894646542056854,0.0,0.51,0.992,0.78,-0.22789293084113715,1.05
simbiosis,176,0.0,0.0,0.5,1.0,0.88,0.0,0.0
simbiosis,177,0.0,0.0,0.5,1.0,0.78,0.0,0.0
simbiosis,178,-59.73792599048929,1.0,0.51,1.0,0.76,-0.47475851980978584,0.72
simbiosis,179,-174.32528399365953,0.0,0.52,1.0,0.76,-0.31650567987319056,3.17
simbiosis,180,0.0,0.0,0.5,1.0,0.8,0.0,0.0
simbiosis,181,0.0,0.0,0.5,1.0,0.82,0.0,0.0
simbiosis,182,0.0,0.0,0.5,1.0,0.88,0.0,0.0
simbiosis,183,0.0,0.0,0.5,1.0,0.78,0.0,0.0
simbiosis,184,-27.982004545227092,0.0,0.5,0.992,0.8,-0.06964009090454187,0.49
simbiosis,185,0.0,0.0,0.5,1.0,0.84,0.0,0.0
simbiosis,186,0.0,0.0,0.5,1.0,0.84,0.0,0.0
simbiosis,187,0.0,0.0,0.5,1.0,0.82,0.0,0.0
simbiosis,188,-37.464009090454184,0.0,0.5,0.9840000000000001,0.78,-0.13928018180908375,0.61
simbiosis,189,-11.912641996829763,0.0,0.51,1.0,0.82,-0.15825283993659528,0.08
simbiosis,190,-11.964009090454187,0.0,0.5,0.9840000000000001,0.78,-0.13928018180908375,0.1
simbiosis,191,0.0,0.0,0.5,1.0,0.88,0.0,0.0
simbiosis,192,0.0,0.0,0.5,1.0,0.86,0.0,0.0
simbiosis,193,-57.94601363568128,0.0,0.5,0.976,0.82,-0.20892027271362562,0.95
simbiosis,194,-9.0,0.0,0.5,1.0,0.72,0.0,0.18
simbiosis,195,0.0,0.0,0.5,1.0,0.72,0.0,0.0
simbiosis,196,0.0,0.0,0.5,1.0,0.86,0.0,0.0
simbiosis,197,-45.0,0.0,0.5,1.0,0.78,0.0,0.9
simbiosis,198,0.0,0.0,0.5,1.0,0.86,0.0,0.0
simbiosis,199,-23.982004545227092,0.0,0.5,0.992,0.82,-0.06964009090454187,0.41
simbiosis,200,0.0,0.0,0.5,1.0,0.82,0.0,0.0
simbiosis,201,0.0,0.0,0.5,1.0,0.92,0.0,0.0
simbiosis,202,-714.982004545227,0.0,0.5,0.992,0.78,-0.06964009090454187,14.23
simbiosis,203,-48.825283993659525,0.0,0.52,1.0,0.78,-0.31650567987319056,0.66
simbiosis,204,-14.482004545227094,0.0,0.5,0.992,0.78,-0.06964009090454187,0.22
simbiosis,205,0.0,0.0,0.5,1.0,0.94,0.0,0.0
simbiosis,206,-36.0,0.0,0.5,1.0,0.8,0.0,0.72
simbiosis,207,-9.964009090454187,0.0,0.5,0.9840000000000001,0.8,-0.13928018180908375,0.06
simbiosis,208,-82.80728853888661,0.0,0.52,0.992,0.88,-0.38614577077773243,1.27
simbiosis,209,-27.825283993659525,0.0,0.52,1.0,0.84,-0.31650567987319056,0.24
simbiosis,210,0.0,0.0,0.5,1.0,0.92,0.0,0.0
simbiosis,211,0.0,0.0,0.5,1.0,0.84,0.0,0.0
simbiosis,212,0.0,0.0,0.5,1.0,0.82,0.0,0.0
simbiosis,213,-52.94601363568128,0.0,0.5,0.976,0.74,-0.20892027271362562,0.85
simbiosis,214,0.0,0.0,0.5,1.0,0.94,0.0,0.0
simbiosis,215,-136.5,0.0,0.5,1.0,0.8,0.0,2.73
simbiosis,216,-49.41264199682976,0.0,0.51,1.0,0.84,-0.15825283993659528,0.83
simbiosis,217,0.0,0.0,0.5,1.0,0.9,0.0,0.0
simbiosis,218,0.0,0.0,0.5,1.0,0.94,0.0,0.0
simbiosis,219,0.0,0.0,0.5,1.0,0.78,0.0,0.0
simbiosis,220,0.0,0.0,0.5,1.0,0.86,0.0,0.0
simbiosis,221,0.0,0.0,0.5,1.0,0.9,0.0,0.0
simbiosis,222,0.0,0.0,0.5,1.0,0.84,0.0,0.0
simbiosis,223,0.0,0.0,0.5,1.0,0.9,0.0,0.0
simbiosis,224,0.0,0.0,0.5,1.0,0.84,0.0,0.0
simbiosis,225,0.0,0.0,0.5,1.0,0.78,0.0,0.0
simbiosis,226,-463.7379259904892,0.0,0.53,1.0,0.76,-0.47475851980978584,8.8
simbiosis,227,-49.80728853888662,1.0,0.5,0.992,0.84,-0.38614577077773243,0.61
simbiosis,228,0.0,0.0,0.5,1.0,0.92,0.0,0.0
simbiosis,229,-55.65056798731905,2.0,0.5,1.0,0.9,-0.6330113597463811,0.48
simbiosis,230,0.0,0.0,0.5,1.0,0.82,0.0,0.0
simbiosis,231,0.0,0.0,0.5,1.0,0.9,0.0,0.0
simbiosis,232,-60.0,0.0,0.5,1.0,0.76,0.0,1.2
simbiosis,233,0.0,0.0,0.5,1.0,0.82,0.0,0.0
simbiosis,234,-73.42801818090837,0.0,0.5,0.968,0.82,-0.2785603636181675,1.19
simbiosis,235,0.0,0.0,0.5,1.0,0.8,0.0,0.0
simbiosis,236,-53.825283993659525,0.0,0.52,1.0,0.82,-0.31650567987319056,0.76
simbiosis,237,-7.982004545227094,0.0,0.5,0.992,0.82,-0.06964009090454187,0.09
simbiosis,238,-45.27129762934081,1.0,0.5,0.976,0.72,-0.5254259525868161,0.38
simbiosis,239,0.0,0.0,0.5,1.0,0.82,0.0,0.0
simbiosis,240,-18.964009090454187,0.0,0.5,0.9840000000000001,0.74,-0.13928018180908375,0.24
simbiosis,241,0.0,0.0,0.5,1.0,0.8,0.0,0.0
simbiosis,242,-10.964009090454187,0.0,0.5,0.9840000000000001,0.92,-0.13928018180908375,0.08
simbiosis,243,0.0,0.0,0.5,1.0,0.82,0.0,0.0
simbiosis,244,-8.982004545227094,0.0,0.5,0.992,0.8,-0.06964009090454187,0.11
simbiosis,245,-20.464009090454187,0.0,0.5,0.9840000000000001,0.86,-0.13928018180908375,0.27
simbiosis,246,0.0,0.0,0.5,1.0,0.86,0.0,0.0
simbiosis,247,-71.47585198097858,3.0,0.5,1.0,0.76,-0.9495170396195717,0.48
simbiosis,248,0.0,0.0,0.5,1.0,0.9,0.0,0.0
simbiosis,249,0.0,0.0,0.5,1.0,0.92,0.0,0.0
simbiosis,250,-48.73792599048929,1.0,0.51,1.0,0.84,-0.47475851980978584,0.5
simbiosis,251,0.0,0.0,0.5,1.0,0.88,0.0,0.0
simbiosis,252,-9.482004545227094,0.0,0.5,0.992,0.82,-0.06964009090454187,0.12
simbiosis,253,-16.982004545227092,0.0,0.5,0.992,0.82,-0.06964009090454187,0.27
simbiosis,254,-26.325283993659525,1.0,0.5,1.0,0.76,-0.31650567987319056,0.21
simbiosis,255,0.0,0.0,0.5,1.0,0.88,0.0,0.0
simbiosis,256,-27.964009090454187,0.0,0.5,0.9840000000000001,0.86,-0.13928018180908375,0.42
simbiosis,257,0.0,0.0,0.5,1.0,0.88,0.0,0.0
simbiosis,258,-7.482004545227094,0.0,0.5,0.992,0.78,-0.06964009090454187,0.08
simbiosis,259,0.0,0.0,0.5,1.0,0.78,0.0,0.0
simbiosis,260,0.0,0.0,0.5,1.0,0.82,0.0,0.0
simbiosis,261,-27.982004545227092,0.0,0.5,0.992,0.8,-0.06964009090454187,0.49
simbiosis,262,-13.5,0.0,0.5,1.0,0.72,0.0,0.27
simbiosis,263,0.0,0.0,0.5,1.0,0.8,0.0,0.0
simbiosis,264,-148.5,0.0,0.5,1.0,0.78,0.0,2.97
simbiosis,265,0.0,0.0,0.5,1.0,0.72,0.0,0.0
simbiosis,266,0.0,0.0,0.5,1.0,0.84,0.0,0.0
simbiosis,267,0.0,0.0,0.5,1.0,0.86,0.0,0.0
simbiosis,268,-22.964009090454187,0.0,0.5,0.9840000000000001,0.82,-0.13928018180908375,0.32
simbiosis,269,-174.0,0.0,0.5,1.0,0.82,0.0,3.48
simbiosis,270,0.0,0.0,0.5,1.0,0.72,0.0,0.0
simbiosis,271,0.0,0.0,0.5,1.0,0.8,0.0,0.0
simbiosis,272,-94.5,0.0,0.5,1.0,0.8,0.0,1.89
simbiosis,273,-31.946013635681282,0.0,0.5,0.976,0.78,-0.20892027271362562,0.43
simbiosis,274,-28.964009090454187,0.0,0.5,0.9840000000000001,0.8,-0.13928018180908375,0.44
simbiosis,275,0.0,0.0,0.5,1.0,0.86,0.0,0.0
simbiosis,276,0.0,0.0,0.5,1.0,0.86,0.0,0.0
simbiosis,277,-103.63257253254613,2.0,0.5,0.992,0.72,-0.7026514506509229,1.37
simbiosis,278,-10.482004545227094,0.0,0.5,0.992,0.68,-0.06964009090454187,0.14
simbiosis,279,-69.73792599048929,0.0,0.53,1.0,0.78,-0.47475851980978584,0.92
simbiosis,280,0.0,0.0,0.5,1.0,0.86,0.0,0.0
simbiosis,281,0.0,0.0,0.5,1.0,0.86,0.0,0.0
simbiosis,282,-18.0,0.0,0.5,1.0,0.7,0.0,0.36
simbiosis,283,0.0,0.0,0.5,1.0,0.86,0.0,0.0
simbiosis,284,-22.5,0.0,0.5,1.0,0.74,0.0,0.45
simbiosis,285,0.0,0.0,0.5,1.0,0.86,0.0,0.0
simbiosis,286,-163.13257253254613,2.0,0.5,0.992,0.8,-0.7026514506509229,2.56
simbiosis,287,-14.482004545227094,0.0,0.5,0.992,0.8,-0.06964009090454187,0.22
simbiosis,288,0.0,0.0,0.5,1.0,0.78,0.0,0.0
simbiosis,289,0.0,0.0,0.5,1.0,0.82,0.0,0.0
simbiosis,290,0.0,0.0,0.5,1.0,0.8,0.0,0.0
simbiosis,291,0.0,0.0,0.5,1.0,0.9,0.0,0.0
simbiosis,292,0.0,0.0,0.5,1.0,0.86,0.0,0.0
simbiosis,293,0.0,0.0,0.5,1.0,0.88,0.0,0.0
simbiosis,294,-27.982004545227092,0.0,0.5,0.992,0.86,-0.06964009090454187,0.49
simbiosis,295,0.0,0.0,0.5,1.0,0.86,0.0,0.0
simbiosis,296,-79.47585198097858,3.0,0.5,1.0,0.74,-0.9495170396195717,0.64
simbiosis,297,0.0,0.0,0.5,1.0,0.84,0.0,0.0
simbiosis,298,-32.94601363568128,0.0,0.5,0.976,0.78,-0.20892027271362562,0.45
simbiosis,299,0.0,0.0,0.5,1.0,0.84,0.0,0.0
simbiosis,300,0.0,0.0,0.5,1.0,0.88,0.0,0.0
simbiosis,301,-84.0,0.0,0.5,1.0,0.66,0.0,1.68
simbiosis,302,-43.464009090454184,0.0,0.5,0.9840000000000001,0.68,-0.13928018180908375,0.73
simbiosis,303,-34.464009090454184,0.0,0.5,0.9840000000000001,0.88,-0.13928018180908375,0.55
simbiosis,304,-36.94601363568128,0.0,0.5,0.976,0.74,-0.20892027271362562,0.53
simbiosis,305,0.0,0.0,0.5,1.0,0.8,0.0,0.0
simbiosis,306,-10.982004545227094,0.0,0.5,0.992,0.8,-0.06964009090454187,0.15
simbiosis,307,-24.482004545227092,0.0,0.5,0.992,0.76,-0.06964009090454187,0.42
simbiosis,308,0.0,0.0,0.5,1.0,0.84,0.0,0.0
simbiosis,309,0.0,0.0,0.5,1.0,0.84,0.0,0.0
simbiosis,310,0.0,0.0,0.5,1.0,0.92,0.0,0.0
simbiosis,311,0.0,0.0,0.5,1.0,0.88,0.0,0.0
simbiosis,312,-15.982004545227094,0.0,0.5,0.992,0.9,-0.06964009090454187,0.25
simbiosis,313,-148.71993053571637,1.0,0.51,0.992,0.78,-0.5443986107143277,2.43
simbiosis,314,0.0,0.0,0.5,1.0,0.88,0.0,0.0
simbiosis,315,0.0,0.0,0.5,1.0,0.8,0.0,0.0
simbiosis,316,0.0,0.0,0.5,1.0,0.82,0.0,0.0
simbiosis,317,0.0,0.0,0.5,1.0,0.86,0.0,0.0
simbiosis,318,-58.91264199682976,0.0,0.51,1.0,0.68,-0.15825283993659528,1.02
simbiosis,319,0.0,0.0,0.5,1.0,0.82,0.0,0.0
simbiosis,320,0.0,0.0,0.5,1.0,0.82,0.0,0.0
simbiosis,321,0.0,0.0,0.5,1.0,0.82,0.0,0.0
simbiosis,322,-23.946013635681282,0.0,0.5,0.976,0.84,-0.20892027271362562,0.27
simbiosis,323,0.0,0.0,0.5,1.0,0.9,0.0,0.0
simbiosis,324,0.0,0.0,0.5,1.0,0.9,0.0,0.0
simbiosis,325,0.0,0.0,0.5,1.0,0.86,0.0,0.0
simbiosis,326,0.0,0.0,0.5,1.0,0.94,0.0,0.0
simbiosis,327,-252.61457707777322,2.0,0.5,0.9840000000000001,0.86,-0.7722915415554649,4.28
simbiosis,328,0.0,0.0,0.5,1.0,0.9,0.0,0.0
simbiosis,329,0.0,0.0,0.5,1.0,0.8,0.0,0.0
simbiosis,330,0.0,0.0,0.5,1.0,0.88,0.0,0.0
simbiosis,331,-9.0,0.0,0.5,1.0,0.84,0.0,0.18
simbiosis,332,0.0,0.0,0.5,1.0,0.92,0.0,0.0
simbiosis,333,0.0,0.0,0.5,1.0,0.88,0.0,0.0
simbiosis,334,-7.982004545227094,0.0,0.5,0.992,0.86,-0.06964009090454187,0.09
simbiosis,335,0.0,0.0,0.5,1.0,0.84,0.0,0.0
simbiosis,336,-271.5,0.0,0.5,1.0,0.86,0.0,5.43
simbiosis,337,0.0,0.0,0.5,1.0,0.86,0.0,0.0
simbiosis,338,0.0,0.0,0.5,1.0,0.94,0.0,0.0
simbiosis,339,-62.56320998414881,2.0,0.51,1.0,0.72,-0.7912641996829763,0.46
simbiosis,340,-12.464009090454187,0.0,0.5,0.9840000000000001,0.8,-0.13928018180908375,0.11
simbiosis,341,-45.91264199682976,0.0,0.51,1.0,0.78,-0.15825283993659528,0.76
simbiosis,342,-193.7533021745679,1.0,0.5,0.968,0.86,-0.5950660434913579,3.28
simbiosis,343,0.0,0.0,0.5,1.0,0.84,0.0,0.0
simbiosis,344,-4.482004545227094,0.0,0.5,0.992,0.82,-0.06964009090454187,0.02
simbiosis,345,-9.482004545227094,0.0,0.5,0.992,0.8,-0.06964009090454187,0.12
simbiosis,346,-46.964009090454184,0.0,0.5,0.9840000000000001,0.84,-0.13928018180908375,0.8
simbiosis,347,-36.964009090454184,0.0,0.5,0.9840000000000001,0.84,-0.13928018180908375,0.6
simbiosis,348,0.0,0.0,0.5,1.0,0.82,0.0,0.0
simbiosis,349,0.0,0.0,0.5,1.0,0.82,0.0,0.0
simbiosis,350,0.0,0.0,0.5,1.0,0.74,0.0,0.0
simbiosis,351,0.0,0.0,0.5,1.0,0.92,0.0,0.0
simbiosis,352,-445.5,0.0,0.5,1.0,0.8,0.0,8.91
simbiosis,353,0.0,0.0,0.5,1.0,0.9,0.0,0.0
simbiosis,354,-29.946013635681282,0.0,0.5,0.976,0.78,-0.20892027271362562,0.39
simbiosis,355,0.0,0.0,0.5,1.0,0.9,0.0,0.0
simbiosis,356,-22.394646542056858,0.0,0.51,0.992,0.82,-0.22789293084113715,0.22
simbiosis,357,0.0,0.0,0.5,1.0,0.88,0.0,0.0
simbiosis,358,0.0,0.0,0.5,1.0,0.86,0.0,0.0
simbiosis,359,-11.964009090454187,0.0,0.5,0.9840000000000001,0.82,-0.13928018180908375,0.1
simbiosis,360,-26.982004545227092,0.0,0.5,0.992,0.84,-0.06964009090454187,0.47
simbiosis,361,0.0,0.0,0.5,1.0,0.84,0.0,0.0
simbiosis,362,0.0,0.0,0.5,1.0,0.8,0.0,0.0
simbiosis,363,0.0,0.0,0.5,1.0,0.92,0.0,0.0
simbiosis,364,-10.912641996829763,0.0,0.51,1.0,0.76,-0.15825283993659528,0.06
simbiosis,365,-54.0,0.0,0.5,1.0,0.9,0.0,1.08
simbiosis,366,0.0,0.0,0.5,1.0,0.86,0.0,0.0
simbiosis,367,-96.78929308411371,1.0,0.5,0.9840000000000001,0.8,-0.4557858616822743,1.48
simbiosis,368,0.0,0.0,0.5,1.0,0.84,0.0,0.0
simbiosis,369,0.0,0.0,0.5,1.0,0.8,0.0,0.0
simbiosis,370,-104.41002272613547,0.0,0.5,0.96,0.72,-0.3482004545227093,1.74
simbiosis,371,-32.464009090454184,0.0,0.5,0.9840000000000001,0.78,-0.13928018180908375,0.51
simbiosis,372,0.0,0.0,0.5,1.0,0.86,0.0,0.0
simbiosis,373,-313.5,0.0,0.5,1.0,0.76,0.0,6.27
simbiosis,374,0.0,0.0,0.5,1.0,0.92,0.0,0.0
simbiosis,375,0.0,0.0,0.5,1.0,0.8,0.0,0.0
simbiosis,376,-21.982004545227092,0.0,0.5,0.992,0.78,-0.06964009090454187,0.37
simbiosis,377,-24.464009090454187,0.0,0.5,0.9840000000000001,0.88,-0.13928018180908375,0.35
simbiosis,378,-1.5,0.0,0.5,1.0,0.76,0.0,0.03
simbiosis,379,-54.0,0.0,0.5,1.0,0.82,0.0,1.08
simbiosis,380,0.0,0.0,0.5,1.0,0.88,0.0,0.0
simbiosis,381,-70.30728853888661,0.0,0.52,0.992,0.84,-0.38614577077773243,1.02
simbiosis,382,-29.825283993659525,1.0,0.5,1.0,0.84,-0.31650567987319056,0.28
simbiosis,383,0.0,0.0,0.5,1.0,0.84,0.0,0.0
simbiosis,384,0.0,0.0,0.5,1.0,0.86,0.0,0.0
simbiosis,385,-5.982004545227094,0.0,0.5,0.992,0.84,-0.06964009090454187,0.05
simbiosis,386,0.0,0.0,0.5,1.0,0.74,0.0,0.0
simbiosis,387,-52.44601363568128,0.0,0.5,0.976,0.76,-0.20892027271362562,0.84
simbiosis,388,0.0,0.0,0.5,1.0,0.88,0.0,0.0
simbiosis,389,0.0,0.0,0.5,1.0,0.9,0.0,0.0
simbiosis,390,-19.825283993659525,1.0,0.5,1.0,0.86,-0.31650567987319056,0.08
simbiosis,391,-160.5,0.0,0.5,1.0,0.84,0.0,3.21
simbiosis,392,0.0,0.0,0.5,1.0,0.94,0.0,0.0
simbiosis,393,0.0,0.0,0.5,1.0,0.92,0.0,0.0
simbiosis,394,-13.5,0.0,0.5,1.0,0.76,0.0,0.27
simbiosis,395,-232.5452145293759,0.0,0.55,0.992,0.76,-0.8609042905875183,3.79
simbiosis,396,0.0,0.0,0.5,1.0,0.78,0.0,0.0
simbiosis,397,-32.30728853888662,1.0,0.5,0.992,0.76,-0.38614577077773243,0.26
simbiosis,398,-29.825283993659525,1.0,0.5,1.0,0.74,-0.31650567987319056,0.28
simbiosis,399,0.0,0.0,0.5,1.0,0.8,0.0,0.0
simbiosis,400,0.0,0.0,0.5,1.0,0.9,0.0,0.0
simbiosis,401,-27.964009090454187,0.0,0.5,0.9840000000000001,0.76,-0.13928018180908375,0.42
simbiosis,402,-73.98200454522708,0.0,0.5,0.992,0.84,-0.06964009090454187,1.41
simbiosis,403,0.0,0.0,0.5,1.0,0.88,0.0,0.0
simbiosis,404,-60.73792599048929,1.0,0.51,1.0,0.84,-0.47475851980978584,0.74
simbiosis,405,0.0,0.0,0.5,1.0,0.86,0.0,0.0
simbiosis,406,0.0,0.0,0.5,1.0,0.8,0.0,0.0
simbiosis,407,-62.80728853888662,1.0,0.5,0.992,0.84,-0.38614577077773243,0.87
simbiosis,408,-4.5,0.0,0.5,1.0,0.74,0.0,0.09
simbiosis,409,0.0,0.0,0.5,1.0,0.86,0.0,0.0
simbiosis,410,0.0,0.0,0.5,1.0,0.86,0.0,0.0
simbiosis,411,0.0,0.0,0.5,1.0,0.9,0.0,0.0
simbiosis,412,-9.482004545227094,0.0,0.5,0.992,0.78,-0.06964009090454187,0.12
simbiosis,413,-111.70193508094347,0.0,0.53,0.9840000000000001,0.68,-0.6140387016188695,1.62
simbiosis,414,-1.5,0.0,0.5,1.0,0.84,0.0,0.03
simbiosis,415,0.0,0.0,0.5,1.0,0.98,0.0,0.0
simbiosis,416,-8.982004545227094,0.0,0.5,0.992,0.76,-0.06964009090454187,0.11
simbiosis,417,0.0,0.0,0.5,1.0,0.8,0.0,0.0
simbiosis,418,-10.5,0.0,0.5,1.0,0.88,0.0,0.21
simbiosis,419,0.0,0.0,0.5,1.0,0.84,0.0,0.0
simbiosis,420,0.0,0.0,0.5,1.0,0.86,0.0,0.0
simbiosis,421,0.0,0.0,0.5,1.0,0.9,0.0,0.0
simbiosis,422,0.0,0.0,0.5,1.0,0.88,0.0,0.0
simbiosis,423,0.0,0.0,0.5,1.0,0.84,0.0,0.0
simbiosis,424,0.0,0.0,0.5,1.0,0.84,0.0,0.0
simbiosis,425,0.0,0.0,0.5,1.0,0.9,0.0,0.0
simbiosis,426,0.0,0.0,0.5,1.0,0.8,0.0,0.0
simbiosis,427,-27.982004545227092,0.0,0.5,0.992,0.82,-0.06964009090454187,0.49
simbiosis,428,0.0,0.0,0.5,1.0,0.84,0.0,0.0
simbiosis,429,0.0,0.0,0.5,1.0,0.8,0.0,0.0
simbiosis,430,-6.0,0.0,0.5,1.0,0.78,0.0,0.12
simbiosis,431,-9.982004545227094,0.0,0.5,0.992,0.84,-0.06964009090454187,0.13
simbiosis,432,-7.482004545227094,0.0,0.5,0.992,0.8,-0.06964009090454187,0.08
simbiosis,433,-89.65056798731905,1.0,0.52,1.0,0.68,-0.6330113597463811,1.16
simbiosis,434,-17.982004545227092,0.0,0.5,0.992,0.9,-0.06964009090454187,0.29
simbiosis,435,0.0,0.0,0.5,1.0,0.86,0.0,0.0
simbiosis,436,-10.482004545227094,0.0,0.5,0.992,0.72,-0.06964009090454187,0.14
simbiosis,437,-157.41264199682976,0.0,0.51,1.0,0.76,-0.15825283993659528,2.99
simbiosis,438,0.0,0.0,0.5,1.0,0.88,0.0,0.0
simbiosis,439,0.0,0.0,0.5,1.0,0.78,0.0,0.0
simbiosis,440,0.0,0.0,0.5,1.0,0.76,0.0,0.0
simbiosis,441,-26.446013635681282,0.0,0.5,0.9760000000000001,0.84,-0.20892027271362562,0.32
simbiosis,442,0.0,0.0,0.5,1.0,0.84,0.0,0.0
simbiosis,443,0.0,0.0,0.5,1.0,0.8,0.0,0.0
simbiosis,444,-27.982004545227092,0.0,0.5,0.992,0.76,-0.06964009090454187,0.49
simbiosis,445,0.0,0.0,0.5,1.0,0.9,0.0,0.0
simbiosis,446,0.0,0.0,0.5,1.0,0.86,0.0,0.0
simbiosis,447,0.0,0.0,0.5,1.0,0.86,0.0,0.0
simbiosis,448,0.0,0.0,0.5,1.0,0.86,0.0,0.0
simbiosis,449,-13.482004545227094,0.0,0.5,0.992,0.86,-0.06964009090454187,0.2
simbiosis,450,0.0,0.0,0.5,1.0,0.86,0.0,0.0
simbiosis,451,0.0,0.0,0.5,1.0,0.86,0.0,0.0
simbiosis,452,0.0,0.0,0.5,1.0,0.9,0.0,0.0
simbiosis,453,0.0,0.0,0.5,1.0,0.88,0.0,0.0
simbiosis,454,-27.982004545227092,0.0,0.5,0.992,0.84,-0.06964009090454187,0.49
simbiosis,455,0.0,0.0,0.5,1.0,0.86,0.0,0.0
simbiosis,456,0.0,0.0,0.5,1.0,0.8,0.0,0.0
simbiosis,457,-11.982004545227094,0.0,0.5,0.992,0.78,-0.06964009090454187,0.17
simbiosis,458,0.0,0.0,0.5,1.0,0.86,0.0,0.0
simbiosis,459,0.0,0.0,0.5,1.0,0.84,0.0,0.0
simbiosis,460,0.0,0.0,0.5,1.0,0.78,0.0,0.0
simbiosis,461,0.0,0.0,0.5,1.0,0.98,0.0,0.0
simbiosis,462,-49.28929308411371,1.0,0.5,0.9840000000000001,0.72,-0.4557858616822743,0.53
simbiosis,463,0.0,0.0,0.5,1.0,0.8,0.0,0.0
simbiosis,464,-21.825283993659525,1.0,0.5,1.0,0.76,-0.31650567987319056,0.12
simbiosis,465,-63.410022726135466,0.0,0.5,0.96,0.8,-0.3482004545227093,0.92
simbiosis,466,0.0,0.0,0.5,1.0,0.88,0.0,0.0
simbiosis,467,0.0,0.0,0.5,1.0,0.84,0.0,0.0
simbiosis,468,0.0,0.0,0.5,1.0,0.8,0.0,0.0
simbiosis,469,-20.964009090454187,0.0,0.5,0.9840000000000001,0.84,-0.13928018180908375,0.28
simbiosis,470,0.0,0.0,0.5,1.0,0.86,0.0,0.0
simbiosis,471,0.0,0.0,0.5,1.0,0.76,0.0,0.0
simbiosis,472,-20.482004545227092,0.0,0.5,0.992,0.8,-0.06964009090454187,0.34
simbiosis,473,-13.982004545227094,0.0,0.5,0.992,0.84,-0.06964009090454187,0.21
simbiosis,474,0.0,0.0,0.5,1.0,0.86,0.0,0.0
simbiosis,475,0.0,0.0,0.5,1.0,0.78,0.0,0.0
simbiosis,476,0.0,0.0,0.5,1.0,0.84,0.0,0.0
simbiosis,477,0.0,0.0,0.5,1.0,0.82,0.0,0.0
simbiosis,478,-23.464009090454187,0.0,0.5,0.9840000000000001,0.88,-0.13928018180908375,0.33
simbiosis,479,0.0,0.0,0.5,1.0,0.9,0.0,0.0
simbiosis,480,0.0,0.0,0.5,1.0,0.88,0.0,0.0
simbiosis,481,0.0,0.0,0.5,1.0,0.84,0.0,0.0
simbiosis,482,0.0,0.0,0.5,1.0,0.8,0.0,0.0
simbiosis,483,0.0,0.0,0.5,1.0,0.84,0.0,0.0
simbiosis,484,0.0,0.0,0.5,1.0,0.86,0.0,0.0
simbiosis,485,-33.0,0.0,0.5,1.0,0.8,0.0,0.66
simbiosis,486,-23.825283993659525,0.0,0.52,1.0,0.82,-0.31650567987319056,0.16
simbiosis,487,-35.825283993659525,0.0,0.52,1.0,0.74,-0.31650567987319056,0.4
simbiosis,488,0.0,0.0,0.5,1.0,0.84,0.0,0.0
simbiosis,489,0.0,0.0,0.5,1.0,0.84,0.0,0.0
simbiosis,490,0.0,0.0,0.5,1.0,0.92,0.0,0.0
simbiosis,491,-39.65056798731905,2.0,0.5,1.0,0.8,-0.6330113597463811,0.16
simbiosis,492,-116.0452145293759,2.0,0.51,0.992,0.74,-0.8609042905875183,1.46
simbiosis,493,-23.825283993659525,1.0,0.5,1.0,0.82,-0.31650567987319056,0.16
simbiosis,494,-37.98200454522709,0.0,0.5,0.992,0.82,-0.06964009090454187,0.69
simbiosis,495,-13.482004545227094,0.0,0.5,0.992,0.82,-0.06964009090454187,0.2
simbiosis,496,0.0,0.0,0.5,1.0,0.72,0.0,0.0
simbiosis,497,0.0,0.0,0.5,1.0,0.82,0.0,0.0
simbiosis,498,-19.482004545227092,0.0,0.5,0.992,0.82,-0.06964009090454187,0.32
simbiosis,499,-49.5,0.0,0.5,1.0,0.72,0.0,0.99
simbiosis,500,0.0,0.0,0.5,1.0,0.9,0.0,0.0
simbiosis,501,0.0,0.0,0.5,1.0,0.84,0.0,0.0
simbiosis,502,0.0,0.0,0.5,1.0,0.88,0.0,0.0
simbiosis,503,0.0,0.0,0.5,1.0,0.9,0.0,0.0
simbiosis,504,0.0,0.0,0.5,1.0,0.82,0.0,0.0
simbiosis,505,0.0,0.0,0.5,1.0,0.86,0.0,0.0
simbiosis,506,-429.0,0.0,0.5,1.0,0.8,0.0,8.58
simbiosis,507,-28.5,0.0,0.5,1.0,0.82,0.0,0.57
simbiosis,508,-54.946013635681275,0.0,0.5,0.976,0.72,-0.20892027271362562,0.89
simbiosis,509,0.0,0.0,0.5,1.0,0.84,0.0,0.0
simbiosis,510,0.0,0.0,0.5,1.0,0.86,0.0,0.0
simbiosis,511,-96.0,0.0,0.5,1.0,0.78,0.0,1.92
simbiosis,512,0.0,0.0,0.5,1.0,0.86,0.0,0.0
simbiosis,513,0.0,0.0,0.5,1.0,0.76,0.0,0.0
simbiosis,514,0.0,0.0,0.5,1.0,0.92,0.0,0.0
simbiosis,515,-23.446013635681282,0.0,0.5,0.9760000000000001,0.74,-0.20892027271362562,0.26
simbiosis,516,0.0,0.0,0.5,1.0,0.88,0.0,0.0
simbiosis,517,-34.464009090454184,0.0,0.5,0.9840000000000001,0.82,-0.13928018180908375,0.55
simbiosis,518,-153.91264199682976,0.0,0.51,1.0,0.76,-0.15825283993659528,2.92
simbiosis,519,0.0,0.0,0.5,1.0,0.94,0.0,0.0
simbiosis,520,0.0,0.0,0.5,1.0,0.82,0.0,0.0
simbiosis,521,-11.982004545227094,0.0,0.5,0.992,0.8,-0.06964009090454187,0.17
simbiosis,522,-24.964009090454187,0.0,0.5,0.9840000000000001,0.8,-0.13928018180908375,0.36
simbiosis,523,0.0,0.0,0.5,1.0,0.84,0.0,0.0
simbiosis,524,0.0,0.0,0.5,1.0,0.9,0.0,0.0
simbiosis,525,0.0,0.0,0.5,1.0,0.9,0.0,0.0
simbiosis,526,-6.482004545227094,0.0,0.5,0.992,0.76,-0.06964009090454187,0.06
simbiosis,527,-54.464009090454184,0.0,0.5,0.9840000000000001,0.8,-0.13928018180908375,0.95
simbiosis,528,0.0,0.0,0.5,1.0,0.8,0.0,0.0
simbiosis,529,-15.982004545227094,0.0,0.5,0.992,0.88,-0.06964009090454187,0.25
simbiosis,530,-48.464009090454184,0.0,0.5,0.9840000000000001,0.88,-0.13928018180908375,0.83
simbiosis,531,-45.825283993659525,1.0,0.5,1.0,0.8,-0.31650567987319056,0.6
simbiosis,532,0.0,0.0,0.5,1.0,0.86,0.0,0.0
simbiosis,533,0.0,0.0,0.5,1.0,0.88,0.0,0.0
simbiosis,534,0.0,0.0,0.5,1.0,0.86,0.0,0.0
simbiosis,535,0.0,0.0,0.5,1.0,0.78,0.0,0.0
simbiosis,536,0.0,0.0,0.5,1.0,0.78,0.0,0.0
simbiosis,537,-45.825283993659525,1.0,0.5,1.0,0.86,-0.31650567987319056,0.6
simbiosis,538,-9.964009090454187,0.0,0.5,0.9840000000000001,0.82,-0.13928018180908375,0.06
simbiosis,539,-20.982004545227092,0.0,0.5,0.992,0.8,-0.06964009090454187,0.35
simbiosis,540,0.0,0.0,0.5,1.0,0.92,0.0,0.0
simbiosis,541,-33.964009090454184,0.0,0.5,0.9840000000000001,0.8,-0.13928018180908375,0.54
simbiosis,542,0.0,0.0,0.5,1.0,0.84,0.0,0.0
simbiosis,543,0.0,0.0,0.5,1.0,0.92,0.0,0.0
simbiosis,544,0.0,0.0,0.5,1.0,0.86,0.0,0.0
simbiosis,545,-15.0,0.0,0.5,1.0,0.84,0.0,0.3
simbiosis,546,-70.27129762934081,1.0,0.5,0.976,0.72,-0.5254259525868161,0.88
simbiosis,547,0.0,0.0,0.5,1.0,0.82,0.0,0.0
simbiosis,548,-35.964009090454184,0.0,0.5,0.9840000000000001,0.72,-0.13928018180908375,0.58
simbiosis,549,-7.982004545227094,0.0,0.5,0.992,0.9,-0.06964009090454187,0.09
simbiosis,550,0.0,0.0,0.5,1.0,0.82,0.0,0.0
simbiosis,551,-24.964009090454187,0.0,0.5,0.9840000000000001,0.82,-0.13928018180908375,0.36
simbiosis,552,-10.982004545227094,0.0,0.5,0.992,0.8,-0.06964009090454187,0.15
simbiosis,553,0.0,0.0,0.5,1.0,0.86,0.0,0.0
simbiosis,554,-4.482004545227094,0.0,0.5,0.992,0.76,-0.06964009090454187,0.02
simbiosis,555,0.0,0.0,0.5,1.0,0.84,0.0,0.0
simbiosis,556,0.0,0.0,0.5,1.0,0.84,0.0,0.0
simbiosis,557,0.0,0.0,0.5,1.0,0.84,0.0,0.0
simbiosis,558,0.0,0.0,0.5,1.0,0.82,0.0,0.0
simbiosis,559,-9.482004545227094,0.0,0.5,0.992,0.84,-0.06964009090454187,0.12
simbiosis,560,-27.982004545227092,0.0,0.5,0.992,0.82,-0.06964009090454187,0.49
simbiosis,561,-16.482004545227092,0.0,0.5,0.992,0.88,-0.06964009090454187,0.26
simbiosis,562,-35.964009090454184,0.0,0.5,0.9840000000000001,0.76,-0.13928018180908375,0.58
simbiosis,563,0.0,0.0,0.5,1.0,0.82,0.0,0.0
simbiosis,564,-43.5,0.0,0.5,1.0,0.74,0.0,0.87
simbiosis,565,-7.982004545227094,0.0,0.5,0.992,0.8,-0.06964009090454187,0.09
simbiosis,566,0.0,0.0,0.5,1.0,0.86,0.0,0.0
simbiosis,567,-31.5,0.0,0.5,1.0,0.86,0.0,0.63
simbiosis,568,0.0,0.0,0.5,1.0,0.9,0.0,0.0
simbiosis,569,-7.482004545227094,0.0,0.5,0.992,0.84,-0.06964009090454187,0.08
simbiosis,570,-30.464009090454187,0.0,0.5,0.9840000000000001,0.74,-0.13928018180908375,0.47
simbiosis,571,0.0,0.0,0.5,1.0,0.84,0.0,0.0
simbiosis,572,-46.78929308411371,0.0,0.52,0.9840000000000001,0.78,-0.4557858616822743,0.48
simbiosis,573,-65.46400909045418,0.0,0.5,0.9840000000000001,0.8,-0.13928018180908375,1.17
simbiosis,574,-256.9820045452271,0.0,0.5,0.992,0.8,-0.06964009090454187,5.07
simbiosis,575,-19.412641996829763,0.0,0.51,1.0,0.8,-0.15825283993659528,0.23
simbiosis,576,-181.48200454522708,0.0,0.5,0.992,0.8,-0.06964009090454187,3.56
simbiosis,577,0.0,0.0,0.5,1.0,0.76,0.0,0.0
simbiosis,578,0.0,0.0,0.5,1.0,0.9,0.0,0.0
simbiosis,579,0.0,0.0,0.5,1.0,0.96,0.0,0.0
simbiosis,580,-20.982004545227092,0.0,0.5,0.992,0.84,-0.06964009090454187,0.35
simbiosis,581,0.0,0.0,0.5,1.0,0.74,0.0,0.0
simbiosis,582,0.0,0.0,0.5,1.0,0.98,0.0,0.0
simbiosis,583,0.0,0.0,0.5,1.0,0.82,0.0,0.0
simbiosis,584,-125.13257253254613,1.0,0.52,0.992,0.76,-0.7026514506509229,1.8
simbiosis,585,-22.5,0.0,0.5,1.0,0.84,0.0,0.45
simbiosis,586,-34.73792599048929,1.0,0.51,1.0,0.8,-0.47475851980978584,0.22
simbiosis,587,0.0,0.0,0.5,1.0,0.88,0.0,0.0
simbiosis,588,-39.0,0.0,0.5,1.0,0.8,0.0,0.78
simbiosis,589,0.0,0.0,0.5,1.0,0.92,0.0,0.0
simbiosis,590,-12.982004545227094,0.0,0.5,0.992,0.76,-0.06964009090454187,0.19
simbiosis,591,0.0,0.0,0.5,1.0,0.78,0.0,0.0
simbiosis,592,-93.0,0.0,0.5,1.0,0.82,0.0,1.86
simbiosis,593,-31.464009090454187,0.0,0.5,0.9840000000000001,0.76,-0.13928018180908375,0.49
simbiosis,594,-139.65056798731905,2.0,0.5,1.0,0.84,-0.6330113597463811,2.16
simbiosis,595,0.0,0.0,0.5,1.0,0.84,0.0,0.0
simbiosis,596,0.0,0.0,0.5,1.0,0.88,0.0,0.0
simbiosis,597,-47.825283993659525,0.0,0.52,1.0,0.9,-0.31650567987319056,0.64
simbiosis,598,0.0,0.0,0.5,1.0,0.92,0.0,0.0
simbiosis,599,0.0,0.0,0.5,1.0,0.86,0.0,0.0
simbiosis,600,0.0,0.0,0.5,1.0,0.86,0.0,0.0
simbiosis,601,0.0,0.0,0.5,1.0,0.82,0.0,0.0
simbiosis,602,0.0,0.0,0.5,1.0,0.88,0.0,0.0
simbiosis,603,-20.912641996829763,0.0,0.51,1.0,0.74,-0.15825283993659528,0.26
simbiosis,604,-27.982004545227092,0.0,0.5,0.992,0.68,-0.06964009090454187,0.49
simbiosis,605,0.0,0.0,0.5,1.0,0.86,0.0,0.0
simbiosis,606,0.0,0.0,0.5,1.0,0.86,0.0,0.0
simbiosis,607,0.0,0.0,0.5,1.0,0.8,0.0,0.0
simbiosis,608,-20.912641996829763,0.0,0.51,1.0,0.82,-0.15825283993659528,0.26
simbiosis,609,-9.912641996829763,0.0,0.51,1.0,0.76,-0.15825283993659528,0.04
simbiosis,610,0.0,0.0,0.5,1.0,0.88,0.0,0.0
simbiosis,611,0.0,0.0,0.5,1.0,0.8,0.0,0.0
simbiosis,612,-52.98200454522709,0.0,0.5,0.992,0.82,-0.06964009090454187,0.99
simbiosis,613,-12.482004545227094,0.0,0.5,0.992,0.84,-0.06964009090454187,0.18
simbiosis,614,-86.41264199682976,0.0,0.51,1.0,0.82,-0.15825283993659528,1.57
simbiosis,615,-12.982004545227094,0.0,0.5,0.992,0.86,-0.06964009090454187,0.19
simbiosis,616,0.0,0.0,0.5,1.0,0.84,0.0,0.0
simbiosis,617,0.0,0.0,0.5,1.0,0.86,0.0,0.0
simbiosis,618,-12.964009090454187,0.0,0.5,0.9840000000000001,0.84,-0.13928018180908375,0.12
simbiosis,619,-72.0,0.0,0.5,1.0,0.82,0.0,1.44
simbiosis,620,0.0,0.0,0.5,1.0,0.88,0.0,0.0
simbiosis,621,-19.982004545227092,0.0,0.5,0.992,0.9,-0.06964009090454187,0.33
simbiosis,622,-113.91264199682976,0.0,0.51,1.0,0.74,-0.15825283993659528,2.12
simbiosis,623,0.0,0.0,0.5,1.0,0.88,0.0,0.0
simbiosis,624,-22.946013635681282,0.0,0.5,0.976,0.7,-0.20892027271362562,0.25
simbiosis,625,-9.482004545227094,0.0,0.5,0.992,0.8,-0.06964009090454187,0.12
simbiosis,626,-30.464009090454187,0.0,0.5,0.9840000000000001,0.84,-0.13928018180908375,0.47
simbiosis,627,-61.13257253254614,2.0,0.5,0.992,0.74,-0.7026514506509229,0.52
simbiosis,628,0.0,0.0,0.5,1.0,0.76,0.0,0.0
simbiosis,629,-31.464009090454187,0.0,0.5,0.9840000000000001,0.82,-0.13928018180908375,0.49
simbiosis,630,0.0,0.0,0.5,1.0,0.88,0.0,0.0
simbiosis,631,-5.482004545227094,0.0,0.5,0.992,0.72,-0.06964009090454187,0.04
simbiosis,632,-9.912641996829763,0.0,0.51,1.0,0.88,-0.15825283993659528,0.04
simbiosis,633,-26.464009090454184,0.0,0.5,0.9840000000000001,0.82,-0.13928018180908375,0.39
simbiosis,634,0.0,0.0,0.5,1.0,0.84,0.0,0.0
simbiosis,635,-42.94601363568128,0.0,0.5,0.976,0.8,-0.20892027271362562,0.65
simbiosis,636,-51.394646542056854,0.0,0.51,0.992,0.8,-0.22789293084113715,0.8
simbiosis,637,0.0,0.0,0.5,1.0,0.84,0.0,0.0
simbiosis,638,-23.946013635681282,0.0,0.5,0.976,0.74,-0.20892027271362562,0.27
simbiosis,639,0.0,0.0,0.5,1.0,0.82,0.0,0.0
simbiosis,640,-26.982004545227092,0.0,0.5,0.992,0.8,-0.06964009090454187,0.47
simbiosis,641,-213.39464654205685,0.0,0.51,0.992,0.88,-0.22789293084113715,4.04
simbiosis,642,0.0,0.0,0.5,1.0,0.9,0.0,0.0
simbiosis,643,-22.964009090454187,0.0,0.5,0.9840000000000001,0.8,-0.13928018180908375,0.32
simbiosis,644,0.0,0.0,0.5,1.0,0.94,0.0,0.0
simbiosis,645,0.0,0.0,0.5,1.0,0.78,0.0,0.0
simbiosis,646,-14.464009090454187,0.0,0.5,0.9840000000000001,0.78,-0.13928018180908375,0.15
simbiosis,647,0.0,0.0,0.5,1.0,0.88,0.0,0.0
simbiosis,648,0.0,0.0,0.5,1.0,0.78,0.0,0.0
simbiosis,649,-15.964009090454187,0.0,0.5,0.9840000000000001,0.8,-0.13928018180908375,0.18
simbiosis,650,0.0,0.0,0.5,1.0,0.9,0.0,0.0
simbiosis,651,0.0,0.0,0.5,1.0,0.86,0.0,0.0
simbiosis,652,-15.482004545227094,0.0,0.5,0.992,0.78,-0.06964009090454187,0.24
simbiosis,653,0.0,0.0,0.5,1.0,0.88,0.0,0.0
simbiosis,654,0.0,0.0,0.5,1.0,0.8,0.0,0.0
simbiosis,655,0.0,0.0,0.5,1.0,0.82,0.0,0.0
simbiosis,656,-43.65056798731905,2.0,0.5,1.0,0.82,-0.6330113597463811,0.24
simbiosis,657,0.0,0.0,0.5,1.0,0.78,0.0,0.0
simbiosis,658,-141.0,0.0,0.5,1.0,0.76,0.0,2.82
simbiosis,659,-47.80728853888662,1.0,0.5,0.992,0.78,-0.38614577077773243,0.57
simbiosis,660,-17.825283993659525,1.0,0.5,1.0,0.8,-0.31650567987319056,0.04
simbiosis,661,0.0,0.0,0.5,1.0,0.8,0.0,0.0
simbiosis,662,0.0,0.0,0.5,1.0,0.9,0.0,0.0
simbiosis,663,-39.325283993659525,1.0,0.5,1.0,0.76,-0.31650567987319056,0.47
simbiosis,664,-21.0,0.0,0.5,1.0,0.84,0.0,0.42
simbiosis,665,0.0,0.0,0.5,1.0,0.8,0.0,0.0
simbiosis,666,-31.825283993659525,1.0,0.5,1.0,0.84,-0.31650567987319056,0.32
simbiosis,667,-59.94601363568128,0.0,0.5,0.976,0.76,-0.20892027271362562,0.99
simbiosis,668,0.0,0.0,0.5,1.0,0.84,0.0,0.0
simbiosis,669,-20.482004545227092,0.0,0.5,0.992,0.8,-0.06964009090454187,0.34
simbiosis,670,0.0,0.0,0.5,1.0,0.86,0.0,0.0
simbiosis,671,-60.78929308411371,1.0,0.5,0.9840000000000001,0.86,-0.4557858616822743,0.76
simbiosis,672,0.0,0.0,0.5,1.0,0.86,0.0,0.0
simbiosis,673,-9.912641996829763,0.0,0.51,1.0,0.78,-0.15825283993659528,0.04
simbiosis,674,0.0,0.0,0.5,1.0,0.82,0.0,0.0
simbiosis,675,-18.482004545227092,0.0,0.5,0.992,0.86,-0.06964009090454187,0.3
simbiosis,676,0.0,0.0,0.5,1.0,0.92,0.0,0.0
simbiosis,677,-89.28929308411371,1.0,0.5,0.9840000000000001,0.8,-0.4557858616822743,1.33
simbiosis,678,-692.982004545227,0.0,0.5,0.992,0.8,-0.06964009090454187,13.79
simbiosis,679,-60.0,0.0,0.5,1.0,0.82,0.0,1.2
simbiosis,680,0.0,0.0,0.5,1.0,0.88,0.0,0.0
simbiosis,681,0.0,0.0,0.5,1.0,0.78,0.0,0.0
simbiosis,682,0.0,0.0,0.5,1.0,0.88,0.0,0.0
simbiosis,683,0.0,0.0,0.5,1.0,0.84,0.0,0.0
simbiosis,684,0.0,0.0,0.5,1.0,0.96,0.0,0.0
simbiosis,685,-37.964009090454184,0.0,0.5,0.9840000000000001,0.84,-0.13928018180908375,0.62
simbiosis,686,-6.482004545227094,0.0,0.5,0.992,0.78,-0.06964009090454187,0.06
simbiosis,687,0.0,0.0,0.5,1.0,0.88,0.0,0.0
simbiosis,688,0.0,0.0,0.5,1.0,0.88,0.0,0.0
simbiosis,689,-29.464009090454187,0.0,0.5,0.9840000000000001,0.86,-0.13928018180908375,0.45
simbiosis,690,-83.65056798731905,2.0,0.5,1.0,0.8,-0.6330113597463811,1.04
simbiosis,691,0.0,0.0,0.5,1.0,0.82,0.0,0.0
simbiosis,692,0.0,0.0,0.5,1.0,0.88,0.0,0.0
simbiosis,693,0.0,0.0,0.5,1.0,0.9,0.0,0.0
simbiosis,694,0.0,0.0,0.5,1.0,0.78,0.0,0.0
simbiosis,695,0.0,0.0,0.5,1.0,0.9,0.0,0.0
simbiosis,696,0.0,0.0,0.5,1.0,0.86,0.0,0.0
simbiosis,697,-20.482004545227092,0.0,0.5,0.992,0.82,-0.06964009090454187,0.34
simbiosis,698,-18.982004545227092,0.0,0.5,0.992,0.72,-0.06964009090454187,0.31
simbiosis,699,0.0,0.0,0.5,1.0,0.8,0.0,0.0
simbiosis,700,-35.964009090454184,0.0,0.5,0.9840000000000001,0.72,-0.13928018180908375,0.58
simbiosis,701,-19.482004545227092,0.0,0.5,0.992,0.82,-0.06964009090454187,0.32
simbiosis,702,-1.5,0.0,0.5,1.0,0.74,0.0,0.03
simbiosis,703,0.0,0.0,0.5,1.0,0.98,0.0,0.0
simbiosis,704,0.0,0.0,0.5,1.0,0.82,0.0,0.0
simbiosis,705,-45.825283993659525,1.0,0.5,1.0,0.78,-0.31650567987319056,0.6
simbiosis,706,-53.44601363568128,0.0,0.5,0.976,0.82,-0.20892027271362562,0.86
simbiosis,707,-20.964009090454187,0.0,0.5,0.9840000000000001,0.8,-0.13928018180908375,0.28
simbiosis,708,0.0,0.0,0.5,1.0,0.84,0.0,0.0
simbiosis,709,-62.98200454522709,0.0,0.5,0.992,0.88,-0.06964009090454187,1.19
simbiosis,710,-12.964009090454187,0.0,0.5,0.9840000000000001,0.82,-0.13928018180908375,0.12
simbiosis,711,-27.982004545227092,0.0,0.5,0.992,0.8,-0.06964009090454187,0.49
simbiosis,712,0.0,0.0,0.5,1.0,0.88,0.0,0.0
simbiosis,713,0.0,0.0,0.5,1.0,0.78,0.0,0.0
simbiosis,714,0.0,0.0,0.5,1.0,0.88,0.0,0.0
simbiosis,715,0.0,0.0,0.5,1.0,0.9,0.0,0.0
simbiosis,716,0.0,0.0,0.5,1.0,0.78,0.0,0.0
simbiosis,717,0.0,0.0,0.5,1.0,0.88,0.0,0.0
simbiosis,718,-34.825283993659525,0.0,0.52,1.0,0.86,-0.31650567987319056,0.38
simbiosis,719,-84.0,0.0,0.5,1.0,0.76,0.0,1.68
simbiosis,720,0.0,0.0,0.5,1.0,0.82,0.0,0.0
simbiosis,721,-62.80728853888662,0.0,0.52,0.992,0.8,-0.38614577077773243,0.87
simbiosis,722,-27.982004545227092,0.0,0.5,0.992,0.82,-0.06964009090454187,0.49
simbiosis,723,-12.482004545227094,0.0,0.5,0.992,0.82,-0.06964009090454187,0.18
simbiosis,724,-11.982004545227094,0.0,0.5,0.992,0.76,-0.06964009090454187,0.17
simbiosis,725,-42.44601363568128,0.0,0.5,0.976,0.84,-0.20892027271362562,0.64
simbiosis,726,0.0,0.0,0.5,1.0,0.84,0.0,0.0
simbiosis,727,0.0,0.0,0.5,1.0,0.94,0.0,0.0
simbiosis,728,-35.946013635681275,0.0,0.5,0.976,0.82,-0.20892027271362562,0.51
simbiosis,729,-78.73792599048929,1.0,0.51,1.0,0.84,-0.47475851980978584,1.1
simbiosis,730,-27.982004545227092,0.0,0.5,0.992,0.84,-0.06964009090454187,0.49
simbiosis,731,0.0,0.0,0.5,1.0,0.78,0.0,0.0
simbiosis,732,-11.964009090454187,0.0,0.5,0.9840000000000001,0.8,-0.13928018180908375,0.1
simbiosis,733,-59.91264199682976,0.0,0.51,1.0,0.8,-0.15825283993659528,1.04
simbiosis,734,0.0,0.0,0.5,1.0,0.84,0.0,0.0
simbiosis,735,-25.464009090454187,0.0,0.5,0.9840000000000001,0.76,-0.13928018180908375,0.37
simbiosis,736,0.0,0.0,0.5,1.0,0.8,0.0,0.0
simbiosis,737,0.0,0.0,0.5,1.0,0.8,0.0,0.0
simbiosis,738,-70.41264199682976,0.0,0.51,1.0,0.86,-0.15825283993659528,1.25
simbiosis,739,0.0,0.0,0.5,1.0,0.86,0.0,0.0
simbiosis,740,0.0,0.0,0.5,1.0,0.9,0.0,0.0
simbiosis,741,0.0,0.0,0.5,1.0,0.88,0.0,0.0
simbiosis,742,-25.464009090454184,0.0,0.5,0.9840000000000001,0.84,-0.13928018180908375,0.37
simbiosis,743,-35.78929308411371,1.0,0.5,0.9840000000000001,0.7,-0.4557858616822743,0.26
simbiosis,744,-157.5,0.0,0.5,1.0,0.8,0.0,3.15
simbiosis,745,0.0,0.0,0.5,1.0,0.9,0.0,0.0
simbiosis,746,-10.482004545227094,0.0,0.5,0.992,0.84,-0.06964009090454187,0.14
simbiosis,747,0.0,0.0,0.5,1.0,0.86,0.0,0.0
simbiosis,748,0.0,0.0,0.5,1.0,0.84,0.0,0.0
simbiosis,749,0.0,0.0,0.5,1.0,0.82,0.0,0.0
simbiosis,750,0.0,0.0,0.5,1.0,0.78,0.0,0.0
simbiosis,751,0.0,0.0,0.5,1.0,0.88,0.0,0.0
simbiosis,752,0.0,0.0,0.5,1.0,0.8,0.0,0.0
simbiosis,753,0.0,0.0,0.5,1.0,0.98,0.0,0.0
simbiosis,754,0.0,0.0,0.5,1.0,0.8,0.0,0.0
simbiosis,755,0.0,0.0,0.5,1.0,0.86,0.0,0.0
simbiosis,756,-14.482004545227094,0.0,0.5,0.992,0.82,-0.06964009090454187,0.22
simbiosis,757,0.0,0.0,0.5,1.0,0.96,0.0,0.0
simbiosis,758,0.0,0.0,0.5,1.0,0.86,0.0,0.0
simbiosis,759,-16.5,0.0,0.5,1.0,0.74,0.0,0.33
simbiosis,760,-90.30728853888661,1.0,0.5,0.992,0.72,-0.38614577077773243,1.42
simbiosis,761,-27.982004545227092,0.0,0.5,0.992,0.84,-0.06964009090454187,0.49
simbiosis,762,-4.5,0.0,0.5,1.0,0.78,0.0,0.09
simbiosis,763,0.0,0.0,0.5,1.0,0.88,0.0,0.0
simbiosis,764,-27.982004545227092,0.0,0.5,0.992,0.84,-0.06964009090454187,0.49
simbiosis,765,-7.482004545227094,0.0,0.5,0.992,0.8,-0.06964009090454187,0.08
simbiosis,766,0.0,0.0,0.5,1.0,0.88,0.0,0.0
simbiosis,767,-67.44601363568128,0.0,0.5,0.976,0.8,-0.20892027271362562,1.14
simbiosis,768,0.0,0.0,0.5,1.0,0.84,0.0,0.0
simbiosis,769,0.0,0.0,0.5,1.0,0.88,0.0,0.0
simbiosis,770,0.0,0.0,0.5,1.0,0.9,0.0,0.0
simbiosis,771,0.0,0.0,0.5,1.0,0.86,0.0,0.0
simbiosis,772,-23.982004545227092,0.0,0.5,0.992,0.8,-0.06964009090454187,0.41
simbiosis,773,-26.964009090454187,0.0,0.5,0.9840000000000001,0.82,-0.13928018180908375,0.4
simbiosis,774,0.0,0.0,0.5,1.0,0.88,0.0,0.0
simbiosis,775,0.0,0.0,0.5,1.0,0.92,0.0,0.0
simbiosis,776,0.0,0.0,0.5,1.0,0.84,0.0,0.0
simbiosis,777,-8.912641996829763,0.0,0.51,1.0,0.72,-0.15825283993659528,0.02
simbiosis,778,-137.48200454522708,0.0,0.5,0.992,0.86,-0.06964009090454187,2.68
simbiosis,779,0.0,0.0,0.5,1.0,0.9,0.0,0.0
simbiosis,780,0.0,0.0,0.5,1.0,0.8,0.0,0.0
simbiosis,781,-8.482004545227094,0.0,0.5,0.992,0.78,-0.06964009090454187,0.1
simbiosis,782,0.0,0.0,0.5,1.0,0.88,0.0,0.0
simbiosis,783,-15.964009090454187,0.0,0.5,0.9840000000000001,0.76,-0.13928018180908375,0.18
simbiosis,784,0.0,0.0,0.5,1.0,0.96,0.0,0.0
simbiosis,785,-10.912641996829763,0.0,0.51,1.0,0.84,-0.15825283993659528,0.06
simbiosis,786,0.0,0.0,0.5,1.0,0.82,0.0,0.0
simbiosis,787,0.0,0.0,0.5,1.0,0.82,0.0,0.0
simbiosis,788,-10.964009090454187,0.0,0.5,0.9840000000000001,0.84,-0.13928018180908375,0.08
simbiosis,789,0.0,0.0,0.5,1.0,0.9,0.0,0.0
simbiosis,790,0.0,0.0,0.5,1.0,0.8,0.0,0.0
simbiosis,791,-18.464009090454187,0.0,0.5,0.9840000000000001,0.86,-0.13928018180908375,0.23
simbiosis,792,0.0,0.0,0.5,1.0,0.88,0.0,0.0
simbiosis,793,-16.964009090454187,0.0,0.5,0.9840000000000001,0.8,-0.13928018180908375,0.2
simbiosis,794,-5.982004545227094,0.0,0.5,0.992,0.78,-0.06964009090454187,0.05
simbiosis,795,0.0,0.0,0.5,1.0,0.68,0.0,0.0
simbiosis,796,0.0,0.0,0.5,1.0,0.74,0.0,0.0
simbiosis,797,-43.894646542056854,0.0,0.51,0.992,0.82,-0.22789293084113715,0.65
simbiosis,798,-73.80728853888661,1.0,0.5,0.992,0.82,-0.38614577077773243,1.09
simbiosis,799,-43.464009090454184,0.0,0.5,0.9840000000000001,0.84,-0.13928018180908375,0.73
simbiosis,800,-31.5,0.0,0.5,1.0,0.86,0.0,0.63
simbiosis,801,0.0,0.0,0.5,1.0,0.82,0.0,0.0
simbiosis,802,-135.0,0.0,0.5,1.0,0.88,0.0,2.7
simbiosis,803,-24.0,0.0,0.5,1.0,0.78,0.0,0.48
simbiosis,804,-4.5,0.0,0.5,1.0,0.88,0.0,0.09
simbiosis,805,0.0,0.0,0.5,1.0,0.88,0.0,0.0
simbiosis,806,-42.30728853888662,1.0,0.5,0.992,0.76,-0.38614577077773243,0.46
simbiosis,807,0.0,0.0,0.5,1.0,0.76,0.0,0.0
simbiosis,808,0.0,0.0,0.5,1.0,0.86,0.0,0.0
simbiosis,809,0.0,0.0,0.5,1.0,0.84,0.0,0.0
simbiosis,810,-31.964009090454184,0.0,0.5,0.9840000000000001,0.72,-0.13928018180908375,0.5
simbiosis,811,0.0,0.0,0.5,1.0,0.84,0.0,0.0
simbiosis,812,0.0,0.0,0.5,1.0,0.84,0.0,0.0
simbiosis,813,-54.964009090454184,0.0,0.5,0.9840000000000001,0.84,-0.13928018180908375,0.96
simbiosis,814,-139.48200454522708,0.0,0.5,0.992,0.78,-0.06964009090454187,2.72
simbiosis,815,0.0,0.0,0.5,1.0,0.8,0.0,0.0
simbiosis,816,-21.982004545227092,0.0,0.5,0.992,0.82,-0.06964009090454187,0.37
simbiosis,817,-29.825283993659525,1.0,0.5,1.0,0.84,-0.31650567987319056,0.28
simbiosis,818,0.0,0.0,0.5,1.0,0.84,0.0,0.0
simbiosis,819,0.0,0.0,0.5,1.0,0.82,0.0,0.0
simbiosis,820,-32.964009090454184,0.0,0.5,0.9840000000000001,0.9,-0.13928018180908375,0.52
simbiosis,821,-37.78929308411371,1.0,0.5,0.9840000000000001,0.78,-0.4557858616822743,0.3
simbiosis,822,-25.964009090454187,0.0,0.5,0.9840000000000001,0.84,-0.13928018180908375,0.38
simbiosis,823,-4.5,0.0,0.5,1.0,0.82,0.0,0.09
simbiosis,824,0.0,0.0,0.5,1.0,0.86,0.0,0.0
simbiosis,825,-71.42801818090837,0.0,0.5,0.968,0.78,-0.2785603636181675,1.15
simbiosis,826,0.0,0.0,0.5,1.0,0.86,0.0,0.0
simbiosis,827,0.0,0.0,0.5,1.0,0.82,0.0,0.0
simbiosis,828,-5.982004545227094,0.0,0.5,0.992,0.82,-0.06964009090454187,0.05
simbiosis,829,0.0,0.0,0.5,1.0,0.88,0.0,0.0
simbiosis,830,0.0,0.0,0.5,1.0,0.74,0.0,0.0
simbiosis,831,-16.412641996829763,0.0,0.51,1.0,0.8,-0.15825283993659528,0.17
simbiosis,832,0.0,0.0,0.5,1.0,0.86,0.0,0.0
simbiosis,833,-8.482004545227094,0.0,0.5,0.992,0.92,-0.06964009090454187,0.1
simbiosis,834,0.0,0.0,0.5,1.0,0.78,0.0,0.0
simbiosis,835,0.0,0.0,0.5,1.0,0.86,0.0,0.0
simbiosis,836,-27.982004545227092,0.0,0.5,0.992,0.86,-0.06964009090454187,0.49
simbiosis,837,-8.482004545227094,0.0,0.5,0.992,0.8,-0.06964009090454187,0.1
simbiosis,838,0.0,0.0,0.5,1.0,0.88,0.0,0.0
simbiosis,839,-40.94601363568128,0.0,0.5,0.976,0.76,-0.20892027271362562,0.61
simbiosis,840,0.0,0.0,0.5,1.0,0.88,0.0,0.0
simbiosis,841,0.0,0.0,0.5,1.0,0.8,0.0,0.0
simbiosis,842,0.0,0.0,0.5,1.0,0.86,0.0,0.0
simbiosis,843,-70.30728853888661,1.0,0.5,0.992,0.8,-0.38614577077773243,1.02
simbiosis,844,-76.91264199682976,0.0,0.51,1.0,0.82,-0.15825283993659528,1.38
simbiosis,845,0.0,0.0,0.5,1.0,0.92,0.0,0.0
simbiosis,846,-25.825283993659525,1.0,0.5,1.0,0.82,-0.31650567987319056,0.2
simbiosis,847,0.0,0.0,0.5,1.0,0.9,0.0,0.0
simbiosis,848,-51.0,0.0,0.5,1.0,0.8,0.0,1.02
simbiosis,849,-29.412641996829763,0.0,0.51,1.0,0.84,-0.15825283993659528,0.43
simbiosis,850,0.0,0.0,0.5,1.0,0.88,0.0,0.0
simbiosis,851,-46.94601363568128,0.0,0.5,0.976,0.86,-0.20892027271362562,0.73
simbiosis,852,0.0,0.0,0.5,1.0,0.88,0.0,0.0
simbiosis,853,0.0,0.0,0.5,1.0,0.84,0.0,0.0
simbiosis,854,-69.0,0.0,0.5,1.0,0.8,0.0,1.38
simbiosis,855,0.0,0.0,0.5,1.0,0.74,0.0,0.0
simbiosis,856,0.0,0.0,0.5,1.0,0.82,0.0,0.0
simbiosis,857,-34.964009090454184,0.0,0.5,0.9840000000000001,0.8,-0.13928018180908375,0.56
simbiosis,858,-107.32528399365953,0.0,0.52,1.0,0.76,-0.31650567987319056,1.83
simbiosis,859,0.0,0.0,0.5,1.0,0.86,0.0,0.0
simbiosis,860,-14.464009090454187,0.0,0.5,0.9840000000000001,0.72,-0.13928018180908375,0.15
simbiosis,861,-47.825283993659525,1.0,0.5,1.0,0.86,-0.31650567987319056,0.64
simbiosis,862,0.0,0.0,0.5,1.0,0.84,0.0,0.0
simbiosis,863,-1.5,0.0,0.5,1.0,0.78,0.0,0.03
simbiosis,864,-39.825283993659525,0.0,0.52,1.0,0.7,-0.31650567987319056,0.48
simbiosis,865,0.0,0.0,0.5,1.0,0.84,0.0,0.0
simbiosis,866,-76.78929308411371,0.0,0.52,0.9840000000000001,0.8,-0.45578586168227425,1.08
simbiosis,867,-15.982004545227094,0.0,0.5,0.992,0.82,-0.06964009090454187,0.25
simbiosis,868,0.0,0.0,0.5,1.0,0.84,0.0,0.0
simbiosis,869,-37.41264199682976,0.0,0.51,1.0,0.82,-0.15825283993659528,0.59
simbiosis,870,0.0,0.0,0.5,1.0,0.82,0.0,0.0
simbiosis,871,-18.912641996829763,0.0,0.51,1.0,0.9,-0.15825283993659528,0.22
simbiosis,872,0.0,0.0,0.5,1.0,0.92,0.0,0.0
simbiosis,873,0.0,0.0,0.5,1.0,0.82,0.0,0.0
simbiosis,874,-202.5632099841488,2.0,0.51,1.0,0.78,-0.7912641996829763,3.26
simbiosis,875,-8.912641996829763,0.0,0.51,1.0,0.82,-0.15825283993659528,0.02
simbiosis,876,0.0,0.0,0.5,1.0,0.76,0.0,0.0
simbiosis,877,-10.982004545227094,0.0,0.5,0.992,0.86,-0.06964009090454187,0.15
simbiosis,878,-26.982004545227092,0.0,0.5,0.992,0.86,-0.06964009090454187,0.47
simbiosis,879,0.0,0.0,0.5,1.0,0.88,0.0,0.0
simbiosis,880,0.0,0.0,0.5,1.0,0.84,0.0,0.0
simbiosis,881,-23.825283993659525,1.0,0.5,1.0,0.86,-0.31650567987319056,0.16
simbiosis,882,-19.964009090454187,0.0,0.5,0.9840000000000001,0.82,-0.13928018180908375,0.26
simbiosis,883,-41.894646542056854,0.0,0.51,0.992,0.78,-0.22789293084113715,0.61
simbiosis,884,0.0,0.0,0.5,1.0,0.92,0.0,0.0
simbiosis,885,-51.41264199682976,0.0,0.51,1.0,0.84,-0.15825283993659528,0.87
simbiosis,886,0.0,0.0,0.5,1.0,0.8,0.0,0.0
simbiosis,887,-64.82528399365953,0.0,0.52,1.0,0.78,-0.31650567987319056,0.98
simbiosis,888,0.0,0.0,0.5,1.0,0.86,0.0,0.0
simbiosis,889,0.0,0.0,0.5,1.0,0.74,0.0,0.0
simbiosis,890,-35.964009090454184,0.0,0.5,0.9840000000000001,0.84,-0.13928018180908375,0.58
simbiosis,891,-247.47585198097858,3.0,0.5,1.0,0.76,-0.9495170396195717,4.0
simbiosis,892,0.0,0.0,0.5,1.0,0.84,0.0,0.0
simbiosis,893,-4.982004545227094,0.0,0.5,0.992,0.82,-0.06964009090454187,0.03
simbiosis,894,-19.482004545227092,0.0,0.5,0.992,0.82,-0.06964009090454187,0.32
simbiosis,895,-26.982004545227092,0.0,0.5,0.992,0.8,-0.06964009090454187,0.47
simbiosis,896,0.0,0.0,0.5,1.0,0.9,0.0,0.0
simbiosis,897,0.0,0.0,0.5,1.0,0.84,0.0,0.0
simbiosis,898,-80.78929308411371,1.0,0.5,0.9840000000000001,0.76,-0.4557858616822743,1.16
simbiosis,899,-26.964009090454187,0.0,0.5,0.9840000000000001,0.76,-0.13928018180908375,0.4
simbiosis,900,0.0,0.0,0.5,1.0,0.84,0.0,0.0
simbiosis,901,-258.0,0.0,0.5,1.0,0.78,0.0,5.16
simbiosis,902,-36.394646542056854,0.0,0.51,0.992,0.78,-0.22789293084113715,0.5
simbiosis,903,0.0,0.0,0.5,1.0,0.84,0.0,0.0
simbiosis,904,0.0,0.0,0.5,1.0,0.86,0.0,0.0
simbiosis,905,0.0,0.0,0.5,1.0,0.8,0.0,0.0
simbiosis,906,0.0,0.0,0.5,1.0,0.96,0.0,0.0
simbiosis,907,0.0,0.0,0.5,1.0,0.88,0.0,0.0
simbiosis,908,0.0,0.0,0.5,1.0,0.92,0.0,0.0
simbiosis,909,0.0,0.0,0.5,1.0,0.78,0.0,0.0
simbiosis,910,0.0,0.0,0.5,1.0,0.92,0.0,0.0
simbiosis,911,0.0,0.0,0.5,1.0,0.86,0.0,0.0
simbiosis,912,0.0,0.0,0.5,1.0,0.84,0.0,0.0
simbiosis,913,-19.912641996829763,0.0,0.51,1.0,0.78,-0.15825283993659528,0.24
simbiosis,914,-9.982004545227094,0.0,0.5,0.992,0.72,-0.06964009090454187,0.13
simbiosis,915,-7.482004545227094,0.0,0.5,0.992,0.78,-0.06964009090454187,0.08
simbiosis,916,0.0,0.0,0.5,1.0,0.84,0.0,0.0
simbiosis,917,0.0,0.0,0.5,1.0,0.88,0.0,0.0
simbiosis,918,0.0,0.0,0.5,1.0,0.8,0.0,0.0
simbiosis,919,-22.964009090454187,0.0,0.5,0.9840000000000001,0.82,-0.13928018180908375,0.32
simbiosis,920,0.0,0.0,0.5,1.0,0.86,0.0,0.0
simbiosis,921,-11.964009090454187,0.0,0.5,0.9840000000000001,0.78,-0.13928018180908375,0.1
simbiosis,922,-6.982004545227094,0.0,0.5,0.992,0.82,-0.06964009090454187,0.07
simbiosis,923,-27.482004545227092,0.0,0.5,0.992,0.8,-0.06964009090454187,0.48
simbiosis,924,-91.95785652620566,3.0,0.5,0.992,0.76,-1.0191571305241134,0.82
simbiosis,925,0.0,0.0,0.5,1.0,0.9,0.0,0.0
simbiosis,926,0.0,0.0,0.5,1.0,0.82,0.0,0.0
simbiosis,927,0.0,0.0,0.5,1.0,0.88,0.0,0.0
simbiosis,928,0.0,0.0,0.5,1.0,0.86,0.0,0.0
simbiosis,929,0.0,0.0,0.5,1.0,0.8,0.0,0.0
simbiosis,930,0.0,0.0,0.5,1.0,0.8,0.0,0.0
simbiosis,931,-58.73792599048929,0.0,0.53,1.0,0.84,-0.47475851980978584,0.7
simbiosis,932,-22.982004545227092,0.0,0.5,0.992,0.84,-0.06964009090454187,0.39
simbiosis,933,-34.464009090454184,0.0,0.5,0.9840000000000001,0.8,-0.13928018180908375,0.55
simbiosis,934,-24.982004545227092,0.0,0.5,0.992,0.78,-0.06964009090454187,0.43
simbiosis,935,0.0,0.0,0.5,1.0,0.92,0.0,0.0
simbiosis,936,-160.5,0.0,0.5,1.0,0.82,0.0,3.21
simbiosis,937,0.0,0.0,0.5,1.0,0.84,0.0,0.0
simbiosis,938,-87.65056798731905,2.0,0.5,1.0,0.8,-0.6330113597463811,1.12
simbiosis,939,-43.30728853888662,1.0,0.5,0.992,0.76,-0.38614577077773243,0.48
simbiosis,940,-12.982004545227094,0.0,0.5,0.992,0.8,-0.06964009090454187,0.19
simbiosis,941,-49.80728853888662,1.0,0.5,0.992,0.76,-0.38614577077773243,0.61
simbiosis,942,-11.912641996829763,0.0,0.51,1.0,0.88,-0.15825283993659528,0.08
simbiosis,943,0.0,0.0,0.5,1.0,0.72,0.0,0.0
simbiosis,944,-125.82528399365953,1.0,0.5,1.0,0.8,-0.31650567987319056,2.2
simbiosis,945,0.0,0.0,0.5,1.0,0.9,0.0,0.0
simbiosis,946,-12.482004545227094,0.0,0.5,0.992,0.86,-0.06964009090454187,0.18
simbiosis,947,0.0,0.0,0.5,1.0,0.76,0.0,0.0
simbiosis,948,0.0,0.0,0.5,1.0,0.74,0.0,0.0
simbiosis,949,-85.5,0.0,0.5,1.0,0.82,0.0,1.71
simbiosis,950,-27.982004545227092,0.0,0.5,0.992,0.66,-0.06964009090454187,0.49
simbiosis,951,-27.0,0.0,0.5,1.0,0.78,0.0,0.54
simbiosis,952,0.0,0.0,0.5,1.0,0.88,0.0,0.0
simbiosis,953,0.0,0.0,0.5,1.0,0.78,0.0,0.0
simbiosis,954,0.0,0.0,0.5,1.0,0.84,0.0,0.0
simbiosis,955,-12.482004545227094,0.0,0.5,0.992,0.78,-0.06964009090454187,0.18
simbiosis,956,-42.964009090454184,0.0,0.5,0.9840000000000001,0.78,-0.13928018180908375,0.72
simbiosis,957,-107.11457707777323,2.0,0.5,0.9840000000000001,0.78,-0.7722915415554649,1.37
simbiosis,958,-40.825283993659525,0.0,0.52,1.0,0.88,-0.31650567987319056,0.5
simbiosis,959,-90.0,0.0,0.5,1.0,0.86,0.0,1.8
simbiosis,960,-41.464009090454184,0.0,0.5,0.9840000000000001,0.78,-0.13928018180908375,0.69
simbiosis,961,0.0,0.0,0.5,1.0,0.86,0.0,0.0
simbiosis,962,-429.0,0.0,0.5,1.0,0.8,0.0,8.58
simbiosis,963,-36.964009090454184,0.0,0.5,0.9840000000000001,0.88,-0.13928018180908375,0.6
simbiosis,964,0.0,0.0,0.5,1.0,0.94,0.0,0.0
simbiosis,965,-12.412641996829763,0.0,0.51,1.0,0.84,-0.15825283993659528,0.09
simbiosis,966,0.0,0.0,0.5,1.0,0.78,0.0,0.0
simbiosis,967,0.0,0.0,0.5,1.0,0.84,0.0,0.0
simbiosis,968,0.0,0.0,0.5,1.0,0.76,0.0,0.0
simbiosis,969,0.0,0.0,0.5,1.0,0.86,0.0,0.0
simbiosis,970,-16.982004545227092,0.0,0.5,0.992,0.84,-0.06964009090454187,0.27
simbiosis,971,0.0,0.0,0.5,1.0,0.92,0.0,0.0
simbiosis,972,0.0,0.0,0.5,1.0,0.86,0.0,0.0
simbiosis,973,-27.0,0.0,0.5,1.0,0.78,0.0,0.54
simbiosis,974,-20.982004545227092,0.0,0.5,0.992,0.76,-0.06964009090454187,0.35
simbiosis,975,0.0,0.0,0.5,1.0,0.84,0.0,0.0
simbiosis,976,-66.0,0.0,0.5,1.0,0.84,0.0,1.32
simbiosis,977,-18.482004545227092,0.0,0.5,0.992,0.86,-0.06964009090454187,0.3
simbiosis,978,-17.894646542056854,0.0,0.51,0.992,0.84,-0.22789293084113715,0.13
simbiosis,979,-13.964009090454187,0.0,0.5,0.9840000000000001,0.8,-0.13928018180908375,0.14
simbiosis,980,-26.912641996829763,0.0,0.51,1.0,0.8,-0.15825283993659528,0.38
simbiosis,981,-25.464009090454187,0.0,0.5,0.9840000000000001,0.82,-0.13928018180908375,0.37
simbiosis,982,0.0,0.0,0.5,1.0,0.92,0.0,0.0
simbiosis,983,0.0,0.0,0.5,1.0,0.84,0.0,0.0
simbiosis,984,-39.65056798731905,2.0,0.5,1.0,0.76,-0.6330113597463811,0.16
simbiosis,985,0.0,0.0,0.5,1.0,0.84,0.0,0.0
simbiosis,986,-61.2712976293408,1.0,0.5,0.976,0.76,-0.5254259525868161,0.7
simbiosis,987,-20.912641996829763,0.0,0.51,1.0,0.78,-0.15825283993659528,0.26
simbiosis,988,0.0,0.0,0.5,1.0,0.82,0.0,0.0
simbiosis,989,0.0,0.0,0.5,1.0,0.9,0.0,0.0
simbiosis,990,-20.482004545227092,0.0,0.5,0.992,0.78,-0.06964009090454187,0.34
simbiosis,991,0.0,0.0,0.5,1.0,0.8,0.0,0.0
simbiosis,992,0.0,0.0,0.5,1.0,0.84,0.0,0.0
simbiosis,993,0.0,0.0,0.5,1.0,0.88,0.0,0.0
simbiosis,994,0.0,0.0,0.5,1.0,0.86,0.0,0.0
simbiosis,995,0.0,0.0,0.5,1.0,0.8,0.0,0.0
simbiosis,996,-186.0,0.0,0.5,1.0,0.76,0.0,3.72
simbiosis,997,0.0,0.0,0.5,1.0,0.78,0.0,0.0
simbiosis,998,0.0,0.0,0.5,1.0,0.76,0.0,0.0
simbiosis,999,-63.946013635681275,0.0,0.5,0.976,0.76,-0.20892027271362562,1.07
simbiosis,1000,-58.464009090454184,0.0,0.5,0.9840000000000001,0.84,-0.13928018180908375,1.03
simbiosis,1001,-103.5,0.0,0.5,1.0,0.76,0.0,2.07
simbiosis,1002,-137.8072885388866,1.0,0.5,0.992,0.76,-0.38614577077773243,2.37
simbiosis,1003,-6.482004545227094,0.0,0.5,0.992,0.74,-0.06964009090454187,0.06
simbiosis,1004,-59.92801818090837,0.0,0.5,0.968,0.78,-0.2785603636181675,0.92
simbiosis,1005,0.0,0.0,0.5,1.0,0.78,0.0,0.0
simbiosis,1006,0.0,0.0,0.5,1.0,0.9,0.0,0.0
simbiosis,1007,-18.912641996829763,0.0,0.51,1.0,0.86,-0.15825283993659528,0.22
simbiosis,1008,-65.44601363568128,0.0,0.5,0.976,0.76,-0.20892027271362562,1.1
simbiosis,1009,0.0,0.0,0.5,1.0,0.84,0.0,0.0
simbiosis,1010,-17.482004545227092,0.0,0.5,0.992,0.86,-0.06964009090454187,0.28
simbiosis,1011,-10.982004545227094,0.0,0.5,0.992,0.86,-0.06964009090454187,0.15
simbiosis,1012,-188.48200454522708,0.0,0.5,0.992,0.76,-0.06964009090454187,3.7
simbiosis,1013,-17.982004545227092,0.0,0.5,0.992,0.78,-0.06964009090454187,0.29
simbiosis,1014,0.0,0.0,0.5,1.0,0.84,0.0,0.0
simbiosis,1015,0.0,0.0,0.5,1.0,0.84,0.0,0.0
simbiosis,1016,-63.65056798731905,2.0,0.5,1.0,0.78,-0.6330113597463811,0.64
simbiosis,1017,0.0,0.0,0.5,1.0,0.78,0.0,0.0
simbiosis,1018,-26.912641996829763,0.0,0.51,1.0,0.8,-0.15825283993659528,0.38
simbiosis,1019,0.0,0.0,0.5,1.0,0.78,0.0,0.0
simbiosis,1020,0.0,0.0,0.5,1.0,0.8,0.0,0.0
simbiosis,1021,-10.964009090454187,0.0,0.5,0.9840000000000001,0.7,-0.13928018180908375,0.08
simbiosis,1022,-13.5,0.0,0.5,1.0,0.8,0.0,0.27
simbiosis,1023,-26.982004545227092,0.0,0.5,0.992,0.88,-0.06964009090454187,0.47
simbiosis,1024,-61.98200454522709,0.0,0.5,0.992,0.92,-0.06964009090454187,1.17
simbiosis,1025,0.0,0.0,0.5,1.0,0.86,0.0,0.0
simbiosis,1026,-27.964009090454184,0.0,0.5,0.9840000000000001,0.72,-0.13928018180908375,0.42
simbiosis,1027,0.0,0.0,0.5,1.0,0.9,0.0,0.0
simbiosis,1028,-21.482004545227092,0.0,0.5,0.992,0.78,-0.06964009090454187,0.36
simbiosis,1029,-11.482004545227094,0.0,0.5,0.992,0.86,-0.06964009090454187,0.16
simbiosis,1030,0.0,0.0,0.5,1.0,0.92,0.0,0.0
simbiosis,1031,-27.464009090454187,0.0,0.5,0.9840000000000001,0.76,-0.13928018180908375,0.41
simbiosis,1032,-76.30728853888661,1.0,0.5,0.992,0.86,-0.38614577077773243,1.14
simbiosis,1033,-137.8072885388866,1.0,0.5,0.992,0.84,-0.38614577077773243,2.37
simbiosis,1034,-40.464009090454184,0.0,0.5,0.9840000000000001,0.88,-0.13928018180908375,0.67
simbiosis,1035,-25.464009090454184,0.0,0.5,0.9840000000000001,0.86,-0.13928018180908375,0.37
simbiosis,1036,0.0,0.0,0.5,1.0,0.84,0.0,0.0
simbiosis,1037,0.0,0.0,0.5,1.0,0.86,0.0,0.0
simbiosis,1038,-194.5632099841488,1.0,0.53,1.0,0.86,-0.7912641996829763,3.1
simbiosis,1039,-215.65056798731905,2.0,0.5,1.0,0.78,-0.6330113597463811,3.68
simbiosis,1040,0.0,0.0,0.5,1.0,0.84,0.0,0.0
simbiosis,1041,0.0,0.0,0.5,1.0,0.86,0.0,0.0
simbiosis,1042,0.0,0.0,0.5,1.0,0.88,0.0,0.0
simbiosis,1043,-9.482004545227094,0.0,0.5,0.992,0.82,-0.06964009090454187,0.12
simbiosis,1044,-11.982004545227094,0.0,0.5,0.992,0.76,-0.06964009090454187,0.17
simbiosis,1045,0.0,0.0,0.5,1.0,0.94,0.0,0.0
simbiosis,1046,0.0,0.0,0.5,1.0,0.86,0.0,0.0
simbiosis,1047,0.0,0.0,0.5,1.0,0.84,0.0,0.0
simbiosis,1048,0.0,0.0,0.5,1.0,0.78,0.0,0.0
simbiosis,1049,-10.964009090454187,0.0,0.5,0.9840000000000001,0.76,-0.13928018180908375,0.08
simbiosis,1050,-25.482004545227092,0.0,0.5,0.992,0.84,-0.06964009090454187,0.44
simbiosis,1051,0.0,0.0,0.5,1.0,0.84,0.0,0.0
simbiosis,1052,-39.825283993659525,1.0,0.5,1.0,0.78,-0.31650567987319056,0.48
simbiosis,1053,0.0,0.0,0.5,1.0,0.9,0.0,0.0
simbiosis,1054,-22.5,0.0,0.5,1.0,0.82,0.0,0.45
simbiosis,1055,-62.80728853888662,1.0,0.5,0.992,0.8,-0.38614577077773243,0.87
simbiosis,1056,-97.48200454522708,0.0,0.5,0.992,0.88,-0.06964009090454187,1.88
simbiosis,1057,-75.41002272613547,0.0,0.5,0.96,0.76,-0.3482004545227093,1.16
simbiosis,1058,-5.482004545227094,0.0,0.5,0.992,0.78,-0.06964009090454187,0.04
simbiosis,1059,-27.964009090454184,0.0,0.5,0.9840000000000001,0.88,-0.13928018180908375,0.42
simbiosis,1060,-111.65056798731905,2.0,0.5,1.0,0.76,-0.6330113597463811,1.6
simbiosis,1061,-152.15056798731905,1.0,0.52,1.0,0.74,-0.6330113597463811,2.41
simbiosis,1062,0.0,0.0,0.5,1.0,0.9,0.0,0.0
simbiosis,1063,0.0,0.0,0.5,1.0,0.8,0.0,0.0
simbiosis,1064,0.0,0.0,0.5,1.0,0.9,0.0,0.0
simbiosis,1065,0.0,0.0,0.5,1.0,0.84,0.0,0.0
simbiosis,1066,0.0,0.0,0.5,1.0,0.86,0.0,0.0
simbiosis,1067,0.0,0.0,0.5,1.0,0.82,0.0,0.0
simbiosis,1068,-230.5452145293759,2.0,0.51,0.992,0.8,-0.8609042905875183,3.75
simbiosis,1069,-48.0,0.0,0.5,1.0,0.7,0.0,0.96
simbiosis,1070,0.0,0.0,0.5,1.0,0.8,0.0,0.0
simbiosis,1071,0.0,0.0,0.5,1.0,0.88,0.0,0.0
simbiosis,1072,0.0,0.0,0.5,1.0,0.84,0.0,0.0
simbiosis,1073,-46.964009090454184,0.0,0.5,0.9840000000000001,0.82,-0.13928018180908375,0.8
simbiosis,1074,0.0,0.0,0.5,1.0,0.78,0.0,0.0
simbiosis,1075,-40.964009090454184,0.0,0.5,0.9840000000000001,0.74,-0.13928018180908375,0.68
simbiosis,1076,0.0,0.0,0.5,1.0,0.88,0.0,0.0
simbiosis,1077,-34.464009090454184,0.0,0.5,0.9840000000000001,0.82,-0.13928018180908375,0.55
simbiosis,1078,-1.5,0.0,0.5,1.0,0.84,0.0,0.03
simbiosis,1079,-54.44601363568128,0.0,0.5,0.976,0.84,-0.20892027271362562,0.88
simbiosis,1080,-20.982004545227092,0.0,0.5,0.992,0.8,-0.06964009090454187,0.35
simbiosis,1081,0.0,0.0,0.5,1.0,0.84,0.0,0.0
simbiosis,1082,0.0,0.0,0.5,1.0,0.96,0.0,0.0
simbiosis,1083,0.0,0.0,0.5,1.0,0.88,0.0,0.0
simbiosis,1084,-342.91264199682973,0.0,0.51,1.0,0.78,-0.15825283993659528,6.7
simbiosis,1085,-6.982004545227094,0.0,0.5,0.992,0.82,-0.06964009090454187,0.07
simbiosis,1086,0.0,0.0,0.5,1.0,0.84,0.0,0.0
simbiosis,1087,-44.28929308411371,1.0,0.5,0.9840000000000001,0.86,-0.4557858616822743,0.43
simbiosis,1088,-66.42801818090837,0.0,0.5,0.968,0.78,-0.2785603636181675,1.05
simbiosis,1089,-17.482004545227092,0.0,0.5,0.992,0.76,-0.06964009090454187,0.28
simbiosis,1090,0.0,0.0,0.5,1.0,0.86,0.0,0.0
simbiosis,1091,0.0,0.0,0.5,1.0,0.84,0.0,0.0
simbiosis,1092,-40.5,0.0,0.5,1.0,0.82,0.0,0.81
simbiosis,1093,0.0,0.0,0.5,1.0,0.78,0.0,0.0
simbiosis,1094,-69.82528399365953,1.0,0.5,1.0,0.76,-0.31650567987319056,1.08
simbiosis,1095,-1.5,0.0,0.5,1.0,0.86,0.0,0.03
simbiosis,1096,0.0,0.0,0.5,1.0,0.8,0.0,0.0
simbiosis,1097,-53.894646542056854,0.0,0.51,0.992,0.86,-0.22789293084113715,0.85
simbiosis,1098,0.0,0.0,0.5,1.0,0.88,0.0,0.0
simbiosis,1099,0.0,0.0,0.5,1.0,0.82,0.0,0.0
simbiosis,1100,0.0,0.0,0.5,1.0,0.86,0.0,0.0
simbiosis,1101,0.0,0.0,0.5,1.0,0.9,0.0,0.0
simbiosis,1102,0.0,0.0,0.5,1.0,0.8,0.0,0.0
simbiosis,1103,0.0,0.0,0.5,1.0,0.86,0.0,0.0
simbiosis,1104,0.0,0.0,0.5,1.0,0.82,0.0,0.0
simbiosis,1105,0.0,0.0,0.5,1.0,0.76,0.0,0.0
simbiosis,1106,0.0,0.0,0.5,1.0,0.92,0.0,0.0
simbiosis,1107,0.0,0.0,0.5,1.0,0.88,0.0,0.0
simbiosis,1108,0.0,0.0,0.5,1.0,0.9,0.0,0.0
simbiosis,1109,0.0,0.0,0.5,1.0,0.82,0.0,0.0
simbiosis,1110,-469.4820045452271,0.0,0.5,0.992,0.8,-0.06964009090454187,9.32
simbiosis,1111,-10.982004545227094,0.0,0.5,0.992,0.9,-0.06964009090454187,0.15
simbiosis,1112,0.0,0.0,0.5,1.0,0.92,0.0,0.0
simbiosis,1113,-48.428018180908374,0.0,0.5,0.968,0.8,-0.2785603636181675,0.69
simbiosis,1114,0.0,0.0,0.5,1.0,0.92,0.0,0.0
simbiosis,1115,-11.982004545227094,0.0,0.5,0.992,0.9,-0.06964009090454187,0.17
simbiosis,1116,-15.0,0.0,0.5,1.0,0.76,0.0,0.3
simbiosis,1117,0.0,0.0,0.5,1.0,0.86,0.0,0.0
simbiosis,1118,-26.912641996829763,0.0,0.51,1.0,0.76,-0.15825283993659528,0.38
simbiosis,1119,0.0,0.0,0.5,1.0,0.86,0.0,0.0
simbiosis,1120,-26.946013635681282,0.0,0.5,0.976,0.68,-0.20892027271362562,0.33
simbiosis,1121,0.0,0.0,0.5,1.0,0.88,0.0,0.0
simbiosis,1122,0.0,0.0,0.5,1.0,0.9,0.0,0.0
simbiosis,1123,-17.982004545227092,0.0,0.5,0.992,0.86,-0.06964009090454187,0.29
simbiosis,1124,-30.464009090454187,0.0,0.5,0.9840000000000001,0.88,-0.13928018180908375,0.47
simbiosis,1125,0.0,0.0,0.5,1.0,0.9,0.0,0.0
simbiosis,1126,0.0,0.0,0.5,1.0,0.82,0.0,0.0
simbiosis,1127,-22.412641996829763,0.0,0.51,1.0,0.72,-0.15825283993659528,0.29
simbiosis,1128,0.0,0.0,0.5,1.0,0.82,0.0,0.0
simbiosis,1129,-39.44601363568128,0.0,0.5,0.976,0.84,-0.20892027271362562,0.58
simbiosis,1130,0.0,0.0,0.5,1.0,0.88,0.0,0.0
simbiosis,1131,-57.0,0.0,0.5,1.0,0.8,0.0,1.14
simbiosis,1132,0.0,0.0,0.5,1.0,0.86,0.0,0.0
simbiosis,1133,0.0,0.0,0.5,1.0,0.86,0.0,0.0
simbiosis,1134,-57.94601363568128,0.0,0.5,0.976,0.78,-0.20892027271362562,0.95
simbiosis,1135,-33.94601363568128,0.0,0.5,0.976,0.78,-0.20892027271362562,0.47
simbiosis,1136,0.0,0.0,0.5,1.0,0.8,0.0,0.0
simbiosis,1137,-16.912641996829763,0.0,0.51,1.0,0.8,-0.15825283993659528,0.18
simbiosis,1138,-49.394646542056854,0.0,0.51,0.992,0.8,-0.22789293084113715,0.76
simbiosis,1139,0.0,0.0,0.5,1.0,0.86,0.0,0.0
simbiosis,1140,0.0,0.0,0.5,1.0,0.84,0.0,0.0
simbiosis,1141,-4.982004545227094,0.0,0.5,0.992,0.84,-0.06964009090454187,0.03
simbiosis,1142,-13.982004545227094,0.0,0.5,0.992,0.86,-0.06964009090454187,0.21
simbiosis,1143,0.0,0.0,0.5,1.0,0.82,0.0,0.0
simbiosis,1144,-67.32528399365953,1.0,0.5,1.0,0.84,-0.31650567987319056,1.03
simbiosis,1145,-7.482004545227094,0.0,0.5,0.992,0.82,-0.06964009090454187,0.08
simbiosis,1146,-171.41264199682976,0.0,0.51,1.0,0.74,-0.15825283993659528,3.27
simbiosis,1147,-35.464009090454184,0.0,0.5,0.9840000000000001,0.78,-0.13928018180908375,0.57
simbiosis,1148,0.0,0.0,0.5,1.0,0.86,0.0,0.0
simbiosis,1149,-9.982004545227094,0.0,0.5,0.992,0.9,-0.06964009090454187,0.13
simbiosis,1150,0.0,0.0,0.5,1.0,0.78,0.0,0.0
simbiosis,1151,-13.982004545227094,0.0,0.5,0.992,0.76,-0.06964009090454187,0.21
simbiosis,1152,0.0,0.0,0.5,1.0,0.9,0.0,0.0
simbiosis,1153,-6.0,0.0,0.5,1.0,0.88,0.0,0.12
simbiosis,1154,-18.482004545227092,0.0,0.5,0.992,0.88,-0.06964009090454187,0.3
simbiosis,1155,0.0,0.0,0.5,1.0,0.82,0.0,0.0
simbiosis,1156,0.0,0.0,0.5,1.0,0.92,0.0,0.0
simbiosis,1157,-20.482004545227092,0.0,0.5,0.992,0.84,-0.06964009090454187,0.34
simbiosis,1158,-53.964009090454184,0.0,0.5,0.9840000000000001,0.74,-0.13928018180908375,0.94
simbiosis,1159,0.0,0.0,0.5,1.0,0.82,0.0,0.0
simbiosis,1160,0.0,0.0,0.5,1.0,0.86,0.0,0.0
simbiosis,1161,0.0,0.0,0.5,1.0,0.8,0.0,0.0
simbiosis,1162,0.0,0.0,0.5,1.0,0.82,0.0,0.0
simbiosis,1163,0.0,0.0,0.5,1.0,0.82,0.0,0.0
simbiosis,1164,0.0,0.0,0.5,1.0,0.88,0.0,0.0
simbiosis,1165,0.0,0.0,0.5,1.0,0.82,0.0,0.0
simbiosis,1166,0.0,0.0,0.5,1.0,0.84,0.0,0.0
simbiosis,1167,0.0,0.0,0.5,1.0,0.84,0.0,0.0
simbiosis,1168,-18.0,0.0,0.5,1.0,0.76,0.0,0.36
simbiosis,1169,-20.912641996829763,0.0,0.51,1.0,0.76,-0.15825283993659528,0.26
simbiosis,1170,-62.44601363568128,0.0,0.5,0.976,0.8,-0.20892027271362562,1.04
simbiosis,1171,-4.5,0.0,0.5,1.0,0.92,0.0,0.09
simbiosis,1172,0.0,0.0,0.5,1.0,0.88,0.0,0.0
simbiosis,1173,-30.0,0.0,0.5,1.0,0.84,0.0,0.6
simbiosis,1174,0.0,0.0,0.5,1.0,0.92,0.0,0.0
simbiosis,1175,-17.464009090454187,0.0,0.5,0.9840000000000001,0.8,-0.13928018180908375,0.21
simbiosis,1176,0.0,0.0,0.5,1.0,0.78,0.0,0.0
simbiosis,1177,0.0,0.0,0.5,1.0,0.88,0.0,0.0
simbiosis,1178,-178.5632099841488,2.0,0.51,1.0,0.72,-0.7912641996829763,2.78
simbiosis,1179,0.0,0.0,0.5,1.0,0.78,0.0,0.0
simbiosis,1180,-162.71993053571637,1.0,0.51,0.992,0.8,-0.5443986107143277,2.71
simbiosis,1181,-55.825283993659525,0.0,0.52,1.0,0.78,-0.31650567987319056,0.8
simbiosis,1182,-16.982004545227092,0.0,0.5,0.992,0.92,-0.06964009090454187,0.27
simbiosis,1183,0.0,0.0,0.5,1.0,0.86,0.0,0.0
simbiosis,1184,-15.912641996829763,0.0,0.51,1.0,0.78,-0.15825283993659528,0.16
simbiosis,1185,0.0,0.0,0.5,1.0,0.84,0.0,0.0
simbiosis,1186,-43.964009090454184,0.0,0.5,0.9840000000000001,0.78,-0.13928018180908375,0.74
simbiosis,1187,-21.982004545227092,0.0,0.5,0.992,0.88,-0.06964009090454187,0.37
simbiosis,1188,0.0,0.0,0.5,1.0,0.86,0.0,0.0
simbiosis,1189,-47.48200454522709,0.0,0.5,0.992,0.72,-0.06964009090454187,0.88
simbiosis,1190,0.0,0.0,0.5,1.0,0.92,0.0,0.0
simbiosis,1191,-40.30728853888662,1.0,0.5,0.992,0.78,-0.38614577077773243,0.42
simbiosis,1192,0.0,0.0,0.5,1.0,0.82,0.0,0.0
simbiosis,1193,0.0,0.0,0.5,1.0,0.78,0.0,0.0
simbiosis,1194,-141.89464654205685,0.0,0.51,0.992,0.84,-0.22789293084113715,2.61
simbiosis,1195,0.0,0.0,0.5,1.0,0.82,0.0,0.0
simbiosis,1196,-26.482004545227092,0.0,0.5,0.992,0.8,-0.06964009090454187,0.46
simbiosis,1197,0.0,0.0,0.5,1.0,0.88,0.0,0.0
simbiosis,1198,-56.94601363568128,0.0,0.5,0.976,0.76,-0.20892027271362562,0.93
simbiosis,1199,0.0,0.0,0.5,1.0,0.8,0.0,0.0
simbiosis,1200,0.0,0.0,0.5,1.0,0.88,0.0,0.0
simbiosis,1201,-79.65056798731905,2.0,0.5,1.0,0.74,-0.6330113597463811,0.96
simbiosis,1202,-99.82528399365953,0.0,0.52,1.0,0.76,-0.31650567987319056,1.68
simbiosis,1203,0.0,0.0,0.5,1.0,0.84,0.0,0.0
simbiosis,1204,-34.964009090454184,0.0,0.5,0.9840000000000001,0.76,-0.13928018180908375,0.56
simbiosis,1205,0.0,0.0,0.5,1.0,0.86,0.0,0.0
simbiosis,1206,-26.982004545227092,0.0,0.5,0.992,0.76,-0.06964009090454187,0.47
simbiosis,1207,0.0,0.0,0.5,1.0,0.82,0.0,0.0
simbiosis,1208,0.0,0.0,0.5,1.0,0.84,0.0,0.0
simbiosis,1209,0.0,0.0,0.5,1.0,0.88,0.0,0.0
simbiosis,1210,-27.982004545227092,0.0,0.5,0.992,0.82,-0.06964009090454187,0.49
simbiosis,1211,-38.44601363568128,0.0,0.5,0.976,0.76,-0.20892027271362562,0.56
simbiosis,1212,0.0,0.0,0.5,1.0,0.84,0.0,0.0
simbiosis,1213,0.0,0.0,0.5,1.0,0.84,0.0,0.0
simbiosis,1214,0.0,0.0,0.5,1.0,0.88,0.0,0.0
simbiosis,1215,-18.482004545227092,0.0,0.5,0.992,0.84,-0.06964009090454187,0.3
simbiosis,1216,-17.982004545227092,0.0,0.5,0.992,0.82,-0.06964009090454187,0.29
simbiosis,1217,0.0,0.0,0.5,1.0,0.9,0.0,0.0
simbiosis,1218,-16.982004545227092,0.0,0.5,0.992,0.84,-0.06964009090454187,0.27
simbiosis,1219,-62.98200454522709,0.0,0.5,0.992,0.84,-0.06964009090454187,1.19
simbiosis,1220,0.0,0.0,0.5,1.0,0.68,0.0,0.0
simbiosis,1221,-39.825283993659525,1.0,0.5,1.0,0.84,-0.31650567987319056,0.48
simbiosis,1222,-12.982004545227094,0.0,0.5,0.992,0.78,-0.06964009090454187,0.19
simbiosis,1223,-238.82528399365953,1.0,0.5,1.0,0.8,-0.31650567987319056,4.46
simbiosis,1224,-37.464009090454184,0.0,0.5,0.9840000000000001,0.8,-0.13928018180908375,0.61
simbiosis,1225,-18.982004545227092,0.0,0.5,0.992,0.86,-0.06964009090454187,0.31
simbiosis,1226,0.0,0.0,0.5,1.0,0.84,0.0,0.0
simbiosis,1227,0.0,0.0,0.5,1.0,0.9,0.0,0.0
simbiosis,1228,0.0,0.0,0.5,1.0,0.84,0.0,0.0
simbiosis,1229,-45.30728853888662,1.0,0.5,0.992,0.82,-0.38614577077773243,0.52
simbiosis,1230,-26.482004545227092,0.0,0.5,0.992,0.82,-0.06964009090454187,0.46
simbiosis,1231,0.0,0.0,0.5,1.0,0.84,0.0,0.0
simbiosis,1232,-10.982004545227094,0.0,0.5,0.992,0.92,-0.06964009090454187,0.15
simbiosis,1233,0.0,0.0,0.5,1.0,0.88,0.0,0.0
simbiosis,1234,-8.982004545227094,0.0,0.5,0.992,0.78,-0.06964009090454187,0.11
simbiosis,1235,0.0,0.0,0.5,1.0,0.94,0.0,0.0
simbiosis,1236,0.0,0.0,0.5,1.0,0.94,0.0,0.0
simbiosis,1237,0.0,0.0,0.5,1.0,0.88,0.0,0.0
simbiosis,1238,-23.982004545227092,0.0,0.5,0.992,0.88,-0.06964009090454187,0.41
simbiosis,1239,-4.982004545227094,0.0,0.5,0.992,0.76,-0.06964009090454187,0.03
simbiosis,1240,0.0,0.0,0.5,1.0,0.8,0.0,0.0
simbiosis,1241,0.0,0.0,0.5,1.0,0.86,0.0,0.0
simbiosis,1242,-30.394646542056854,0.0,0.51,0.992,0.78,-0.22789293084113715,0.38
simbiosis,1243,0.0,0.0,0.5,1.0,0.84,0.0,0.0
simbiosis,1244,0.0,0.0,0.5,1.0,0.76,0.0,0.0
simbiosis,1245,-4.982004545227094,0.0,0.5,0.992,0.86,-0.06964009090454187,0.03
simbiosis,1246,0.0,0.0,0.5,1.0,0.84,0.0,0.0
simbiosis,1247,-100.48200454522708,0.0,0.5,0.992,0.8,-0.06964009090454187,1.94
simbiosis,1248,-32.964009090454184,0.0,0.5,0.9840000000000001,0.82,-0.13928018180908375,0.52
simbiosis,1249,0.0,0.0,0.5,1.0,0.92,0.0,0.0
simbiosis,1250,-54.964009090454184,0.0,0.5,0.9840000000000001,0.84,-0.13928018180908375,0.96
simbiosis,1251,0.0,0.0,0.5,1.0,0.94,0.0,0.0
simbiosis,1252,0.0,0.0,0.5,1.0,0.86,0.0,0.0
simbiosis,1253,-353.9820045452271,0.0,0.5,0.992,0.76,-0.06964009090454187,7.01
simbiosis,1254,0.0,0.0,0.5,1.0,0.84,0.0,0.0
simbiosis,1255,-27.982004545227092,0.0,0.5,0.992,0.78,-0.06964009090454187,0.49
simbiosis,1256,0.0,0.0,0.5,1.0,0.76,0.0,0.0
simbiosis,1257,-27.982004545227092,0.0,0.5,0.992,0.86,-0.06964009090454187,0.49
simbiosis,1258,-25.964009090454187,0.0,0.5,0.9840000000000001,0.78,-0.13928018180908375,0.38
simbiosis,1259,0.0,0.0,0.5,1.0,0.84,0.0,0.0
simbiosis,1260,0.0,0.0,0.5,1.0,0.88,0.0,0.0
simbiosis,1261,-19.482004545227092,0.0,0.5,0.992,0.84,-0.06964009090454187,0.32
simbiosis,1262,0.0,0.0,0.5,1.0,0.86,0.0,0.0
simbiosis,1263,-12.482004545227094,0.0,0.5,0.992,0.8,-0.06964009090454187,0.18
simbiosis,1264,-91.5,0.0,0.5,1.0,0.74,0.0,1.83
simbiosis,1265,-9.0,0.0,0.5,1.0,0.76,0.0,0.18
simbiosis,1266,-26.982004545227092,0.0,0.5,0.992,0.8,-0.06964009090454187,0.47
simbiosis,1267,-47.94601363568128,0.0,0.5,0.976,0.78,-0.20892027271362562,0.75
simbiosis,1268,0.0,0.0,0.5,1.0,0.88,0.0,0.0
simbiosis,1269,-78.65056798731905,1.0,0.52,1.0,0.72,-0.6330113597463811,0.94
simbiosis,1270,-156.48200454522708,0.0,0.5,0.992,0.86,-0.06964009090454187,3.06
simbiosis,1271,0.0,0.0,0.5,1.0,0.86,0.0,0.0
simbiosis,1272,0.0,0.0,0.5,1.0,0.82,0.0,0.0
simbiosis,1273,0.0,0.0,0.5,1.0,0.86,0.0,0.0
simbiosis,1274,-62.48200454522709,0.0,0.5,0.992,0.8,-0.06964009090454187,1.18
simbiosis,1275,0.0,0.0,0.5,1.0,0.84,0.0,0.0
simbiosis,1276,0.0,0.0,0.5,1.0,0.86,0.0,0.0
simbiosis,1277,-7.482004545227094,0.0,0.5,0.992,0.9,-0.06964009090454187,0.08
simbiosis,1278,0.0,0.0,0.5,1.0,0.86,0.0,0.0
simbiosis,1279,-191.98200454522708,0.0,0.5,0.992,0.78,-0.06964009090454187,3.77
simbiosis,1280,0.0,0.0,0.5,1.0,0.9,0.0,0.0
simbiosis,1281,0.0,0.0,0.5,1.0,0.84,0.0,0.0
simbiosis,1282,-50.30728853888662,1.0,0.5,0.992,0.82,-0.38614577077773243,0.62
simbiosis,1283,-18.482004545227092,0.0,0.5,0.992,0.8,-0.06964009090454187,0.3
simbiosis,1284,-172.98200454522708,0.0,0.5,0.992,0.78,-0.06964009090454187,3.39
simbiosis,1285,0.0,0.0,0.5,1.0,0.84,0.0,0.0
simbiosis,1286,-22.982004545227092,0.0,0.5,0.992,0.8,-0.06964009090454187,0.39
simbiosis,1287,-60.48200454522709,0.0,0.5,0.992,0.76,-0.06964009090454187,1.14
simbiosis,1288,0.0,0.0,0.5,1.0,0.86,0.0,0.0
simbiosis,1289,-16.482004545227092,0.0,0.5,0.992,0.86,-0.06964009090454187,0.26
simbiosis,1290,-16.482004545227092,0.0,0.5,0.992,0.84,-0.06964009090454187,0.26
simbiosis,1291,-79.5452145293759,2.0,0.51,0.992,0.76,-0.8609042905875183,0.73
simbiosis,1292,0.0,0.0,0.5,1.0,0.86,0.0,0.0
simbiosis,1293,0.0,0.0,0.5,1.0,0.86,0.0,0.0
simbiosis,1294,-17.482004545227092,0.0,0.5,0.992,0.82,-0.06964009090454187,0.28
simbiosis,1295,0.0,0.0,0.5,1.0,0.78,0.0,0.0
simbiosis,1296,0.0,0.0,0.5,1.0,0.92,0.0,0.0
simbiosis,1297,0.0,0.0,0.5,1.0,0.84,0.0,0.0
simbiosis,1298,-20.482004545227092,0.0,0.5,0.992,0.88,-0.06964009090454187,0.34
simbiosis,1299,0.0,0.0,0.5,1.0,0.88,0.0,0.0
simbiosis,1300,-63.44601363568128,0.0,0.5,0.976,0.74,-0.20892027271362562,1.06
simbiosis,1301,0.0,0.0,0.5,1.0,0.72,0.0,0.0
simbiosis,1302,0.0,0.0,0.5,1.0,0.82,0.0,0.0
simbiosis,1303,0.0,0.0,0.5,1.0,0.86,0.0,0.0
simbiosis,1304,0.0,0.0,0.5,1.0,0.78,0.0,0.0
simbiosis,1305,-22.5,0.0,0.5,1.0,0.84,0.0,0.45
simbiosis,1306,-31.5,0.0,0.5,1.0,0.7,0.0,0.63
simbiosis,1307,-21.0,0.0,0.5,1.0,0.8,0.0,0.42
simbiosis,1308,0.0,0.0,0.5,1.0,0.92,0.0,0.0
simbiosis,1309,0.0,0.0,0.5,1.0,0.9,0.0,0.0
simbiosis,1310,0.0,0.0,0.5,1.0,0.74,0.0,0.0
simbiosis,1311,0.0,0.0,0.5,1.0,0.94,0.0,0.0
simbiosis,1312,-27.982004545227092,0.0,0.5,0.992,0.78,-0.06964009090454187,0.49
simbiosis,1313,-13.982004545227094,0.0,0.5,0.992,0.84,-0.06964009090454187,0.21
simbiosis,1314,0.0,0.0,0.5,1.0,0.94,0.0,0.0
simbiosis,1315,-49.964009090454184,0.0,0.5,0.9840000000000001,0.88,-0.13928018180908375,0.86
simbiosis,1316,-67.44601363568128,0.0,0.5,0.976,0.82,-0.20892027271362562,1.14
simbiosis,1317,-44.446013635681275,0.0,0.5,0.976,0.78,-0.20892027271362562,0.68
simbiosis,1318,-20.446013635681282,0.0,0.5,0.9760000000000001,0.78,-0.20892027271362562,0.2
simbiosis,1319,0.0,0.0,0.5,1.0,0.78,0.0,0.0
simbiosis,1320,0.0,0.0,0.5,1.0,0.94,0.0,0.0
simbiosis,1321,0.0,0.0,0.5,1.0,0.82,0.0,0.0
simbiosis,1322,0.0,0.0,0.5,1.0,0.8,0.0,0.0
simbiosis,1323,0.0,0.0,0.5,1.0,0.98,0.0,0.0
simbiosis,1324,-31.5,0.0,0.5,1.0,0.78,0.0,0.63
simbiosis,1325,-15.0,0.0,0.5,1.0,0.88,0.0,0.3
simbiosis,1326,0.0,0.0,0.5,1.0,0.88,0.0,0.0
simbiosis,1327,-21.982004545227092,0.0,0.5,0.992,0.88,-0.06964009090454187,0.37
simbiosis,1328,-25.5,0.0,0.5,1.0,0.84,0.0,0.51
simbiosis,1329,0.0,0.0,0.5,1.0,0.9,0.0,0.0
simbiosis,1330,-56.91002272613546,0.0,0.5,0.96,0.82,-0.3482004545227093,0.79
simbiosis,1331,-28.964009090454187,0.0,0.5,0.9840000000000001,0.76,-0.13928018180908375,0.44
simbiosis,1332,0.0,0.0,0.5,1.0,0.76,0.0,0.0
simbiosis,1333,0.0,0.0,0.5,1.0,0.86,0.0,0.0
simbiosis,1334,0.0,0.0,0.5,1.0,0.86,0.0,0.0
simbiosis,1335,-78.70193508094347,1.0,0.51,0.9840000000000001,0.82,-0.6140387016188695,0.96
simbiosis,1336,-18.982004545227092,0.0,0.5,0.992,0.72,-0.06964009090454187,0.31
simbiosis,1337,-19.964009090454187,0.0,0.5,0.9840000000000001,0.78,-0.13928018180908375,0.26
simbiosis,1338,-33.825283993659525,1.0,0.5,1.0,0.8,-0.31650567987319056,0.36
simbiosis,1339,0.0,0.0,0.5,1.0,0.88,0.0,0.0
simbiosis,1340,0.0,0.0,0.5,1.0,0.9,0.0,0.0
simbiosis,1341,0.0,0.0,0.5,1.0,0.8,0.0,0.0
simbiosis,1342,-38.464009090454184,0.0,0.5,0.9840000000000001,0.82,-0.13928018180908375,0.63
simbiosis,1343,0.0,0.0,0.5,1.0,0.8,0.0,0.0
simbiosis,1344,-30.964009090454184,0.0,0.5,0.9840000000000001,0.88,-0.13928018180908375,0.48
simbiosis,1345,0.0,0.0,0.5,1.0,0.8,0.0,0.0
simbiosis,1346,0.0,0.0,0.5,1.0,0.82,0.0,0.0
simbiosis,1347,-44.41264199682976,0.0,0.51,1.0,0.76,-0.15825283993659528,0.73
simbiosis,1348,-11.482004545227094,0.0,0.5,0.992,0.94,-0.06964009090454187,0.16
simbiosis,1349,0.0,0.0,0.5,1.0,0.86,0.0,0.0
simbiosis,1350,0.0,0.0,0.5,1.0,0.88,0.0,0.0
simbiosis,1351,0.0,0.0,0.5,1.0,0.9,0.0,0.0
simbiosis,1352,0.0,0.0,0.5,1.0,0.76,0.0,0.0
simbiosis,1353,0.0,0.0,0.5,1.0,0.8,0.0,0.0
simbiosis,1354,0.0,0.0,0.5,1.0,0.8,0.0,0.0
simbiosis,1355,-12.482004545227094,0.0,0.5,0.992,0.84,-0.06964009090454187,0.18
simbiosis,1356,0.0,0.0,0.5,1.0,0.8,0.0,0.0
simbiosis,1357,-243.63257253254613,2.0,0.5,0.992,0.86,-0.7026514506509229,4.17
simbiosis,1358,-167.63257253254613,1.0,0.52,0.992,0.8,-0.7026514506509229,2.65
simbiosis,1359,0.0,0.0,0.5,1.0,0.94,0.0,0.0
simbiosis,1360,0.0,0.0,0.5,1.0,0.92,0.0,0.0
simbiosis,1361,-27.982004545227092,0.0,0.5,0.992,0.8,-0.06964009090454187,0.49
simbiosis,1362,0.0,0.0,0.5,1.0,0.88,0.0,0.0
simbiosis,1363,0.0,0.0,0.5,1.0,0.8,0.0,0.0
simbiosis,1364,0.0,0.0,0.5,1.0,0.9,0.0,0.0
simbiosis,1365,-19.482004545227092,0.0,0.5,0.992,0.84,-0.06964009090454187,0.32
simbiosis,1366,-77.80728853888661,1.0,0.5,0.992,0.84,-0.38614577077773243,1.17
simbiosis,1367,-9.982004545227094,0.0,0.5,0.992,0.82,-0.06964009090454187,0.13
simbiosis,1368,0.0,0.0,0.5,1.0,0.78,0.0,0.0
simbiosis,1369,0.0,0.0,0.5,1.0,0.92,0.0,0.0
simbiosis,1370,0.0,0.0,0.5,1.0,0.94,0.0,0.0
simbiosis,1371,-24.482004545227092,0.0,0.5,0.992,0.82,-0.06964009090454187,0.42
simbiosis,1372,-54.44601363568128,0.0,0.5,0.976,0.78,-0.20892027271362562,0.88
simbiosis,1373,-12.412641996829763,0.0,0.51,1.0,0.7,-0.15825283993659528,0.09
simbiosis,1374,0.0,0.0,0.5,1.0,0.88,0.0,0.0
simbiosis,1375,0.0,0.0,0.5,1.0,0.88,0.0,0.0
simbiosis,1376,-9.0,0.0,0.5,1.0,0.84,0.0,0.18
simbiosis,1377,-83.65056798731905,2.0,0.5,1.0,0.84,-0.6330113597463811,1.04
simbiosis,1378,-50.80728853888662,1.0,0.5,0.992,0.84,-0.38614577077773243,0.63
simbiosis,1379,-56.80728853888662,1.0,0.5,0.992,0.74,-0.38614577077773243,0.75
simbiosis,1380,-47.410022726135466,0.0,0.5,0.96,0.7,-0.3482004545227093,0.6
simbiosis,1381,0.0,0.0,0.5,1.0,0.92,0.0,0.0
simbiosis,1382,-40.5,0.0,0.5,1.0,0.8,0.0,0.81
simbiosis,1383,-31.964009090454187,0.0,0.5,0.9840000000000001,0.86,-0.13928018180908375,0.5
simbiosis,1384,0.0,0.0,0.5,1.0,0.8,0.0,0.0
simbiosis,1385,0.0,0.0,0.5,1.0,0.9,0.0,0.0
simbiosis,1386,-6.982004545227094,0.0,0.5,0.992,0.8,-0.06964009090454187,0.07
simbiosis,1387,0.0,0.0,0.5,1.0,0.86,0.0,0.0
simbiosis,1388,0.0,0.0,0.5,1.0,0.8,0.0,0.0
simbiosis,1389,0.0,0.0,0.5,1.0,0.86,0.0,0.0
simbiosis,1390,0.0,0.0,0.5,1.0,0.82,0.0,0.0
simbiosis,1391,0.0,0.0,0.5,1.0,0.9,0.0,0.0
simbiosis,1392,-42.73792599048929,1.0,0.51,1.0,0.72,-0.47475851980978584,0.38
simbiosis,1393,0.0,0.0,0.5,1.0,0.82,0.0,0.0
simbiosis,1394,-13.412641996829763,0.0,0.51,1.0,0.8,-0.15825283993659528,0.11
simbiosis,1395,0.0,0.0,0.5,1.0,0.76,0.0,0.0
simbiosis,1396,0.0,0.0,0.5,1.0,0.88,0.0,0.0
simbiosis,1397,0.0,0.0,0.5,1.0,0.88,0.0,0.0
simbiosis,1398,0.0,0.0,0.5,1.0,0.84,0.0,0.0
simbiosis,1399,0.0,0.0,0.5,1.0,0.92,0.0,0.0
simbiosis,1400,0.0,0.0,0.5,1.0,0.9,0.0,0.0
simbiosis,1401,-42.964009090454184,0.0,0.5,0.9840000000000001,0.74,-0.13928018180908375,0.72
simbiosis,1402,-27.482004545227092,0.0,0.5,0.992,0.8,-0.06964009090454187,0.48
simbiosis,1403,-51.80728853888662,1.0,0.5,0.992,0.76,-0.38614577077773243,0.65
simbiosis,1404,-27.464009090454187,0.0,0.5,0.9840000000000001,0.84,-0.13928018180908375,0.41
simbiosis,1405,-21.482004545227092,0.0,0.5,0.992,0.84,-0.06964009090454187,0.36
simbiosis,1406,-39.23792599048929,1.0,0.51,1.0,0.82,-0.47475851980978584,0.31
simbiosis,1407,-15.0,0.0,0.5,1.0,0.92,0.0,0.3
simbiosis,1408,-26.412641996829763,0.0,0.51,1.0,0.78,-0.15825283993659528,0.37
simbiosis,1409,-41.464009090454184,0.0,0.5,0.9840000000000001,0.78,-0.13928018180908375,0.69
simbiosis,1410,-131.65056798731905,2.0,0.5,1.0,0.74,-0.6330113597463811,2.0
simbiosis,1411,0.0,0.0,0.5,1.0,0.84,0.0,0.0
simbiosis,1412,0.0,0.0,0.5,1.0,0.9,0.0,0.0
simbiosis,1413,-63.44601363568128,0.0,0.5,0.976,0.78,-0.20892027271362562,1.06
simbiosis,1414,-22.446013635681282,0.0,0.5,0.976,0.82,-0.20892027271362562,0.24
simbiosis,1415,0.0,0.0,0.5,1.0,0.82,0.0,0.0
simbiosis,1416,-52.5,0.0,0.5,1.0,0.76,0.0,1.05
simbiosis,1417,-20.482004545227092,0.0,0.5,0.992,0.9,-0.06964009090454187,0.34
simbiosis,1418,-15.482004545227094,0.0,0.5,0.992,0.82,-0.06964009090454187,0.24
simbiosis,1419,-6.982004545227094,0.0,0.5,0.992,0.84,-0.06964009090454187,0.07
simbiosis,1420,0.0,0.0,0.5,1.0,0.74,0.0,0.0
simbiosis,1421,-44.825283993659525,0.0,0.52,1.0,0.78,-0.31650567987319056,0.58
simbiosis,1422,-22.5,0.0,0.5,1.0,0.9,0.0,0.45
simbiosis,1423,0.0,0.0,0.5,1.0,0.86,0.0,0.0
simbiosis,1424,0.0,0.0,0.5,1.0,0.9,0.0,0.0
simbiosis,1425,-26.307288538886617,1.0,0.5,0.992,0.7,-0.38614577077773243,0.14
simbiosis,1426,0.0,0.0,0.5,1.0,0.86,0.0,0.0
simbiosis,1427,-51.65056798731905,2.0,0.5,1.0,0.82,-0.6330113597463811,0.4
simbiosis,1428,-16.482004545227092,0.0,0.5,0.992,0.88,-0.06964009090454187,0.26
simbiosis,1429,0.0,0.0,0.5,1.0,0.86,0.0,0.0
simbiosis,1430,0.0,0.0,0.5,1.0,0.74,0.0,0.0
simbiosis,1431,-1.5,0.0,0.5,1.0,0.84,0.0,0.03
simbiosis,1432,0.0,0.0,0.5,1.0,0.78,0.0,0.0
simbiosis,1433,0.0,0.0,0.5,1.0,0.84,0.0,0.0
simbiosis,1434,-31.482004545227092,0.0,0.5,0.992,0.82,-0.06964009090454187,0.56
simbiosis,1435,-371.4702993190577,2.0,0.573170731707317,0.9902439024390244,0.6097560975609756,-2.0480560809526267,7.012195121951219
simbiosis,1436,0.0,0.0,0.5,1.0,0.9,0.0,0.0
simbiosis,1437,0.0,0.0,0.5,1.0,0.82,0.0,0.0
simbiosis,1438,-10.482004545227094,0.0,0.5,0.992,0.82,-0.06964009090454187,0.14
simbiosis,1439,-44.91264199682976,0.0,0.51,1.0,0.86,-0.15825283993659528,0.74
simbiosis,1440,0.0,0.0,0.5,1.0,0.84,0.0,0.0
simbiosis,1441,0.0,0.0,0.5,1.0,0.92,0.0,0.0
simbiosis,1442,0.0,0.0,0.5,1.0,0.88,0.0,0.0
simbiosis,1443,-62.73792599048929,0.0,0.53,1.0,0.68,-0.47475851980978584,0.78
simbiosis,1444,-4.982004545227094,0.0,0.5,0.992,0.88,-0.06964009090454187,0.03
simbiosis,1445,0.0,0.0,0.5,1.0,0.86,0.0,0.0
simbiosis,1446,-137.8072885388866,1.0,0.5,0.992,0.84,-0.38614577077773243,2.37
simbiosis,1447,-31.289293084113712,1.0,0.5,0.9840000000000001,0.86,-0.4557858616822743,0.17
simbiosis,1448,0.0,0.0,0.5,1.0,0.84,0.0,0.0
simbiosis,1449,0.0,0.0,0.5,1.0,0.84,0.0,0.0
simbiosis,1450,0.0,0.0,0.5,1.0,0.86,0.0,0.0
simbiosis,1451,0.0,0.0,0.5,1.0,0.82,0.0,0.0
simbiosis,1452,0.0,0.0,0.5,1.0,0.86,0.0,0.0
simbiosis,1453,0.0,0.0,0.5,1.0,0.9,0.0,0.0
simbiosis,1454,-54.80728853888662,0.0,0.52,0.992,0.74,-0.38614577077773243,0.71
simbiosis,1455,0.0,0.0,0.5,1.0,0.88,0.0,0.0
simbiosis,1456,0.0,0.0,0.5,1.0,0.78,0.0,0.0
simbiosis,1457,0.0,0.0,0.5,1.0,0.88,0.0,0.0
simbiosis,1458,-43.446013635681275,0.0,0.5,0.976,0.76,-0.20892027271362562,0.66
simbiosis,1459,0.0,0.0,0.5,1.0,0.9,0.0,0.0
simbiosis,1460,0.0,0.0,0.5,1.0,0.8,0.0,0.0
simbiosis,1461,-51.44601363568128,0.0,0.5,0.976,0.76,-0.20892027271362562,0.82
simbiosis,1462,0.0,0.0,0.5,1.0,0.84,0.0,0.0
simbiosis,1463,0.0,0.0,0.5,1.0,0.82,0.0,0.0
simbiosis,1464,0.0,0.0,0.5,1.0,0.86,0.0,0.0
simbiosis,1465,0.0,0.0,0.5,1.0,0.82,0.0,0.0
simbiosis,1466,-109.95785652620566,3.0,0.5,0.992,0.78,-1.0191571305241134,1.18
simbiosis,1467,-25.482004545227092,0.0,0.5,0.992,0.82,-0.06964009090454187,0.44
simbiosis,1468,-11.482004545227094,0.0,0.5,0.992,0.8,-0.06964009090454187,0.16
simbiosis,1469,0.0,0.0,0.5,1.0,0.72,0.0,0.0
simbiosis,1470,-40.464009090454184,0.0,0.5,0.9840000000000001,0.82,-0.13928018180908375,0.67
simbiosis,1471,0.0,0.0,0.5,1.0,0.86,0.0,0.0
simbiosis,1472,0.0,0.0,0.5,1.0,0.84,0.0,0.0
simbiosis,1473,0.0,0.0,0.5,1.0,0.84,0.0,0.0
simbiosis,1474,-34.94601363568128,0.0,0.5,0.9760000000000001,0.84,-0.20892027271362562,0.49
simbiosis,1475,0.0,0.0,0.5,1.0,0.74,0.0,0.0
simbiosis,1476,0.0,0.0,0.5,1.0,0.8,0.0,0.0
simbiosis,1477,-22.982004545227092,0.0,0.5,0.992,0.76,-0.06964009090454187,0.39
simbiosis,1478,-160.82528399365953,0.0,0.52,1.0,0.76,-0.31650567987319056,2.9
simbiosis,1479,0.0,0.0,0.5,1.0,0.9,0.0,0.0
simbiosis,1480,-35.80728853888662,1.0,0.5,0.992,0.78,-0.38614577077773243,0.33
simbiosis,1481,-35.80728853888662,1.0,0.5,0.992,0.74,-0.38614577077773243,0.33
simbiosis,1482,-31.307288538886617,1.0,0.5,0.992,0.82,-0.38614577077773243,0.24
simbiosis,1483,-149.21993053571637,1.0,0.51,0.992,0.76,-0.5443986107143277,2.44
simbiosis,1484,0.0,0.0,0.5,1.0,0.86,0.0,0.0
simbiosis,1485,-335.3946465420569,0.0,0.51,0.992,0.82,-0.22789293084113715,6.48
simbiosis,1486,0.0,0.0,0.5,1.0,0.72,0.0,0.0
simbiosis,1487,-14.912641996829763,0.0,0.51,1.0,0.84,-0.15825283993659528,0.14
simbiosis,1488,-45.94601363568128,0.0,0.5,0.976,0.78,-0.20892027271362562,0.71
simbiosis,1489,0.0,0.0,0.5,1.0,0.86,0.0,0.0
simbiosis,1490,0.0,0.0,0.5,1.0,0.92,0.0,0.0
simbiosis,1491,0.0,0.0,0.5,1.0,0.86,0.0,0.0
simbiosis,1492,0.0,0.0,0.5,1.0,0.84,0.0,0.0
simbiosis,1493,-112.63257253254613,2.0,0.5,0.992,0.84,-0.7026514506509229,1.55
simbiosis,1494,-161.7712976293408,1.0,0.5,0.976,0.76,-0.5254259525868161,2.71
simbiosis,1495,0.0,0.0,0.5,1.0,0.7,0.0,0.0
simbiosis,1496,-17.982004545227092,0.0,0.5,0.992,0.84,-0.06964009090454187,0.29
simbiosis,1497,0.0,0.0,0.5,1.0,0.78,0.0,0.0
simbiosis,1498,-93.82528399365953,1.0,0.5,1.0,0.8,-0.31650567987319056,1.56
simbiosis,1499,-168.48200454522708,0.0,0.5,0.992,0.84,-0.06964009090454187,3.3
simbiosis,1500,0.0,0.0,0.5,1.0,0.88,0.0,0.0
simbiosis,1501,-5.982004545227094,0.0,0.5,0.992,0.82,-0.06964009090454187,0.05
simbiosis,1502,0.0,0.0,0.5,1.0,0.86,0.0,0.0
simbiosis,1503,0.0,0.0,0.5,1.0,0.86,0.0,0.0
simbiosis,1504,-48.446013635681275,0.0,0.5,0.976,0.8,-0.20892027271362562,0.76
simbiosis,1505,0.0,0.0,0.5,1.0,0.82,0.0,0.0
simbiosis,1506,-22.5,0.0,0.5,1.0,0.8,0.0,0.45
simbiosis,1507,0.0,0.0,0.5,1.0,0.86,0.0,0.0
simbiosis,1508,0.0,0.0,0.5,1.0,0.9,0.0,0.0
simbiosis,1509,0.0,0.0,0.5,1.0,0.9,0.0,0.0
simbiosis,1510,-35.825283993659525,1.0,0.5,1.0,0.84,-0.31650567987319056,0.4
simbiosis,1511,0.0,0.0,0.5,1.0,0.88,0.0,0.0
simbiosis,1512,0.0,0.0,0.5,1.0,0.8,0.0,0.0
simbiosis,1513,-21.482004545227092,0.0,0.5,0.992,0.86,-0.06964009090454187,0.36
simbiosis,1514,-47.825283993659525,0.0,0.52,1.0,0.84,-0.31650567987319056,0.64
simbiosis,1515,-48.325283993659525,0.0,0.52,1.0,0.82,-0.31650567987319056,0.65
simbiosis,1516,-23.825283993659525,1.0,0.5,1.0,0.78,-0.31650567987319056,0.16
simbiosis,1517,0.0,0.0,0.5,1.0,0.88,0.0,0.0
simbiosis,1518,-48.80728853888662,1.0,0.5,0.992,0.8,-0.38614577077773243,0.59
simbiosis,1519,-54.876651087283946,0.0,0.51,0.9840000000000001,0.78,-0.297533021745679,0.8
simbiosis,1520,0.0,0.0,0.5,1.0,0.76,0.0,0.0
simbiosis,1521,0.0,0.0,0.5,1.0,0.9,0.0,0.0
simbiosis,1522,-28.5,0.0,0.5,1.0,0.78,0.0,0.57
simbiosis,1523,0.0,0.0,0.5,1.0,0.8,0.0,0.0
simbiosis,1524,0.0,0.0,0.5,1.0,0.88,0.0,0.0
simbiosis,1525,-88.85865563251105,0.0,0.51,0.976,0.76,-0.3671731126502209,1.41
simbiosis,1526,0.0,0.0,0.5,1.0,0.86,0.0,0.0
simbiosis,1527,0.0,0.0,0.5,1.0,0.88,0.0,0.0
simbiosis,1528,-11.982004545227094,0.0,0.5,0.992,0.76,-0.06964009090454187,0.17
simbiosis,1529,0.0,0.0,0.5,1.0,0.86,0.0,0.0
simbiosis,1530,-1183.5,0.0,0.5,1.0,0.84,0.0,23.67
simbiosis,1531,-13.482004545227094,0.0,0.5,0.992,0.84,-0.06964009090454187,0.2
simbiosis,1532,0.0,0.0,0.5,1.0,0.82,0.0,0.0
simbiosis,1533,0.0,0.0,0.5,1.0,0.86,0.0,0.0
simbiosis,1534,0.0,0.0,0.5,1.0,0.76,0.0,0.0
simbiosis,1535,0.0,0.0,0.5,1.0,0.78,0.0,0.0
simbiosis,1536,-17.825283993659525,1.0,0.5,1.0,0.82,-0.31650567987319056,0.04
simbiosis,1537,-49.825283993659525,1.0,0.5,1.0,0.8,-0.31650567987319056,0.68
simbiosis,1538,0.0,0.0,0.5,1.0,0.72,0.0,0.0
simbiosis,1539,-107.47585198097858,3.0,0.5,1.0,0.82,-0.9495170396195717,1.2
simbiosis,1540,0.0,0.0,0.5,1.0,0.86,0.0,0.0
simbiosis,1541,0.0,0.0,0.5,1.0,0.92,0.0,0.0
simbiosis,1542,-16.482004545227092,0.0,0.5,0.992,0.86,-0.06964009090454187,0.26
simbiosis,1543,-104.41264199682976,0.0,0.51,1.0,0.84,-0.15825283993659528,1.93
simbiosis,1544,-24.482004545227092,0.0,0.5,0.992,0.82,-0.06964009090454187,0.42
simbiosis,1545,-27.982004545227092,0.0,0.5,0.992,0.82,-0.06964009090454187,0.49
simbiosis,1546,0.0,0.0,0.5,1.0,0.9,0.0,0.0
simbiosis,1547,-115.5,0.0,0.5,1.0,0.86,0.0,2.31
simbiosis,1548,-136.5,0.0,0.5,1.0,0.86,0.0,2.73
simbiosis,1549,0.0,0.0,0.5,1.0,0.88,0.0,0.0
simbiosis,1550,-12.482004545227094,0.0,0.5,0.992,0.86,-0.06964009090454187,0.18
simbiosis,1551,0.0,0.0,0.5,1.0,0.78,0.0,0.0
simbiosis,1552,-27.825283993659525,1.0,0.5,1.0,0.82,-0.31650567987319056,0.24
simbiosis,1553,-81.82528399365953,1.0,0.5,1.0,0.76,-0.31650567987319056,1.32
simbiosis,1554,-21.982004545227092,0.0,0.5,0.992,0.78,-0.06964009090454187,0.37
simbiosis,1555,0.0,0.0,0.5,1.0,0.78,0.0,0.0
simbiosis,1556,-12.0,0.0,0.5,1.0,0.82,0.0,0.24
simbiosis,1557,-25.482004545227092,0.0,0.5,0.992,0.76,-0.06964009090454187,0.44
simbiosis,1558,-24.982004545227092,0.0,0.5,0.992,0.86,-0.06964009090454187,0.43
simbiosis,1559,0.0,0.0,0.5,1.0,0.92,0.0,0.0
simbiosis,1560,0.0,0.0,0.5,1.0,0.94,0.0,0.0
simbiosis,1561,-13.482004545227094,0.0,0.5,0.992,0.74,-0.06964009090454187,0.2
simbiosis,1562,-21.964009090454187,0.0,0.5,0.9840000000000001,0.82,-0.13928018180908375,0.3
simbiosis,1563,-12.964009090454187,0.0,0.5,0.9840000000000001,0.86,-0.13928018180908375,0.12
simbiosis,1564,-9.0,0.0,0.5,1.0,0.88,0.0,0.18
simbiosis,1565,0.0,0.0,0.5,1.0,0.86,0.0,0.0
simbiosis,1566,-10.482004545227094,0.0,0.5,0.992,0.82,-0.06964009090454187,0.14
simbiosis,1567,-12.482004545227094,0.0,0.5,0.992,0.86,-0.06964009090454187,0.18
simbiosis,1568,0.0,0.0,0.5,1.0,0.96,0.0,0.0
simbiosis,1569,-63.825283993659525,1.0,0.5,1.0,0.78,-0.31650567987319056,0.96
simbiosis,1570,0.0,0.0,0.5,1.0,0.86,0.0,0.0
simbiosis,1571,0.0,0.0,0.5,1.0,0.76,0.0,0.0
simbiosis,1572,0.0,0.0,0.5,1.0,0.78,0.0,0.0
simbiosis,1573,-7.482004545227094,0.0,0.5,0.992,0.76,-0.06964009090454187,0.08
simbiosis,1574,0.0,0.0,0.5,1.0,0.84,0.0,0.0
simbiosis,1575,-4.5,0.0,0.5,1.0,0.78,0.0,0.09
simbiosis,1576,0.0,0.0,0.5,1.0,0.84,0.0,0.0
simbiosis,1577,0.0,0.0,0.5,1.0,0.88,0.0,0.0
simbiosis,1578,0.0,0.0,0.5,1.0,0.88,0.0,0.0
simbiosis,1579,-5.482004545227094,0.0,0.5,0.992,0.84,-0.06964009090454187,0.04
simbiosis,1580,0.0,0.0,0.5,1.0,0.88,0.0,0.0
simbiosis,1581,-35.41264199682976,0.0,0.51,1.0,0.76,-0.15825283993659528,0.55
simbiosis,1582,-5.982004545227094,0.0,0.5,0.992,0.78,-0.06964009090454187,0.05
simbiosis,1583,0.0,0.0,0.5,1.0,0.92,0.0,0.0
simbiosis,1584,-14.982004545227094,0.0,0.5,0.992,0.78,-0.06964009090454187,0.23
simbiosis,1585,0.0,0.0,0.5,1.0,0.84,0.0,0.0
simbiosis,1586,-55.30728853888662,0.0,0.52,0.992,0.8,-0.38614577077773243,0.72
simbiosis,1587,0.0,0.0,0.5,1.0,0.82,0.0,0.0
simbiosis,1588,-4.482004545227094,0.0,0.5,0.992,0.9,-0.06964009090454187,0.02
simbiosis,1589,0.0,0.0,0.5,1.0,0.76,0.0,0.0
simbiosis,1590,0.0,0.0,0.5,1.0,0.86,0.0,0.0
simbiosis,1591,0.0,0.0,0.5,1.0,0.86,0.0,0.0
simbiosis,1592,0.0,0.0,0.5,1.0,0.86,0.0,0.0
simbiosis,1593,-23.964009090454187,0.0,0.5,0.9840000000000001,0.88,-0.13928018180908375,0.34
simbiosis,1594,-13.982004545227094,0.0,0.5,0.992,0.9,-0.06964009090454187,0.21
simbiosis,1595,0.0,0.0,0.5,1.0,0.92,0.0,0.0
simbiosis,1596,0.0,0.0,0.5,1.0,0.78,0.0,0.0
simbiosis,1597,0.0,0.0,0.5,1.0,0.94,0.0,0.0
simbiosis,1598,-42.80728853888662,1.0,0.5,0.992,0.64,-0.38614577077773243,0.47
simbiosis,1599,0.0,0.0,0.5,1.0,0.9,0.0,0.0
simbiosis,1600,-6.482004545227094,0.0,0.5,0.992,0.7,-0.06964009090454187,0.06
simbiosis,1601,0.0,0.0,0.5,1.0,0.8,0.0,0.0
simbiosis,1602,0.0,0.0,0.5,1.0,0.88,0.0,0.0
simbiosis,1603,0.0,0.0,0.5,1.0,0.9,0.0,0.0
simbiosis,1604,0.0,0.0,0.5,1.0,0.82,0.0,0.0
simbiosis,1605,-22.5,0.0,0.5,1.0,0.76,0.0,0.45
simbiosis,1606,0.0,0.0,0.5,1.0,0.84,0.0,0.0
simbiosis,1607,0.0,0.0,0.5,1.0,0.92,0.0,0.0
simbiosis,1608,0.0,0.0,0.5,1.0,0.78,0.0,0.0
simbiosis,1609,0.0,0.0,0.5,1.0,0.94,0.0,0.0
simbiosis,1610,0.0,0.0,0.5,1.0,0.88,0.0,0.0
simbiosis,1611,0.0,0.0,0.5,1.0,0.82,0.0,0.0
simbiosis,1612,-29.807288538886617,1.0,0.5,0.992,0.84,-0.38614577077773243,0.21
simbiosis,1613,0.0,0.0,0.5,1.0,0.88,0.0,0.0
simbiosis,1614,-88.39464654205685,0.0,0.51,0.992,0.82,-0.22789293084113715,1.54
simbiosis,1615,-6.482004545227094,0.0,0.5,0.992,0.84,-0.06964009090454187,0.06
simbiosis,1616,0.0,0.0,0.5,1.0,0.82,0.0,0.0
simbiosis,1617,-15.982004545227094,0.0,0.5,0.992,0.88,-0.06964009090454187,0.25
simbiosis,1618,0.0,0.0,0.5,1.0,0.74,0.0,0.0
simbiosis,1619,-27.825283993659525,1.0,0.5,1.0,0.76,-0.31650567987319056,0.24
simbiosis,1620,0.0,0.0,0.5,1.0,0.8,0.0,0.0
simbiosis,1621,-8.482004545227094,0.0,0.5,0.992,0.84,-0.06964009090454187,0.1
simbiosis,1622,0.0,0.0,0.5,1.0,0.82,0.0,0.0
simbiosis,1623,-37.464009090454184,0.0,0.5,0.9840000000000001,0.78,-0.13928018180908375,0.61
simbiosis,1624,0.0,0.0,0.5,1.0,0.9,0.0,0.0
simbiosis,1625,-32.964009090454184,0.0,0.5,0.9840000000000001,0.82,-0.13928018180908375,0.52
simbiosis,1626,-137.8072885388866,1.0,0.5,0.992,0.8,-0.38614577077773243,2.37
simbiosis,1627,0.0,0.0,0.5,1.0,0.88,0.0,0.0
simbiosis,1628,-16.482004545227092,0.0,0.5,0.992,0.8,-0.06964009090454187,0.26
simbiosis,1629,-46.98200454522709,0.0,0.5,0.992,0.86,-0.06964009090454187,0.87
simbiosis,1630,-32.964009090454184,0.0,0.5,0.9840000000000001,0.82,-0.13928018180908375,0.52
simbiosis,1631,0.0,0.0,0.5,1.0,0.86,0.0,0.0
simbiosis,1632,0.0,0.0,0.5,1.0,0.8,0.0,0.0
simbiosis,1633,-21.825283993659525,0.0,0.52,1.0,0.8,-0.31650567987319056,0.12
simbiosis,1634,0.0,0.0,0.5,1.0,0.8,0.0,0.0
simbiosis,1635,0.0,0.0,0.5,1.0,0.9,0.0,0.0
simbiosis,1636,-54.94601363568128,0.0,0.5,0.976,0.78,-0.20892027271362562,0.89
simbiosis,1637,0.0,0.0,0.5,1.0,0.9,0.0,0.0
simbiosis,1638,0.0,0.0,0.5,1.0,0.9,0.0,0.0
simbiosis,1639,0.0,0.0,0.5,1.0,0.84,0.0,0.0
simbiosis,1640,0.0,0.0,0.5,1.0,0.82,0.0,0.0
simbiosis,1641,0.0,0.0,0.5,1.0,0.92,0.0,0.0
simbiosis,1642,0.0,0.0,0.5,1.0,0.88,0.0,0.0
simbiosis,1643,0.0,0.0,0.5,1.0,0.84,0.0,0.0
simbiosis,1644,0.0,0.0,0.5,1.0,0.86,0.0,0.0
simbiosis,1645,0.0,0.0,0.5,1.0,0.74,0.0,0.0
simbiosis,1646,-27.982004545227092,0.0,0.5,0.992,0.86,-0.06964009090454187,0.49
simbiosis,1647,0.0,0.0,0.5,1.0,0.84,0.0,0.0
simbiosis,1648,-70.65056798731905,0.0,0.54,1.0,0.78,-0.6330113597463811,0.78
simbiosis,1649,0.0,0.0,0.5,1.0,0.84,0.0,0.0
simbiosis,1650,-1.5,0.0,0.5,1.0,0.8,0.0,0.03
simbiosis,1651,-20.982004545227092,0.0,0.5,0.992,0.86,-0.06964009090454187,0.35
simbiosis,1652,-60.94601363568128,0.0,0.5,0.976,0.82,-0.20892027271362562,1.01
simbiosis,1653,0.0,0.0,0.5,1.0,0.84,0.0,0.0
simbiosis,1654,0.0,0.0,0.5,1.0,0.82,0.0,0.0
simbiosis,1655,0.0,0.0,0.5,1.0,0.88,0.0,0.0
simbiosis,1656,-214.11457707777322,1.0,0.52,0.9840000000000001,0.7,-0.7722915415554649,3.51
simbiosis,1657,0.0,0.0,0.5,1.0,0.8,0.0,0.0
simbiosis,1658,0.0,0.0,0.5,1.0,0.8,0.0,0.0
simbiosis,1659,-8.912641996829763,0.0,0.51,1.0,0.74,-0.15825283993659528,0.02
simbiosis,1660,0.0,0.0,0.5,1.0,0.84,0.0,0.0
simbiosis,1661,-114.98200454522708,0.0,0.5,0.992,0.8,-0.06964009090454187,2.23
simbiosis,1662,-26.464009090454184,0.0,0.5,0.9840000000000001,0.84,-0.13928018180908375,0.39
simbiosis,1663,0.0,0.0,0.5,1.0,0.82,0.0,0.0
simbiosis,1664,-22.982004545227092,0.0,0.5,0.992,0.78,-0.06964009090454187,0.39
simbiosis,1665,0.0,0.0,0.5,1.0,0.78,0.0,0.0
simbiosis,1666,-9.0,0.0,0.5,1.0,0.78,0.0,0.18
simbiosis,1667,-44.30728853888662,1.0,0.5,0.992,0.8,-0.38614577077773243,0.5
simbiosis,1668,-15.0,0.0,0.5,1.0,0.76,0.0,0.3
simbiosis,1669,-4.5,0.0,0.5,1.0,0.84,0.0,0.09
simbiosis,1670,-20.912641996829763,0.0,0.51,1.0,0.86,-0.15825283993659528,0.26
simbiosis,1671,0.0,0.0,0.5,1.0,0.94,0.0,0.0
simbiosis,1672,0.0,0.0,0.5,1.0,0.88,0.0,0.0
simbiosis,1673,0.0,0.0,0.5,1.0,0.84,0.0,0.0
simbiosis,1674,0.0,0.0,0.5,1.0,0.82,0.0,0.0
simbiosis,1675,-30.0,0.0,0.5,1.0,0.82,0.0,0.6
simbiosis,1676,-37.894646542056854,0.0,0.51,0.992,0.84,-0.22789293084113715,0.53
simbiosis,1677,-39.825283993659525,0.0,0.52,1.0,0.82,-0.31650567987319056,0.48
simbiosis,1678,-4.5,0.0,0.5,1.0,0.86,0.0,0.09
simbiosis,1679,0.0,0.0,0.5,1.0,0.84,0.0,0.0
simbiosis,1680,-56.7533021745679,1.0,0.5,0.968,0.78,-0.5950660434913579,0.54
simbiosis,1681,-27.982004545227092,0.0,0.5,0.992,0.86,-0.06964009090454187,0.49
simbiosis,1682,-30.464009090454187,0.0,0.5,0.9840000000000001,0.72,-0.13928018180908375,0.47
simbiosis,1683,0.0,0.0,0.5,1.0,0.86,0.0,0.0
simbiosis,1684,0.0,0.0,0.5,1.0,0.8,0.0,0.0
simbiosis,1685,0.0,0.0,0.5,1.0,0.92,0.0,0.0
simbiosis,1686,-47.30728853888662,1.0,0.5,0.992,0.78,-0.38614577077773243,0.56
simbiosis,1687,-8.482004545227094,0.0,0.5,0.992,0.86,-0.06964009090454187,0.1
simbiosis,1688,-63.21993053571638,1.0,0.51,0.992,0.76,-0.5443986107143277,0.72
simbiosis,1689,0.0,0.0,0.5,1.0,0.8,0.0,0.0
simbiosis,1690,0.0,0.0,0.5,1.0,0.9,0.0,0.0
simbiosis,1691,0.0,0.0,0.5,1.0,0.82,0.0,0.0
simbiosis,1692,-18.964009090454187,0.0,0.5,0.9840000000000001,0.88,-0.13928018180908375,0.24
simbiosis,1693,0.0,0.0,0.5,1.0,0.88,0.0,0.0
simbiosis,1694,-33.0,0.0,0.5,1.0,0.88,0.0,0.66
simbiosis,1695,0.0,0.0,0.5,1.0,0.9,0.0,0.0
simbiosis,1696,-52.5,0.0,0.5,1.0,0.78,0.0,1.05
simbiosis,1697,-147.2712976293408,1.0,0.5,0.976,0.7,-0.5254259525868161,2.42
simbiosis,1698,-47.91264199682976,0.0,0.51,1.0,0.82,-0.15825283993659528,0.8
simbiosis,1699,-55.410022726135466,0.0,0.5,0.96,0.66,-0.3482004545227093,0.76
simbiosis,1700,-22.482004545227092,0.0,0.5,0.992,0.76,-0.06964009090454187,0.38
simbiosis,1701,0.0,0.0,0.5,1.0,0.78,0.0,0.0
simbiosis,1702,0.0,0.0,0.5,1.0,0.88,0.0,0.0
simbiosis,1703,-15.0,0.0,0.5,1.0,0.84,0.0,0.3
simbiosis,1704,-46.464009090454184,0.0,0.5,0.9840000000000001,0.7,-0.13928018180908375,0.79
simbiosis,1705,-67.5452145293759,2.0,0.51,0.992,0.72,-0.8609042905875183,0.49
simbiosis,1706,0.0,0.0,0.5,1.0,0.72,0.0,0.0
simbiosis,1707,-84.91264199682976,0.0,0.51,1.0,0.82,-0.15825283993659528,1.54
simbiosis,1708,-69.65056798731905,0.0,0.54,1.0,0.74,-0.6330113597463811,0.76
simbiosis,1709,-17.982004545227092,0.0,0.5,0.992,0.84,-0.06964009090454187,0.29
simbiosis,1710,-12.482004545227094,0.0,0.5,0.992,0.7,-0.06964009090454187,0.18
simbiosis,1711,0.0,0.0,0.5,1.0,0.84,0.0,0.0
simbiosis,1712,0.0,0.0,0.5,1.0,0.86,0.0,0.0
simbiosis,1713,0.0,0.0,0.5,1.0,0.9,0.0,0.0
simbiosis,1714,0.0,0.0,0.5,1.0,0.76,0.0,0.0
simbiosis,1715,0.0,0.0,0.5,1.0,0.9,0.0,0.0
simbiosis,1716,0.0,0.0,0.5,1.0,0.82,0.0,0.0
simbiosis,1717,0.0,0.0,0.5,1.0,0.78,0.0,0.0
simbiosis,1718,-79.28929308411371,1.0,0.5,0.9840000000000001,0.74,-0.4557858616822743,1.13
simbiosis,1719,-81.42801818090837,0.0,0.5,0.968,0.82,-0.2785603636181675,1.35
simbiosis,1720,-83.91264199682976,0.0,0.51,1.0,0.74,-0.15825283993659528,1.52
simbiosis,1721,-4.482004545227094,0.0,0.5,0.992,0.86,-0.06964009090454187,0.02
simbiosis,1722,0.0,0.0,0.5,1.0,0.78,0.0,0.0
simbiosis,1723,0.0,0.0,0.5,1.0,0.92,0.0,0.0
simbiosis,1724,0.0,0.0,0.5,1.0,0.78,0.0,0.0
simbiosis,1725,0.0,0.0,0.5,1.0,0.76,0.0,0.0
simbiosis,1726,0.0,0.0,0.5,1.0,0.84,0.0,0.0
simbiosis,1727,-109.73792599048929,1.0,0.51,1.0,0.78,-0.47475851980978584,1.72
simbiosis,1728,-92.91264199682976,0.0,0.51,1.0,0.86,-0.15825283993659528,1.7
simbiosis,1729,0.0,0.0,0.5,1.0,0.76,0.0,0.0
simbiosis,1730,-50.73792599048929,1.0,0.51,1.0,0.74,-0.47475851980978584,0.54
simbiosis,1731,-27.482004545227092,0.0,0.5,0.992,0.76,-0.06964009090454187,0.48
simbiosis,1732,0.0,0.0,0.5,1.0,0.78,0.0,0.0
simbiosis,1733,-3.9820045452270936,0.0,0.5,0.992,0.82,-0.06964009090454187,0.01
simbiosis,1734,-71.78929308411371,1.0,0.5,0.9840000000000001,0.8,-0.4557858616822743,0.98
simbiosis,1735,-9.912641996829763,0.0,0.51,1.0,0.8,-0.15825283993659528,0.04
simbiosis,1736,0.0,0.0,0.5,1.0,0.84,0.0,0.0
simbiosis,1737,-21.825283993659525,0.0,0.52,1.0,0.82,-0.31650567987319056,0.12
simbiosis,1738,-14.982004545227094,0.0,0.5,0.992,0.82,-0.06964009090454187,0.23
simbiosis,1739,-27.982004545227092,0.0,0.5,0.992,0.8,-0.06964009090454187,0.49
simbiosis,1740,-9.912641996829763,0.0,0.51,1.0,0.76,-0.15825283993659528,0.04
simbiosis,1741,0.0,0.0,0.5,1.0,0.88,0.0,0.0
simbiosis,1742,-27.964009090454184,0.0,0.5,0.9840000000000001,0.8,-0.13928018180908375,0.42
simbiosis,1743,-19.482004545227092,0.0,0.5,0.992,0.8,-0.06964009090454187,0.32
simbiosis,1744,0.0,0.0,0.5,1.0,0.8,0.0,0.0
simbiosis,1745,-126.71993053571637,0.0,0.53,0.992,0.82,-0.5443986107143277,1.99
simbiosis,1746,0.0,0.0,0.5,1.0,0.84,0.0,0.0
simbiosis,1747,0.0,0.0,0.5,1.0,0.76,0.0,0.0
simbiosis,1748,-71.63257253254613,1.0,0.52,0.992,0.86,-0.7026514506509229,0.73
simbiosis,1749,0.0,0.0,0.5,1.0,0.84,0.0,0.0
simbiosis,1750,-29.964009090454187,0.0,0.5,0.9840000000000001,0.84,-0.13928018180908375,0.46
simbiosis,1751,-16.982004545227092,0.0,0.5,0.992,0.84,-0.06964009090454187,0.27
simbiosis,1752,-34.5,0.0,0.5,1.0,0.8,0.0,0.69
simbiosis,1753,-58.48200454522709,0.0,0.5,0.992,0.76,-0.06964009090454187,1.1
simbiosis,1754,0.0,0.0,0.5,1.0,0.92,0.0,0.0
simbiosis,1755,0.0,0.0,0.5,1.0,0.8,0.0,0.0
simbiosis,1756,0.0,0.0,0.5,1.0,0.92,0.0,0.0
simbiosis,1757,0.0,0.0,0.5,1.0,0.8,0.0,0.0
simbiosis,1758,-18.482004545227092,0.0,0.5,0.992,0.84,-0.06964009090454187,0.3
simbiosis,1759,0.0,0.0,0.5,1.0,0.92,0.0,0.0
simbiosis,1760,-27.982004545227092,0.0,0.5,0.992,0.84,-0.06964009090454187,0.49
simbiosis,1761,-54.30728853888662,0.0,0.52,0.992,0.84,-0.38614577077773243,0.7
simbiosis,1762,0.0,0.0,0.5,1.0,0.92,0.0,0.0
simbiosis,1763,-22.5,0.0,0.5,1.0,0.82,0.0,0.45
simbiosis,1764,0.0,0.0,0.5,1.0,0.84,0.0,0.0
simbiosis,1765,-51.65056798731905,2.0,0.5,1.0,0.82,-0.6330113597463811,0.4
simbiosis,1766,0.0,0.0,0.5,1.0,0.84,0.0,0.0
simbiosis,1767,0.0,0.0,0.5,1.0,0.86,0.0,0.0
simbiosis,1768,0.0,0.0,0.5,1.0,0.74,0.0,0.0
simbiosis,1769,0.0,0.0,0.5,1.0,0.68,0.0,0.0
simbiosis,1770,-9.964009090454187,0.0,0.5,0.9840000000000001,0.84,-0.13928018180908375,0.06
simbiosis,1771,0.0,0.0,0.5,1.0,0.8,0.0,0.0
simbiosis,1772,0.0,0.0,0.5,1.0,0.84,0.0,0.0
simbiosis,1773,-12.912641996829763,0.0,0.51,1.0,0.84,-0.15825283993659528,0.1
simbiosis,1774,-56.94601363568128,0.0,0.5,0.976,0.76,-0.20892027271362562,0.93
simbiosis,1775,0.0,0.0,0.5,1.0,0.84,0.0,0.0
simbiosis,1776,-139.91264199682976,0.0,0.51,1.0,0.8,-0.15825283993659528,2.64
simbiosis,1777,0.0,0.0,0.5,1.0,0.86,0.0,0.0
simbiosis,1778,-21.825283993659525,1.0,0.5,1.0,0.9,-0.31650567987319056,0.12
simbiosis,1779,0.0,0.0,0.5,1.0,0.8,0.0,0.0
simbiosis,1780,0.0,0.0,0.5,1.0,0.74,0.0,0.0
simbiosis,1781,0.0,0.0,0.5,1.0,0.84,0.0,0.0
simbiosis,1782,0.0,0.0,0.5,1.0,0.92,0.0,0.0
simbiosis,1783,-7.482004545227094,0.0,0.5,0.992,0.66,-0.06964009090454187,0.08
simbiosis,1784,-24.982004545227092,0.0,0.5,0.992,0.8,-0.06964009090454187,0.43
simbiosis,1785,0.0,0.0,0.5,1.0,0.84,0.0,0.0
simbiosis,1786,-19.464009090454187,0.0,0.5,0.9840000000000001,0.84,-0.13928018180908375,0.25
simbiosis,1787,-55.78929308411371,1.0,0.5,0.9840000000000001,0.76,-0.4557858616822743,0.66
simbiosis,1788,0.0,0.0,0.5,1.0,0.78,0.0,0.0
simbiosis,1789,0.0,0.0,0.5,1.0,0.9,0.0,0.0
simbiosis,1790,-27.482004545227092,0.0,0.5,0.992,0.84,-0.06964009090454187,0.48
simbiosis,1791,-7.482004545227094,0.0,0.5,0.992,0.86,-0.06964009090454187,0.08
simbiosis,1792,0.0,0.0,0.5,1.0,0.9,0.0,0.0
simbiosis,1793,0.0,0.0,0.5,1.0,0.8,0.0,0.0
simbiosis,1794,-71.92801818090837,0.0,0.5,0.968,0.78,-0.2785603636181675,1.16
simbiosis,1795,0.0,0.0,0.5,1.0,0.86,0.0,0.0
simbiosis,1796,-20.964009090454187,0.0,0.5,0.9840000000000001,0.76,-0.13928018180908375,0.28
simbiosis,1797,0.0,0.0,0.5,1.0,0.8,0.0,0.0
simbiosis,1798,0.0,0.0,0.5,1.0,0.82,0.0,0.0
simbiosis,1799,-27.464009090454187,0.0,0.5,0.9840000000000001,0.78,-0.13928018180908375,0.41
simbiosis,1800,0.0,0.0,0.5,1.0,0.9,0.0,0.0
simbiosis,1801,-105.96400909045418,0.0,0.5,0.9840000000000001,0.74,-0.13928018180908375,1.98
simbiosis,1802,0.0,0.0,0.5,1.0,0.9,0.0,0.0
simbiosis,1803,0.0,0.0,0.5,1.0,0.84,0.0,0.0
simbiosis,1804,-1.5,0.0,0.5,1.0,0.82,0.0,0.03
simbiosis,1805,0.0,0.0,0.5,1.0,0.84,0.0,0.0
simbiosis,1806,-17.982004545227092,0.0,0.5,0.992,0.88,-0.06964009090454187,0.29
simbiosis,1807,0.0,0.0,0.5,1.0,0.74,0.0,0.0
simbiosis,1808,-57.80728853888662,1.0,0.5,0.992,0.92,-0.38614577077773243,0.77
simbiosis,1809,-31.87665108728395,0.0,0.51,0.9840000000000001,0.72,-0.297533021745679,0.34
simbiosis,1810,0.0,0.0,0.5,1.0,0.86,0.0,0.0
simbiosis,1811,0.0,0.0,0.5,1.0,0.72,0.0,0.0
simbiosis,1812,0.0,0.0,0.5,1.0,0.8,0.0,0.0
simbiosis,1813,-28.964009090454187,0.0,0.5,0.9840000000000001,0.86,-0.13928018180908375,0.44
simbiosis,1814,-69.44601363568128,0.0,0.5,0.976,0.74,-0.20892027271362562,1.18
simbiosis,1815,0.0,0.0,0.5,1.0,0.84,0.0,0.0
simbiosis,1816,0.0,0.0,0.5,1.0,0.82,0.0,0.0
simbiosis,1817,0.0,0.0,0.5,1.0,0.8,0.0,0.0
simbiosis,1818,-22.982004545227092,0.0,0.5,0.992,0.84,-0.06964009090454187,0.39
simbiosis,1819,0.0,0.0,0.5,1.0,0.84,0.0,0.0
simbiosis,1820,0.0,0.0,0.5,1.0,0.8,0.0,0.0
simbiosis,1821,0.0,0.0,0.5,1.0,0.84,0.0,0.0
simbiosis,1822,0.0,0.0,0.5,1.0,0.9,0.0,0.0
simbiosis,1823,-27.482004545227092,0.0,0.5,0.992,0.74,-0.06964009090454187,0.48
simbiosis,1824,-11.964009090454187,0.0,0.5,0.9840000000000001,0.78,-0.13928018180908375,0.1
simbiosis,1825,0.0,0.0,0.5,1.0,0.78,0.0,0.0
simbiosis,1826,0.0,0.0,0.5,1.0,0.88,0.0,0.0
simbiosis,1827,-17.825283993659525,1.0,0.5,1.0,0.8,-0.31650567987319056,0.04
simbiosis,1828,-11.482004545227094,0.0,0.5,0.992,0.88,-0.06964009090454187,0.16
simbiosis,1829,0.0,0.0,0.5,1.0,0.8,0.0,0.0
simbiosis,1830,0.0,0.0,0.5,1.0,0.78,0.0,0.0
simbiosis,1831,-40.464009090454184,0.0,0.5,0.9840000000000001,0.78,-0.13928018180908375,0.67
simbiosis,1832,0.0,0.0,0.5,1.0,0.84,0.0,0.0
simbiosis,1833,-85.5,0.0,0.5,1.0,0.82,0.0,1.71
simbiosis,1834,-66.44601363568128,0.0,0.5,0.976,0.74,-0.20892027271362562,1.12
simbiosis,1835,0.0,0.0,0.5,1.0,0.94,0.0,0.0
simbiosis,1836,-28.912641996829763,0.0,0.51,1.0,0.76,-0.15825283993659528,0.42
simbiosis,1837,-68.94601363568128,0.0,0.5,0.976,0.88,-0.20892027271362562,1.17
simbiosis,1838,0.0,0.0,0.5,1.0,0.9,0.0,0.0
simbiosis,1839,0.0,0.0,0.5,1.0,0.84,0.0,0.0
simbiosis,1840,-18.464009090454187,0.0,0.5,0.9840000000000001,0.88,-0.13928018180908375,0.23
simbiosis,1841,0.0,0.0,0.5,1.0,0.88,0.0,0.0
simbiosis,1842,0.0,0.0,0.5,1.0,0.82,0.0,0.0
simbiosis,1843,0.0,0.0,0.5,1.0,0.9,0.0,0.0
simbiosis,1844,-21.464009090454187,0.0,0.5,0.9840000000000001,0.74,-0.13928018180908375,0.29
simbiosis,1845,-12.964009090454187,0.0,0.5,0.9840000000000001,0.8,-0.13928018180908375,0.12
simbiosis,1846,0.0,0.0,0.5,1.0,0.82,0.0,0.0
simbiosis,1847,-66.92801818090837,0.0,0.5,0.968,0.82,-0.2785603636181675,1.06
simbiosis,1848,-25.464009090454187,0.0,0.5,0.9840000000000001,0.82,-0.13928018180908375,0.37
simbiosis,1849,-179.63257253254613,2.0,0.5,0.992,0.9,-0.7026514506509229,2.89
simbiosis,1850,-21.464009090454187,0.0,0.5,0.9840000000000001,0.7,-0.13928018180908375,0.29
simbiosis,1851,0.0,0.0,0.5,1.0,0.9,0.0,0.0
simbiosis,1852,0.0,0.0,0.5,1.0,0.86,0.0,0.0
simbiosis,1853,0.0,0.0,0.5,1.0,0.78,0.0,0.0
simbiosis,1854,0.0,0.0,0.5,1.0,0.9,0.0,0.0
simbiosis,1855,-7.482004545227094,0.0,0.5,0.992,0.88,-0.06964009090454187,0.08
simbiosis,1856,-22.482004545227092,0.0,0.5,0.992,0.76,-0.06964009090454187,0.38
simbiosis,1857,-63.78929308411371,1.0,0.5,0.9840000000000001,0.8,-0.4557858616822743,0.82
simbiosis,1858,-4.5,0.0,0.5,1.0,0.84,0.0,0.09
simbiosis,1859,0.0,0.0,0.5,1.0,0.78,0.0,0.0
simbiosis,1860,0.0,0.0,0.5,1.0,0.88,0.0,0.0
simbiosis,1861,-23.482004545227092,0.0,0.5,0.992,0.76,-0.06964009090454187,0.4
simbiosis,1862,-46.20193508094347,1.0,0.51,0.9840000000000001,0.78,-0.6140387016188695,0.31
simbiosis,1863,0.0,0.0,0.5,1.0,0.74,0.0,0.0
simbiosis,1864,-17.982004545227092,0.0,0.5,0.992,0.82,-0.06964009090454187,0.29
simbiosis,1865,-37.964009090454184,0.0,0.5,0.9840000000000001,0.8,-0.13928018180908375,0.62
simbiosis,1866,0.0,0.0,0.5,1.0,0.8,0.0,0.0
simbiosis,1867,0.0,0.0,0.5,1.0,0.86,0.0,0.0
simbiosis,1868,0.0,0.0,0.5,1.0,0.9,0.0,0.0
simbiosis,1869,-27.482004545227092,0.0,0.5,0.992,0.8,-0.06964009090454187,0.48
simbiosis,1870,0.0,0.0,0.5,1.0,0.9,0.0,0.0
simbiosis,1871,0.0,0.0,0.5,1.0,0.92,0.0,0.0
simbiosis,1872,0.0,0.0,0.5,1.0,0.82,0.0,0.0
simbiosis,1873,0.0,0.0,0.5,1.0,0.8,0.0,0.0
simbiosis,1874,-15.0,0.0,0.5,1.0,0.9,0.0,0.3
simbiosis,1875,0.0,0.0,0.5,1.0,0.9,0.0,0.0
simbiosis,1876,0.0,0.0,0.5,1.0,0.84,0.0,0.0
simbiosis,1877,-47.44601363568128,0.0,0.5,0.976,0.74,-0.20892027271362562,0.74
simbiosis,1878,-58.446013635681275,0.0,0.5,0.976,0.76,-0.20892027271362562,0.96
simbiosis,1879,-21.482004545227092,0.0,0.5,0.992,0.74,-0.06964009090454187,0.36
simbiosis,1880,0.0,0.0,0.5,1.0,0.8,0.0,0.0
simbiosis,1881,0.0,0.0,0.5,1.0,0.8,0.0,0.0
simbiosis,1882,0.0,0.0,0.5,1.0,0.88,0.0,0.0
simbiosis,1883,-10.464009090454187,0.0,0.5,0.9840000000000001,0.84,-0.13928018180908375,0.07
simbiosis,1884,0.0,0.0,0.5,1.0,0.88,0.0,0.0
simbiosis,1885,-6.482004545227094,0.0,0.5,0.992,0.82,-0.06964009090454187,0.06
simbiosis,1886,-6.482004545227094,0.0,0.5,0.992,0.84,-0.06964009090454187,0.06
simbiosis,1887,0.0,0.0,0.5,1.0,0.86,0.0,0.0
simbiosis,1888,-8.482004545227094,0.0,0.5,0.992,0.86,-0.06964009090454187,0.1
simbiosis,1889,-44.94601363568128,0.0,0.5,0.976,0.74,-0.20892027271362562,0.69
simbiosis,1890,0.0,0.0,0.5,1.0,0.98,0.0,0.0
simbiosis,1891,0.0,0.0,0.5,1.0,0.76,0.0,0.0
simbiosis,1892,-15.464009090454187,0.0,0.5,0.9840000000000001,0.88,-0.13928018180908375,0.17
simbiosis,1893,0.0,0.0,0.5,1.0,0.76,0.0,0.0
simbiosis,1894,-4.482004545227094,0.0,0.5,0.992,0.84,-0.06964009090454187,0.02
simbiosis,1895,0.0,0.0,0.5,1.0,0.9,0.0,0.0
simbiosis,1896,0.0,0.0,0.5,1.0,0.88,0.0,0.0
simbiosis,1897,0.0,0.0,0.5,1.0,0.86,0.0,0.0
simbiosis,1898,0.0,0.0,0.5,1.0,0.78,0.0,0.0
simbiosis,1899,-28.964009090454187,0.0,0.5,0.9840000000000001,0.86,-0.13928018180908375,0.44
simbiosis,1900,0.0,0.0,0.5,1.0,0.8,0.0,0.0
simbiosis,1901,0.0,0.0,0.5,1.0,0.82,0.0,0.0
simbiosis,1902,0.0,0.0,0.5,1.0,0.78,0.0,0.0
simbiosis,1903,0.0,0.0,0.5,1.0,0.94,0.0,0.0
simbiosis,1904,-10.982004545227094,0.0,0.5,0.992,0.78,-0.06964009090454187,0.15
simbiosis,1905,0.0,0.0,0.5,1.0,0.8,0.0,0.0
simbiosis,1906,0.0,0.0,0.5,1.0,0.82,0.0,0.0
simbiosis,1907,-18.482004545227092,0.0,0.5,0.992,0.78,-0.06964009090454187,0.3
simbiosis,1908,-137.8072885388866,1.0,0.5,0.992,0.82,-0.38614577077773243,2.37
simbiosis,1909,-13.5,0.0,0.5,1.0,0.82,0.0,0.27
simbiosis,1910,-27.982004545227092,0.0,0.5,0.992,0.88,-0.06964009090454187,0.49
simbiosis,1911,-1.5,0.0,0.5,1.0,0.82,0.0,0.03
simbiosis,1912,0.0,0.0,0.5,1.0,0.84,0.0,0.0
simbiosis,1913,0.0,0.0,0.5,1.0,0.82,0.0,0.0
simbiosis,1914,0.0,0.0,0.5,1.0,0.86,0.0,0.0
simbiosis,1915,0.0,0.0,0.5,1.0,0.94,0.0,0.0
simbiosis,1916,-4.982004545227094,0.0,0.5,0.992,0.74,-0.06964009090454187,0.03
simbiosis,1917,0.0,0.0,0.5,1.0,0.84,0.0,0.0
simbiosis,1918,0.0,0.0,0.5,1.0,0.86,0.0,0.0
simbiosis,1919,-17.825283993659525,1.0,0.5,1.0,0.82,-0.31650567987319056,0.04
simbiosis,1920,0.0,0.0,0.5,1.0,0.88,0.0,0.0
simbiosis,1921,0.0,0.0,0.5,1.0,0.86,0.0,0.0
simbiosis,1922,-65.82528399365953,0.0,0.52,1.0,0.76,-0.31650567987319056,1.0
simbiosis,1923,0.0,0.0,0.5,1.0,0.88,0.0,0.0
simbiosis,1924,-56.80728853888662,1.0,0.5,0.992,0.78,-0.38614577077773243,0.75
simbiosis,1925,0.0,0.0,0.5,1.0,0.86,0.0,0.0
simbiosis,1926,-33.910022726135466,0.0,0.5,0.96,0.78,-0.3482004545227093,0.33
simbiosis,1927,-57.44601363568128,0.0,0.5,0.976,0.74,-0.20892027271362562,0.94
simbiosis,1928,-41.964009090454184,0.0,0.5,0.9840000000000001,0.76,-0.13928018180908375,0.7
simbiosis,1929,0.0,0.0,0.5,1.0,0.78,0.0,0.0
simbiosis,1930,0.0,0.0,0.5,1.0,0.78,0.0,0.0
simbiosis,1931,-100.5,0.0,0.5,1.0,0.8,0.0,2.01
simbiosis,1932,-15.964009090454187,0.0,0.5,0.9840000000000001,0.8,-0.13928018180908375,0.18
simbiosis,1933,-14.982004545227094,0.0,0.5,0.992,0.82,-0.06964009090454187,0.23
simbiosis,1934,0.0,0.0,0.5,1.0,0.92,0.0,0.0
simbiosis,1935,0.0,0.0,0.5,1.0,0.9,0.0,0.0
simbiosis,1936,-27.964009090454187,0.0,0.5,0.9840000000000001,0.76,-0.13928018180908375,0.42
simbiosis,1937,-1.5,0.0,0.5,1.0,0.76,0.0,0.03
simbiosis,1938,0.0,0.0,0.5,1.0,0.88,0.0,0.0
simbiosis,1939,-25.307288538886617,1.0,0.5,0.992,0.76,-0.38614577077773243,0.12
simbiosis,1940,-25.482004545227092,0.0,0.5,0.992,0.8,-0.06964009090454187,0.44
simbiosis,1941,-14.982004545227094,0.0,0.5,0.992,0.88,-0.06964009090454187,0.23
simbiosis,1942,-41.825283993659525,1.0,0.5,1.0,0.76,-0.31650567987319056,0.52
simbiosis,1943,0.0,0.0,0.5,1.0,0.9,0.0,0.0
simbiosis,1944,0.0,0.0,0.5,1.0,0.82,0.0,0.0
simbiosis,1945,0.0,0.0,0.5,1.0,0.82,0.0,0.0
simbiosis,1946,0.0,0.0,0.5,1.0,0.82,0.0,0.0
simbiosis,1947,0.0,0.0,0.5,1.0,0.86,0.0,0.0
simbiosis,1948,0.0,0.0,0.5,1.0,0.94,0.0,0.0
simbiosis,1949,-23.464009090454187,0.0,0.5,0.9840000000000001,0.84,-0.13928018180908375,0.33
simbiosis,1950,-11.982004545227094,0.0,0.5,0.992,0.86,-0.06964009090454187,0.17
simbiosis,1951,0.0,0.0,0.5,1.0,0.98,0.0,0.0
simbiosis,1952,0.0,0.0,0.5,1.0,0.9,0.0,0.0
simbiosis,1953,0.0,0.0,0.5,1.0,0.84,0.0,0.0
simbiosis,1954,-122.48200454522708,0.0,0.5,0.992,0.78,-0.06964009090454187,2.38
simbiosis,1955,-4.482004545227094,0.0,0.5,0.992,0.92,-0.06964009090454187,0.02
simbiosis,1956,-44.41264199682976,0.0,0.51,1.0,0.7,-0.15825283993659528,0.73
simbiosis,1957,-8.482004545227094,0.0,0.5,0.992,0.84,-0.06964009090454187,0.1
simbiosis,1958,-37.894646542056854,0.0,0.51,0.992,0.84,-0.22789293084113715,0.53
simbiosis,1959,0.0,0.0,0.5,1.0,0.88,0.0,0.0
simbiosis,1960,0.0,0.0,0.5,1.0,0.9,0.0,0.0
simbiosis,1961,-55.94601363568128,0.0,0.5,0.976,0.82,-0.20892027271362562,0.91
simbiosis,1962,-33.464009090454184,0.0,0.5,0.9840000000000001,0.68,-0.13928018180908375,0.53
simbiosis,1963,0.0,0.0,0.5,1.0,0.82,0.0,0.0
simbiosis,1964,-67.5,0.0,0.5,1.0,0.88,0.0,1.35
simbiosis,1965,-97.77129762934081,1.0,0.5,0.976,0.82,-0.5254259525868161,1.43
simbiosis,1966,-8.982004545227094,0.0,0.5,0.992,0.72,-0.06964009090454187,0.11
simbiosis,1967,-40.41264199682976,0.0,0.51,1.0,0.84,-0.15825283993659528,0.65
simbiosis,1968,0.0,0.0,0.5,1.0,0.74,0.0,0.0
simbiosis,1969,0.0,0.0,0.5,1.0,0.86,0.0,0.0
simbiosis,1970,-161.15056798731905,0.0,0.54,1.0,0.72,-0.6330113597463811,2.59
simbiosis,1971,0.0,0.0,0.5,1.0,0.88,0.0,0.0
simbiosis,1972,-1.5,0.0,0.5,1.0,0.8,0.0,0.03
simbiosis,1973,0.0,0.0,0.5,1.0,0.92,0.0,0.0
simbiosis,1974,-14.982004545227094,0.0,0.5,0.992,0.88,-0.06964009090454187,0.23
simbiosis,1975,0.0,0.0,0.5,1.0,0.9,0.0,0.0
simbiosis,1976,0.0,0.0,0.5,1.0,0.86,0.0,0.0
simbiosis,1977,-141.41264199682976,0.0,0.51,1.0,0.82,-0.15825283993659528,2.67
simbiosis,1978,0.0,0.0,0.5,1.0,0.82,0.0,0.0
simbiosis,1979,-11.482004545227094,0.0,0.5,0.992,0.8,-0.06964009090454187,0.16
simbiosis,1980,-27.482004545227092,0.0,0.5,0.992,0.76,-0.06964009090454187,0.48
simbiosis,1981,-22.982004545227092,0.0,0.5,0.992,0.88,-0.06964009090454187,0.39
simbiosis,1982,-128.89464654205685,0.0,0.51,0.992,0.82,-0.22789293084113715,2.35
simbiosis,1983,0.0,0.0,0.5,1.0,0.82,0.0,0.0
simbiosis,1984,0.0,0.0,0.5,1.0,0.9,0.0,0.0
simbiosis,1985,0.0,0.0,0.5,1.0,0.88,0.0,0.0
simbiosis,1986,0.0,0.0,0.5,1.0,0.92,0.0,0.0
simbiosis,1987,0.0,0.0,0.5,1.0,0.84,0.0,0.0
simbiosis,1988,-83.65056798731905,2.0,0.5,1.0,0.76,-0.6330113597463811,1.04
simbiosis,1989,-22.5,0.0,0.5,1.0,0.84,0.0,0.45
simbiosis,1990,-6.982004545227094,0.0,0.5,0.992,0.82,-0.06964009090454187,0.07
simbiosis,1991,-4.5,0.0,0.5,1.0,0.8,0.0,0.09
simbiosis,1992,0.0,0.0,0.5,1.0,0.82,0.0,0.0
simbiosis,1993,0.0,0.0,0.5,1.0,0.82,0.0,0.0
simbiosis,1994,-160.65056798731905,1.0,0.52,1.0,0.76,-0.6330113597463811,2.58
simbiosis,1995,-43.65056798731905,2.0,0.5,1.0,0.82,-0.6330113597463811,0.24
simbiosis,1996,0.0,0.0,0.5,1.0,0.76,0.0,0.0
simbiosis,1997,0.0,0.0,0.5,1.0,0.86,0.0,0.0
simbiosis,1998,-4.5,0.0,0.5,1.0,0.82,0.0,0.09
simbiosis,1999,-88.32528399365953,1.0,0.5,1.0,0.8,-0.31650567987319056,1.45
simbiosis,2000,-95.82528399365953,1.0,0.5,1.0,0.74,-0.31650567987319056,1.6
dqn_control,1,0.0,0.0,0.5,1.0,0.84,0.0,0.0
dqn_control,2,-5.0,0.0,0.5,0.992,0.84,-0.06964009090454187,0.03
dqn_control,3,-5.0,0.0,0.5,0.992,0.86,-0.06964009090454187,0.45
dqn_control,4,0.0,0.0,0.5,1.0,0.82,0.0,0.0
dqn_control,5,-5.0,0.0,0.5,0.992,0.82,-0.06964009090454187,0.37
dqn_control,6,0.0,0.0,0.5,1.0,0.78,0.0,0.0
dqn_control,7,-5.0,0.0,0.5,0.992,0.84,-0.06964009090454187,0.47
dqn_control,8,-5.0,0.0,0.5,0.992,0.88,-0.06964009090454187,0.31
dqn_control,9,0.0,0.0,0.5,1.0,0.86,0.0,0.0
dqn_control,10,0.0,0.0,0.5,1.0,0.88,0.0,0.0
dqn_control,11,0.0,0.0,0.5,1.0,0.88,0.0,0.0
dqn_control,12,-20.0,0.0,0.52,1.0,0.7,-0.31650567987319056,0.16
dqn_control,13,-5.0,0.0,0.5,0.992,0.76,-0.06964009090454187,0.16
dqn_control,14,-10.0,0.0,0.5,0.9840000000000001,0.8,-0.13928018180908375,0.65
dqn_control,15,0.0,0.0,0.5,1.0,0.8,0.0,0.0
dqn_control,16,0.0,0.0,0.5,1.0,0.7,0.0,0.0
dqn_control,17,-15.0,0.0,0.5,0.976,0.76,-0.20892027271362562,0.61
dqn_control,18,-5.0,0.0,0.5,0.992,0.84,-0.06964009090454187,0.49
dqn_control,19,-5.0,0.0,0.5,0.992,0.82,-0.06964009090454187,0.01
dqn_control,20,0.0,0.0,0.5,1.0,0.78,0.0,0.0
dqn_control,21,0.0,0.0,0.5,1.0,0.86,0.0,0.0
dqn_control,22,-5.0,0.0,0.5,0.992,0.9,-0.06964009090454187,0.35
dqn_control,23,0.0,0.0,0.5,1.0,0.88,0.0,0.0
dqn_control,24,0.0,0.0,0.5,1.0,0.74,0.0,0.0
dqn_control,25,20.0,0.0,0.51,1.0,0.7,-0.15825283993659528,0.14
dqn_control,26,0.0,0.0,0.5,1.0,0.86,0.0,0.0
dqn_control,27,0.0,0.0,0.5,1.0,0.86,0.0,0.0
dqn_control,28,0.0,0.0,0.5,1.0,0.88,0.0,0.0
dqn_control,29,0.0,0.0,0.5,1.0,0.78,0.0,0.0
dqn_control,30,165.0,0.0,0.5,1.0,0.78,0.0,3.81
dqn_control,31,-5.0,0.0,0.5,0.992,0.72,-0.06964009090454187,0.02
dqn_control,32,0.0,0.0,0.5,1.0,0.9,0.0,0.0
dqn_control,33,0.0,0.0,0.5,1.0,0.86,0.0,0.0
dqn_control,34,-10.0,0.0,0.51,1.0,0.8,-0.15825283993659528,0.48
dqn_control,35,-25.0,0.0,0.52,0.992,0.84,-0.38614577077773243,0.61
dqn_control,36,-10.0,0.0,0.5,0.9840000000000001,0.72,-0.13928018180908375,0.34
dqn_control,37,0.0,0.0,0.5,1.0,0.9,0.0,0.0
dqn_control,38,-5.0,0.0,0.5,0.992,0.76,-0.06964009090454187,0.33
dqn_control,39,0.0,0.0,0.5,1.0,0.8,0.0,0.0
dqn_control,40,0.0,0.0,0.5,1.0,0.78,0.0,0.0
dqn_control,41,0.0,0.0,0.5,1.0,0.9,0.0,0.0
dqn_control,42,45.0,0.0,0.5,1.0,0.8,0.0,0.18
dqn_control,43,-10.0,0.0,0.5,0.9840000000000001,0.92,-0.13928018180908375,0.34
dqn_control,44,-5.0,0.0,0.5,0.992,0.78,-0.06964009090454187,0.09
dqn_control,45,-20.0,0.0,0.52,1.0,0.76,-0.31650567987319056,0.26
dqn_control,46,-10.0,0.0,0.5,0.9840000000000001,0.78,-0.13928018180908375,0.12
dqn_control,47,0.0,0.0,0.5,1.0,0.88,0.0,0.0
dqn_control,48,0.0,0.0,0.5,1.0,0.82,0.0,0.0
dqn_control,49,0.0,0.0,0.5,1.0,0.92,0.0,0.0
dqn_control,50,0.0,0.0,0.5,1.0,0.86,0.0,0.0
dqn_control,51,0.0,0.0,0.5,1.0,0.84,0.0,0.0
dqn_control,52,125.0,0.0,0.51,1.0,0.8,-0.15825283993659528,2.12
dqn_control,53,-5.0,0.0,0.5,0.992,0.78,-0.06964009090454187,0.24
dqn_control,54,-15.0,0.0,0.5,0.976,0.82,-0.20892027271362562,0.55
dqn_control,55,-25.0,0.0,0.5,0.96,0.8,-0.3482004545227093,1.63
dqn_control,56,-10.0,0.0,0.51,1.0,0.76,-0.15825283993659528,0.24
dqn_control,57,0.0,0.0,0.5,1.0,0.94,0.0,0.0
dqn_control,58,30.0,0.0,0.5,1.0,0.9,0.0,0.51
dqn_control,59,0.0,0.0,0.5,1.0,0.76,0.0,0.0
dqn_control,60,0.0,0.0,0.5,1.0,0.94,0.0,0.0
dqn_control,61,-10.0,0.0,0.51,1.0,0.82,-0.15825283993659528,0.1
dqn_control,62,0.0,0.0,0.5,1.0,0.88,0.0,0.0
dqn_control,63,-5.0,0.0,0.5,0.992,0.88,-0.06964009090454187,0.2
dqn_control,64,-5.0,0.0,0.5,0.992,0.82,-0.06964009090454187,0.24
dqn_control,65,0.0,0.0,0.5,1.0,0.92,0.0,0.0
dqn_control,66,0.0,0.0,0.5,1.0,0.9,0.0,0.0
dqn_control,67,-20.0,0.0,0.5,0.968,0.82,-0.2785603636181675,0.74
dqn_control,68,0.0,0.0,0.5,1.0,0.86,0.0,0.0
dqn_control,69,0.0,0.0,0.5,1.0,0.92,0.0,0.0
dqn_control,70,-5.0,0.0,0.5,0.992,0.9,-0.06964009090454187,0.03
dqn_control,71,-5.0,0.0,0.5,0.992,0.88,-0.06964009090454187,0.03
dqn_control,72,0.0,0.0,0.5,1.0,0.8,0.0,0.0
dqn_control,73,0.0,0.0,0.5,1.0,0.92,0.0,0.0
dqn_control,74,0.0,0.0,0.5,1.0,0.84,0.0,0.0
dqn_control,75,0.0,0.0,0.5,1.0,0.88,0.0,0.0
dqn_control,76,0.0,0.0,0.5,1.0,0.9,0.0,0.0
dqn_control,77,0.0,0.0,0.5,1.0,0.9,0.0,0.0
dqn_control,78,-5.0,0.0,0.5,0.992,0.76,-0.06964009090454187,0.38
dqn_control,79,-10.0,0.0,0.51,1.0,0.8,-0.15825283993659528,0.08
dqn_control,80,0.0,0.0,0.5,1.0,0.9,0.0,0.0
dqn_control,81,-10.0,0.0,0.5,0.9840000000000001,0.84,-0.13928018180908375,0.31
dqn_control,82,0.0,0.0,0.5,1.0,0.94,0.0,0.0
dqn_control,83,0.0,0.0,0.5,1.0,0.92,0.0,0.0
dqn_control,84,-25.0,1.0,0.5,0.992,0.8,-0.38614577077773243,0.46
dqn_control,85,-5.0,0.0,0.5,0.992,0.86,-0.06964009090454187,0.09
dqn_control,86,0.0,0.0,0.5,1.0,0.86,0.0,0.0
dqn_control,87,0.0,0.0,0.5,1.0,0.78,0.0,0.0
dqn_control,88,220.0,0.0,0.5,0.992,0.82,-0.06964009090454187,12.79
dqn_control,89,0.0,0.0,0.5,1.0,0.86,0.0,0.0
dqn_control,90,0.0,0.0,0.5,1.0,0.84,0.0,0.0
dqn_control,91,-5.0,0.0,0.5,0.992,0.82,-0.06964009090454187,0.06
dqn_control,92,0.0,0.0,0.5,1.0,0.84,0.0,0.0
dqn_control,93,0.0,0.0,0.5,1.0,0.78,0.0,0.0
dqn_control,94,-5.0,0.0,0.5,0.992,0.82,-0.06964009090454187,0.05
dqn_control,95,0.0,0.0,0.5,1.0,0.8,0.0,0.0
dqn_control,96,0.0,0.0,0.5,1.0,0.82,0.0,0.0
dqn_control,97,-5.0,0.0,0.5,0.992,0.84,-0.06964009090454187,0.36
dqn_control,98,0.0,0.0,0.5,1.0,0.82,0.0,0.0
dqn_control,99,0.0,0.0,0.5,1.0,0.86,0.0,0.0
dqn_control,100,0.0,0.0,0.5,1.0,0.88,0.0,0.0
dqn_control,101,0.0,0.0,0.5,1.0,0.84,0.0,0.0
dqn_control,102,0.0,0.0,0.5,1.0,0.84,0.0,0.0
dqn_control,103,0.0,0.0,0.5,1.0,0.86,0.0,0.0
dqn_control,104,0.0,0.0,0.5,1.0,0.8,0.0,0.0
dqn_control,105,-5.0,0.0,0.5,0.992,0.9,-0.06964009090454187,0.49
dqn_control,106,345.0,0.0,0.5,1.0,0.82,0.0,9.03
dqn_control,107,30.0,0.0,0.5,1.0,0.88,0.0,0.09
dqn_control,108,0.0,0.0,0.5,1.0,0.8,0.0,0.0
dqn_control,109,-5.0,0.0,0.5,0.992,0.82,-0.06964009090454187,0.39
dqn_control,110,-30.0,1.0,0.5,0.9840000000000001,0.82,-0.4557858616822743,2.76
dqn_control,111,-20.0,1.0,0.5,1.0,0.86,-0.31650567987319056,0.68
dqn_control,112,0.0,0.0,0.5,1.0,0.82,0.0,0.0
dqn_control,113,0.0,0.0,0.5,1.0,0.84,0.0,0.0
dqn_control,114,-10.0,0.0,0.5,0.9840000000000001,0.84,-0.13928018180908375,0.45
dqn_control,115,0.0,0.0,0.5,1.0,0.78,0.0,0.0
dqn_control,116,-5.0,0.0,0.5,0.992,0.82,-0.06964009090454187,0.46
dqn_control,117,0.0,0.0,0.5,1.0,0.84,0.0,0.0
dqn_control,118,-5.0,0.0,0.5,0.992,0.9,-0.06964009090454187,0.13
dqn_control,119,0.0,0.0,0.5,1.0,0.88,0.0,0.0
dqn_control,120,0.0,0.0,0.5,1.0,0.9,0.0,0.0
dqn_control,121,0.0,0.0,0.5,1.0,0.92,0.0,0.0
dqn_control,122,-5.0,0.0,0.5,0.992,0.8,-0.06964009090454187,0.33
dqn_control,123,-5.0,0.0,0.5,0.992,0.82,-0.06964009090454187,0.41
dqn_control,124,-15.0,0.0,0.5,0.976,0.86,-0.20892027271362562,1.08
dqn_control,125,0.0,0.0,0.5,1.0,0.88,0.0,0.0
dqn_control,126,-5.0,0.0,0.5,0.992,0.78,-0.06964009090454187,0.31
dqn_control,127,0.0,0.0,0.5,1.0,0.78,0.0,0.0
dqn_control,128,0.0,0.0,0.5,1.0,0.9,0.0,0.0
dqn_control,129,0.0,0.0,0.5,1.0,0.84,0.0,0.0
dqn_control,130,0.0,0.0,0.5,1.0,0.92,0.0,0.0
dqn_control,131,195.0,0.0,0.5,1.0,0.84,0.0,2.73
dqn_control,132,0.0,0.0,0.5,1.0,0.92,0.0,0.0
dqn_control,133,0.0,0.0,0.5,1.0,0.74,0.0,0.0
dqn_control,134,0.0,0.0,0.5,1.0,0.8,0.0,0.0
dqn_control,135,0.0,0.0,0.5,1.0,0.82,0.0,0.0
dqn_control,136,0.0,0.0,0.5,1.0,0.84,0.0,0.0
dqn_control,137,-10.0,0.0,0.5,0.9840000000000001,0.8,-0.13928018180908375,0.48
dqn_control,138,270.0,0.0,0.5,1.0,0.84,0.0,5.37
dqn_control,139,0.0,0.0,0.5,1.0,0.84,0.0,0.0
dqn_control,140,-25.0,1.0,0.5,0.992,0.78,-0.38614577077773243,0.68
dqn_control,141,0.0,0.0,0.5,1.0,0.8,0.0,0.0
dqn_control,142,-10.0,0.0,0.5,0.9840000000000001,0.76,-0.13928018180908375,0.33
dqn_control,143,-5.0,0.0,0.5,0.992,0.8,-0.06964009090454187,0.37
dqn_control,144,0.0,0.0,0.5,1.0,0.88,0.0,0.0
dqn_control,145,0.0,0.0,0.5,1.0,0.82,0.0,0.0
dqn_control,146,30.0,0.0,0.5,1.0,0.82,0.0,0.27
dqn_control,147,-20.0,0.0,0.5,0.968,0.88,-0.2785603636181675,0.83
dqn_control,148,0.0,0.0,0.5,1.0,0.88,0.0,0.0
dqn_control,149,-5.0,0.0,0.5,0.992,0.78,-0.06964009090454187,0.38
dqn_control,150,-10.0,0.0,0.5,0.9840000000000001,0.78,-0.13928018180908375,0.1
dqn_control,151,0.0,0.0,0.5,1.0,0.78,0.0,0.0
dqn_control,152,-5.0,0.0,0.5,0.992,0.88,-0.06964009090454187,0.38
dqn_control,153,0.0,0.0,0.5,1.0,0.74,0.0,0.0
dqn_control,154,0.0,0.0,0.5,1.0,0.84,0.0,0.0
dqn_control,155,90.0,0.0,0.5,1.0,0.9,0.0,0.63
dqn_control,156,120.0,0.0,0.5,1.0,0.9,0.0,1.08
dqn_control,157,0.0,0.0,0.5,1.0,0.94,0.0,0.0
dqn_control,158,195.0,0.0,0.5,1.0,0.88,0.0,2.73
dqn_control,159,-40.0,2.0,0.5,1.0,0.88,-0.6330113597463811,3.68
dqn_control,160,0.0,0.0,0.5,1.0,0.84,0.0,0.0
dqn_control,161,0.0,0.0,0.5,1.0,0.86,0.0,0.0
dqn_control,162,0.0,0.0,0.5,1.0,0.88,0.0,0.0
dqn_control,163,-25.0,1.0,0.5,0.992,0.82,-0.38614577077773243,0.18
dqn_control,164,190.0,0.0,0.5,0.992,0.82,-0.06964009090454187,3.64
dqn_control,165,-10.0,0.0,0.5,0.9840000000000001,0.84,-0.13928018180908375,0.41
dqn_control,166,0.0,0.0,0.5,1.0,0.9,0.0,0.0
dqn_control,167,-5.0,0.0,0.5,0.992,0.78,-0.06964009090454187,0.22
dqn_control,168,-20.0,0.0,0.51,0.9840000000000001,0.8,-0.297533021745679,1.46
dqn_control,169,0.0,0.0,0.5,1.0,0.86,0.0,0.0
dqn_control,170,-10.0,0.0,0.5,0.9840000000000001,0.86,-0.13928018180908375,0.35
dqn_control,171,125.0,0.0,0.51,1.0,0.82,-0.15825283993659528,1.22
dqn_control,172,45.0,0.0,0.5,1.0,0.92,0.0,0.18
dqn_control,173,0.0,0.0,0.5,1.0,0.78,0.0,0.0
dqn_control,174,0.0,0.0,0.5,1.0,0.86,0.0,0.0
dqn_control,175,-5.0,0.0,0.5,0.992,0.8,-0.06964009090454187,0.39
dqn_control,176,0.0,0.0,0.5,1.0,0.88,0.0,0.0
dqn_control,177,0.0,0.0,0.5,1.0,0.78,0.0,0.0
dqn_control,178,-20.0,1.0,0.5,1.0,0.76,-0.31650567987319056,0.56
dqn_control,179,155.0,0.0,0.51,1.0,0.78,-0.15825283993659528,3.35
dqn_control,180,0.0,0.0,0.5,1.0,0.8,0.0,0.0
dqn_control,181,0.0,0.0,0.5,1.0,0.82,0.0,0.0
dqn_control,182,0.0,0.0,0.5,1.0,0.88,0.0,0.0
dqn_control,183,0.0,0.0,0.5,1.0,0.78,0.0,0.0
dqn_control,184,-5.0,0.0,0.5,0.992,0.86,-0.06964009090454187,0.49
dqn_control,185,0.0,0.0,0.5,1.0,0.84,0.0,0.0
dqn_control,186,0.0,0.0,0.5,1.0,0.84,0.0,0.0
dqn_control,187,0.0,0.0,0.5,1.0,0.82,0.0,0.0
dqn_control,188,-10.0,0.0,0.5,0.9840000000000001,0.8,-0.13928018180908375,0.61
dqn_control,189,-10.0,0.0,0.51,1.0,0.82,-0.15825283993659528,0.08
dqn_control,190,-10.0,0.0,0.5,0.9840000000000001,0.78,-0.13928018180908375,0.1
dqn_control,191,0.0,0.0,0.5,1.0,0.88,0.0,0.0
dqn_control,192,0.0,0.0,0.5,1.0,0.86,0.0,0.0
dqn_control,193,-15.0,0.0,0.5,0.976,0.82,-0.20892027271362562,0.95
dqn_control,194,45.0,0.0,0.5,1.0,0.72,0.0,0.18
dqn_control,195,0.0,0.0,0.5,1.0,0.72,0.0,0.0
dqn_control,196,0.0,0.0,0.5,1.0,0.86,0.0,0.0
dqn_control,197,105.0,0.0,0.5,1.0,0.78,0.0,1.14
dqn_control,198,0.0,0.0,0.5,1.0,0.86,0.0,0.0
dqn_control,199,-5.0,0.0,0.5,0.992,0.82,-0.06964009090454187,0.41
dqn_control,200,0.0,0.0,0.5,1.0,0.82,0.0,0.0
dqn_control,201,0.0,0.0,0.5,1.0,0.92,0.0,0.0
dqn_control,202,270.0,0.0,0.51,0.992,0.78,-0.22789293084113715,14.46
dqn_control,203,-20.0,0.0,0.52,1.0,0.84,-0.31650567987319056,0.66
dqn_control,204,-5.0,0.0,0.5,0.992,0.8,-0.06964009090454187,0.22
dqn_control,205,0.0,0.0,0.5,1.0,0.94,0.0,0.0
dqn_control,206,90.0,0.0,0.5,1.0,0.84,0.0,1.17
dqn_control,207,-10.0,0.0,0.5,0.9840000000000001,0.8,-0.13928018180908375,0.06
dqn_control,208,-35.0,0.0,0.53,0.992,0.86,-0.5443986107143277,1.49
dqn_control,209,-20.0,0.0,0.52,1.0,0.84,-0.31650567987319056,0.24
dqn_control,210,0.0,0.0,0.5,1.0,0.92,0.0,0.0
dqn_control,211,0.0,0.0,0.5,1.0,0.84,0.0,0.0
dqn_control,212,0.0,0.0,0.5,1.0,0.82,0.0,0.0
dqn_control,213,-15.0,0.0,0.5,0.976,0.74,-0.20892027271362562,0.85
dqn_control,214,0.0,0.0,0.5,1.0,0.94,0.0,0.0
dqn_control,215,225.0,0.0,0.5,1.0,0.84,0.0,3.99
dqn_control,216,95.0,0.0,0.51,1.0,0.84,-0.15825283993659528,0.83
dqn_control,217,0.0,0.0,0.5,1.0,0.9,0.0,0.0
dqn_control,218,0.0,0.0,0.5,1.0,0.94,0.0,0.0
dqn_control,219,0.0,0.0,0.5,1.0,0.78,0.0,0.0
dqn_control,220,0.0,0.0,0.5,1.0,0.86,0.0,0.0
dqn_control,221,0.0,0.0,0.5,1.0,0.9,0.0,0.0
dqn_control,222,0.0,0.0,0.5,1.0,0.84,0.0,0.0
dqn_control,223,0.0,0.0,0.5,1.0,0.9,0.0,0.0
dqn_control,224,0.0,0.0,0.5,1.0,0.84,0.0,0.0
dqn_control,225,0.0,0.0,0.5,1.0,0.78,0.0,0.0
dqn_control,226,175.0,0.0,0.52,1.0,0.76,-0.31650567987319056,8.84
dqn_control,227,-5.0,0.0,0.5,0.992,0.86,-0.06964009090454187,0.49
dqn_control,228,0.0,0.0,0.5,1.0,0.92,0.0,0.0
dqn_control,229,-40.0,2.0,0.5,1.0,0.9,-0.6330113597463811,0.48
dqn_control,230,0.0,0.0,0.5,1.0,0.82,0.0,0.0
dqn_control,231,0.0,0.0,0.5,1.0,0.9,0.0,0.0
dqn_control,232,150.0,0.0,0.5,1.0,0.78,0.0,1.65
dqn_control,233,0.0,0.0,0.5,1.0,0.82,0.0,0.0
dqn_control,234,-15.0,0.0,0.5,0.976,0.86,-0.20892027271362562,1.06
dqn_control,235,0.0,0.0,0.5,1.0,0.8,0.0,0.0
dqn_control,236,-10.0,0.0,0.51,1.0,0.82,-0.15825283993659528,0.62
dqn_control,237,-5.0,0.0,0.5,0.992,0.86,-0.06964009090454187,0.09
dqn_control,238,-15.0,0.0,0.5,0.976,0.74,-0.20892027271362562,0.43
dqn_control,239,0.0,0.0,0.5,1.0,0.82,0.0,0.0
dqn_control,240,-10.0,0.0,0.5,0.9840000000000001,0.74,-0.13928018180908375,0.24
dqn_control,241,0.0,0.0,0.5,1.0,0.8,0.0,0.0
dqn_control,242,-10.0,0.0,0.5,0.9840000000000001,0.92,-0.13928018180908375,0.08
dqn_control,243,0.0,0.0,0.5,1.0,0.82,0.0,0.0
dqn_control,244,-5.0,0.0,0.5,0.992,0.8,-0.06964009090454187,0.11
dqn_control,245,-10.0,0.0,0.5,0.9840000000000001,0.82,-0.13928018180908375,0.27
dqn_control,246,0.0,0.0,0.5,1.0,0.86,0.0,0.0
dqn_control,247,-60.0,3.0,0.5,1.0,0.76,-0.9495170396195717,0.48
dqn_control,248,0.0,0.0,0.5,1.0,0.9,0.0,0.0
dqn_control,249,0.0,0.0,0.5,1.0,0.92,0.0,0.0
dqn_control,250,-30.0,1.0,0.51,1.0,0.84,-0.47475851980978584,0.5
dqn_control,251,0.0,0.0,0.5,1.0,0.88,0.0,0.0
dqn_control,252,-5.0,0.0,0.5,0.992,0.82,-0.06964009090454187,0.12
dqn_control,253,-5.0,0.0,0.5,0.992,0.8,-0.06964009090454187,0.27
dqn_control,254,135.0,0.0,0.5,1.0,0.82,0.0,1.35
dqn_control,255,0.0,0.0,0.5,1.0,0.88,0.0,0.0
dqn_control,256,-10.0,0.0,0.5,0.9840000000000001,0.86,-0.13928018180908375,0.42
dqn_control,257,0.0,0.0,0.5,1.0,0.88,0.0,0.0
dqn_control,258,-5.0,0.0,0.5,0.992,0.84,-0.06964009090454187,0.08
dqn_control,259,0.0,0.0,0.5,1.0,0.78,0.0,0.0
dqn_control,260,0.0,0.0,0.5,1.0,0.82,0.0,0.0
dqn_control,261,-5.0,0.0,0.5,0.992,0.8,-0.06964009090454187,0.49
dqn_control,262,60.0,0.0,0.5,1.0,0.74,0.0,0.3
dqn_control,263,0.0,0.0,0.5,1.0,0.8,0.0,0.0
dqn_control,264,155.0,0.0,0.51,1.0,0.74,-0.15825283993659528,3.19
dqn_control,265,0.0,0.0,0.5,1.0,0.72,0.0,0.0
dqn_control,266,0.0,0.0,0.5,1.0,0.84,0.0,0.0
dqn_control,267,0.0,0.0,0.5,1.0,0.86,0.0,0.0
dqn_control,268,-10.0,0.0,0.5,0.9840000000000001,0.82,-0.13928018180908375,0.32
dqn_control,269,195.0,0.0,0.5,1.0,0.84,0.0,4.68
dqn_control,270,0.0,0.0,0.5,1.0,0.72,0.0,0.0
dqn_control,271,0.0,0.0,0.5,1.0,0.8,0.0,0.0
dqn_control,272,135.0,0.0,0.5,1.0,0.84,0.0,2.43
dqn_control,273,-5.0,0.0,0.5,0.992,0.82,-0.06964009090454187,0.32
dqn_control,274,-10.0,0.0,0.5,0.9840000000000001,0.8,-0.13928018180908375,0.35
dqn_control,275,0.0,0.0,0.5,1.0,0.86,0.0,0.0
dqn_control,276,0.0,0.0,0.5,1.0,0.86,0.0,0.0
dqn_control,277,-5.0,0.0,0.5,0.992,0.78,-0.06964009090454187,0.33
dqn_control,278,-5.0,0.0,0.5,0.992,0.7,-0.06964009090454187,0.14
dqn_control,279,-40.0,0.0,0.54,1.0,0.78,-0.6330113597463811,0.96
dqn_control,280,0.0,0.0,0.5,1.0,0.86,0.0,0.0
dqn_control,281,0.0,0.0,0.5,1.0,0.86,0.0,0.0
dqn_control,282,45.0,0.0,0.5,1.0,0.72,0.0,0.36
dqn_control,283,0.0,0.0,0.5,1.0,0.86,0.0,0.0
dqn_control,284,75.0,0.0,0.5,1.0,0.76,0.0,0.45
dqn_control,285,0.0,0.0,0.5,1.0,0.86,0.0,0.0
dqn_control,286,-40.0,2.0,0.5,1.0,0.84,-0.6330113597463811,2.48
dqn_control,287,-5.0,0.0,0.5,0.992,0.8,-0.06964009090454187,0.22
dqn_control,288,0.0,0.0,0.5,1.0,0.78,0.0,0.0
dqn_control,289,0.0,0.0,0.5,1.0,0.82,0.0,0.0
dqn_control,290,0.0,0.0,0.5,1.0,0.8,0.0,0.0
dqn_control,291,0.0,0.0,0.5,1.0,0.9,0.0,0.0
dqn_control,292,0.0,0.0,0.5,1.0,0.86,0.0,0.0
dqn_control,293,0.0,0.0,0.5,1.0,0.88,0.0,0.0
dqn_control,294,-5.0,0.0,0.5,0.992,0.88,-0.06964009090454187,0.49
dqn_control,295,0.0,0.0,0.5,1.0,0.86,0.0,0.0
dqn_control,296,-60.0,3.0,0.5,1.0,0.74,-0.9495170396195717,0.64
dqn_control,297,0.0,0.0,0.5,1.0,0.84,0.0,0.0
dqn_control,298,-20.0,0.0,0.5,0.968,0.78,-0.2785603636181675,0.48
dqn_control,299,0.0,0.0,0.5,1.0,0.84,0.0,0.0
dqn_control,300,0.0,0.0,0.5,1.0,0.88,0.0,0.0
dqn_control,301,165.0,0.0,0.5,1.0,0.68,0.0,2.13
dqn_control,302,-10.0,0.0,0.5,0.9840000000000001,0.7,-0.13928018180908375,0.73
dqn_control,303,-10.0,0.0,0.5,0.9840000000000001,0.9,-0.13928018180908375,0.55
dqn_control,304,-15.0,0.0,0.5,0.976,0.76,-0.20892027271362562,0.46
dqn_control,305,0.0,0.0,0.5,1.0,0.8,0.0,0.0
dqn_control,306,-5.0,0.0,0.5,0.992,0.78,-0.06964009090454187,0.15
dqn_control,307,-10.0,0.0,0.5,0.9840000000000001,0.78,-0.13928018180908375,0.45
dqn_control,308,0.0,0.0,0.5,1.0,0.84,0.0,0.0
dqn_control,309,0.0,0.0,0.5,1.0,0.84,0.0,0.0
dqn_control,310,0.0,0.0,0.5,1.0,0.92,0.0,0.0
dqn_control,311,0.0,0.0,0.5,1.0,0.88,0.0,0.0
dqn_control,312,-5.0,0.0,0.5,0.992,0.88,-0.06964009090454187,0.25
dqn_control,313,-35.0,1.0,0.51,0.992,0.76,-0.5443986107143277,2.49
dqn_control,314,0.0,0.0,0.5,1.0,0.88,0.0,0.0
dqn_control,315,0.0,0.0,0.5,1.0,0.8,0.0,0.0
dqn_control,316,0.0,0.0,0.5,1.0,0.82,0.0,0.0
dqn_control,317,0.0,0.0,0.5,1.0,0.86,0.0,0.0
dqn_control,318,120.0,0.0,0.5,1.0,0.7,0.0,1.5
dqn_control,319,0.0,0.0,0.5,1.0,0.82,0.0,0.0
dqn_control,320,0.0,0.0,0.5,1.0,0.82,0.0,0.0
dqn_control,321,0.0,0.0,0.5,1.0,0.82,0.0,0.0
dqn_control,322,-15.0,0.0,0.5,0.976,0.84,-0.20892027271362562,0.27
dqn_control,323,0.0,0.0,0.5,1.0,0.9,0.0,0.0
dqn_control,324,0.0,0.0,0.5,1.0,0.9,0.0,0.0
dqn_control,325,0.0,0.0,0.5,1.0,0.86,0.0,0.0
dqn_control,326,0.0,0.0,0.5,1.0,0.94,0.0,0.0
dqn_control,327,-50.0,2.0,0.5,0.9840000000000001,0.82,-0.7722915415554649,4.28
dqn_control,328,0.0,0.0,0.5,1.0,0.9,0.0,0.0
dqn_control,329,0.0,0.0,0.5,1.0,0.8,0.0,0.0
dqn_control,330,0.0,0.0,0.5,1.0,0.88,0.0,0.0
dqn_control,331,45.0,0.0,0.5,1.0,0.84,0.0,0.18
dqn_control,332,0.0,0.0,0.5,1.0,0.92,0.0,0.0
dqn_control,333,0.0,0.0,0.5,1.0,0.88,0.0,0.0
dqn_control,334,-5.0,0.0,0.5,0.992,0.86,-0.06964009090454187,0.09
dqn_control,335,0.0,0.0,0.5,1.0,0.84,0.0,0.0
dqn_control,336,270.0,0.0,0.5,1.0,0.88,0.0,5.58
dqn_control,337,0.0,0.0,0.5,1.0,0.86,0.0,0.0
dqn_control,338,0.0,0.0,0.5,1.0,0.94,0.0,0.0
dqn_control,339,15.0,0.0,0.5,1.0,0.74,0.0,0.42
dqn_control,340,-10.0,0.0,0.5,0.9840000000000001,0.78,-0.13928018180908375,0.11
dqn_control,341,45.0,0.0,0.5,1.0,0.82,0.0,0.9
dqn_control,342,-40.0,1.0,0.5,0.968,0.84,-0.595066043491358,3.27
dqn_control,343,0.0,0.0,0.5,1.0,0.84,0.0,0.0
dqn_control,344,-5.0,0.0,0.5,0.992,0.82,-0.06964009090454187,0.02
dqn_control,345,-5.0,0.0,0.5,0.992,0.74,-0.06964009090454187,0.12
dqn_control,346,-10.0,0.0,0.5,0.9840000000000001,0.86,-0.13928018180908375,0.8
dqn_control,347,-10.0,0.0,0.5,0.9840000000000001,0.84,-0.13928018180908375,0.6
dqn_control,348,0.0,0.0,0.5,1.0,0.82,0.0,0.0
dqn_control,349,0.0,0.0,0.5,1.0,0.82,0.0,0.0
dqn_control,350,0.0,0.0,0.5,1.0,0.74,0.0,0.0
dqn_control,351,0.0,0.0,0.5,1.0,0.92,0.0,0.0
dqn_control,352,330.0,0.0,0.5,1.0,0.84,0.0,12.87
dqn_control,353,0.0,0.0,0.5,1.0,0.9,0.0,0.0
dqn_control,354,-15.0,0.0,0.5,0.976,0.78,-0.20892027271362562,0.39
dqn_control,355,0.0,0.0,0.5,1.0,0.9,0.0,0.0
dqn_control,356,-5.0,0.0,0.5,0.992,0.86,-0.06964009090454187,0.21
dqn_control,357,0.0,0.0,0.5,1.0,0.88,0.0,0.0
dqn_control,358,0.0,0.0,0.5,1.0,0.86,0.0,0.0
dqn_control,359,-10.0,0.0,0.5,0.9840000000000001,0.82,-0.13928018180908375,0.1
dqn_control,360,-5.0,0.0,0.5,0.992,0.82,-0.06964009090454187,0.47
dqn_control,361,0.0,0.0,0.5,1.0,0.84,0.0,0.0
dqn_control,362,0.0,0.0,0.5,1.0,0.8,0.0,0.0
dqn_control,363,0.0,0.0,0.5,1.0,0.92,0.0,0.0
dqn_control,364,-10.0,0.0,0.51,1.0,0.76,-0.15825283993659528,0.06
dqn_control,365,120.0,0.0,0.5,1.0,0.92,0.0,1.08
dqn_control,366,0.0,0.0,0.5,1.0,0.86,0.0,0.0
dqn_control,367,-10.0,0.0,0.5,0.9840000000000001,0.86,-0.13928018180908375,0.96
dqn_control,368,0.0,0.0,0.5,1.0,0.84,0.0,0.0
dqn_control,369,0.0,0.0,0.5,1.0,0.8,0.0,0.0
dqn_control,370,-25.0,0.0,0.5,0.96,0.74,-0.3482004545227093,1.74
dqn_control,371,-15.0,0.0,0.5,0.976,0.82,-0.20892027271362562,0.57
dqn_control,372,0.0,0.0,0.5,1.0,0.86,0.0,0.0
dqn_control,373,360.0,0.0,0.5,1.0,0.86,0.0,9.0
dqn_control,374,0.0,0.0,0.5,1.0,0.92,0.0,0.0
dqn_control,375,0.0,0.0,0.5,1.0,0.8,0.0,0.0
dqn_control,376,-5.0,0.0,0.5,0.992,0.84,-0.06964009090454187,0.37
dqn_control,377,-5.0,0.0,0.5,0.992,0.9,-0.06964009090454187,0.3
dqn_control,378,15.0,0.0,0.5,1.0,0.76,0.0,0.03
dqn_control,379,120.0,0.0,0.5,1.0,0.84,0.0,1.08
dqn_control,380,0.0,0.0,0.5,1.0,0.88,0.0,0.0
dqn_control,381,90.0,0.0,0.51,0.992,0.86,-0.22789293084113715,1.24
dqn_control,382,-20.0,1.0,0.5,1.0,0.84,-0.31650567987319056,0.28
dqn_control,383,0.0,0.0,0.5,1.0,0.84,0.0,0.0
dqn_control,384,0.0,0.0,0.5,1.0,0.86,0.0,0.0
dqn_control,385,-5.0,0.0,0.5,0.992,0.84,-0.06964009090454187,0.05
dqn_control,386,0.0,0.0,0.5,1.0,0.74,0.0,0.0
dqn_control,387,-15.0,0.0,0.5,0.976,0.76,-0.20892027271362562,0.84
dqn_control,388,0.0,0.0,0.5,1.0,0.88,0.0,0.0
dqn_control,389,0.0,0.0,0.5,1.0,0.9,0.0,0.0
dqn_control,390,-20.0,1.0,0.5,1.0,0.86,-0.31650567987319056,0.08
dqn_control,391,75.0,0.0,0.5,1.0,0.88,0.0,0.78
dqn_control,392,0.0,0.0,0.5,1.0,0.94,0.0,0.0
dqn_control,393,0.0,0.0,0.5,1.0,0.92,0.0,0.0
dqn_control,394,60.0,0.0,0.5,1.0,0.78,0.0,0.3
dqn_control,395,-55.0,0.0,0.55,0.992,0.76,-0.8609042905875183,3.79
dqn_control,396,0.0,0.0,0.5,1.0,0.78,0.0,0.0
dqn_control,397,-5.0,0.0,0.5,0.992,0.8,-0.06964009090454187,0.14
dqn_control,398,-20.0,1.0,0.5,1.0,0.82,-0.31650567987319056,0.28
dqn_control,399,0.0,0.0,0.5,1.0,0.8,0.0,0.0
dqn_control,400,0.0,0.0,0.5,1.0,0.9,0.0,0.0
dqn_control,401,-5.0,0.0,0.5,0.992,0.8,-0.06964009090454187,0.3
dqn_control,402,115.0,0.0,0.5,0.992,0.86,-0.06964009090454187,1.41
dqn_control,403,0.0,0.0,0.5,1.0,0.88,0.0,0.0
dqn_control,404,-20.0,1.0,0.5,1.0,0.88,-0.31650567987319056,0.52
dqn_control,405,0.0,0.0,0.5,1.0,0.86,0.0,0.0
dqn_control,406,0.0,0.0,0.5,1.0,0.8,0.0,0.0
dqn_control,407,-25.0,1.0,0.5,0.992,0.82,-0.38614577077773243,0.87
dqn_control,408,30.0,0.0,0.5,1.0,0.74,0.0,0.09
dqn_control,409,0.0,0.0,0.5,1.0,0.86,0.0,0.0
dqn_control,410,0.0,0.0,0.5,1.0,0.86,0.0,0.0
dqn_control,411,0.0,0.0,0.5,1.0,0.9,0.0,0.0
dqn_control,412,-5.0,0.0,0.5,0.992,0.8,-0.06964009090454187,0.12
dqn_control,413,-20.0,0.0,0.51,0.9840000000000001,0.72,-0.297533021745679,1.2
dqn_control,414,15.0,0.0,0.5,1.0,0.84,0.0,0.03
dqn_control,415,0.0,0.0,0.5,1.0,0.98,0.0,0.0
dqn_control,416,-5.0,0.0,0.5,0.992,0.76,-0.06964009090454187,0.11
dqn_control,417,0.0,0.0,0.5,1.0,0.8,0.0,0.0
dqn_control,418,60.0,0.0,0.5,1.0,0.92,0.0,0.3
dqn_control,419,0.0,0.0,0.5,1.0,0.84,0.0,0.0
dqn_control,420,0.0,0.0,0.5,1.0,0.86,0.0,0.0
dqn_control,421,0.0,0.0,0.5,1.0,0.9,0.0,0.0
dqn_control,422,0.0,0.0,0.5,1.0,0.88,0.0,0.0
dqn_control,423,0.0,0.0,0.5,1.0,0.84,0.0,0.0
dqn_control,424,0.0,0.0,0.5,1.0,0.84,0.0,0.0
dqn_control,425,0.0,0.0,0.5,1.0,0.9,0.0,0.0
dqn_control,426,0.0,0.0,0.5,1.0,0.8,0.0,0.0
dqn_control,427,-5.0,0.0,0.5,0.992,0.8,-0.06964009090454187,0.49
dqn_control,428,0.0,0.0,0.5,1.0,0.84,0.0,0.0
dqn_control,429,0.0,0.0,0.5,1.0,0.8,0.0,0.0
dqn_control,430,30.0,0.0,0.5,1.0,0.8,0.0,0.12
dqn_control,431,-5.0,0.0,0.5,0.992,0.86,-0.06964009090454187,0.13
dqn_control,432,-5.0,0.0,0.5,0.992,0.8,-0.06964009090454187,0.08
dqn_control,433,-20.0,0.0,0.52,1.0,0.72,-0.31650567987319056,0.74
dqn_control,434,-5.0,0.0,0.5,0.992,0.92,-0.06964009090454187,0.29
dqn_control,435,0.0,0.0,0.5,1.0,0.86,0.0,0.0
dqn_control,436,-5.0,0.0,0.5,0.992,0.76,-0.06964009090454187,0.14
dqn_control,437,200.0,0.0,0.51,1.0,0.78,-0.15825283993659528,3.17
dqn_control,438,0.0,0.0,0.5,1.0,0.88,0.0,0.0
dqn_control,439,0.0,0.0,0.5,1.0,0.78,0.0,0.0
dqn_control,440,0.0,0.0,0.5,1.0,0.76,0.0,0.0
dqn_control,441,-5.0,0.0,0.5,0.992,0.86,-0.06964009090454187,0.28
dqn_control,442,0.0,0.0,0.5,1.0,0.84,0.0,0.0
dqn_control,443,0.0,0.0,0.5,1.0,0.8,0.0,0.0
dqn_control,444,-5.0,0.0,0.5,0.992,0.78,-0.06964009090454187,0.49
dqn_control,445,0.0,0.0,0.5,1.0,0.9,0.0,0.0
dqn_control,446,0.0,0.0,0.5,1.0,0.86,0.0,0.0
dqn_control,447,0.0,0.0,0.5,1.0,0.86,0.0,0.0
dqn_control,448,0.0,0.0,0.5,1.0,0.86,0.0,0.0
dqn_control,449,-5.0,0.0,0.5,0.992,0.9,-0.06964009090454187,0.2
dqn_control,450,0.0,0.0,0.5,1.0,0.86,0.0,0.0
dqn_control,451,0.0,0.0,0.5,1.0,0.86,0.0,0.0
dqn_control,452,0.0,0.0,0.5,1.0,0.9,0.0,0.0
dqn_control,453,0.0,0.0,0.5,1.0,0.88,0.0,0.0
dqn_control,454,-5.0,0.0,0.5,0.992,0.82,-0.06964009090454187,0.49
dqn_control,455,0.0,0.0,0.5,1.0,0.86,0.0,0.0
dqn_control,456,0.0,0.0,0.5,1.0,0.8,0.0,0.0
dqn_control,457,-5.0,0.0,0.5,0.992,0.82,-0.06964009090454187,0.17
dqn_control,458,0.0,0.0,0.5,1.0,0.86,0.0,0.0
dqn_control,459,0.0,0.0,0.5,1.0,0.84,0.0,0.0
dqn_control,460,0.0,0.0,0.5,1.0,0.78,0.0,0.0
dqn_control,461,0.0,0.0,0.5,1.0,0.98,0.0,0.0
dqn_control,462,-15.0,0.0,0.5,0.976,0.72,-0.20892027271362562,0.38
dqn_control,463,0.0,0.0,0.5,1.0,0.8,0.0,0.0
dqn_control,464,-20.0,1.0,0.5,1.0,0.76,-0.31650567987319056,0.12
dqn_control,465,-20.0,0.0,0.5,0.968,0.82,-0.2785603636181675,0.88
dqn_control,466,0.0,0.0,0.5,1.0,0.88,0.0,0.0
dqn_control,467,0.0,0.0,0.5,1.0,0.84,0.0,0.0
dqn_control,468,0.0,0.0,0.5,1.0,0.8,0.0,0.0
dqn_control,469,-5.0,0.0,0.5,0.992,0.88,-0.06964009090454187,0.22
dqn_control,470,0.0,0.0,0.5,1.0,0.86,0.0,0.0
dqn_control,471,0.0,0.0,0.5,1.0,0.76,0.0,0.0
dqn_control,472,-5.0,0.0,0.5,0.992,0.82,-0.06964009090454187,0.34
dqn_control,473,-5.0,0.0,0.5,0.992,0.86,-0.06964009090454187,0.21
dqn_control,474,0.0,0.0,0.5,1.0,0.86,0.0,0.0
dqn_control,475,0.0,0.0,0.5,1.0,0.78,0.0,0.0
dqn_control,476,0.0,0.0,0.5,1.0,0.84,0.0,0.0
dqn_control,477,0.0,0.0,0.5,1.0,0.82,0.0,0.0
dqn_control,478,-10.0,0.0,0.5,0.9840000000000001,0.88,-0.13928018180908375,0.33
dqn_control,479,0.0,0.0,0.5,1.0,0.9,0.0,0.0
dqn_control,480,0.0,0.0,0.5,1.0,0.88,0.0,0.0
dqn_control,481,0.0,0.0,0.5,1.0,0.84,0.0,0.0
dqn_control,482,0.0,0.0,0.5,1.0,0.8,0.0,0.0
dqn_control,483,0.0,0.0,0.5,1.0,0.84,0.0,0.0
dqn_control,484,0.0,0.0,0.5,1.0,0.86,0.0,0.0
dqn_control,485,90.0,0.0,0.5,1.0,0.8,0.0,0.66
dqn_control,486,-20.0,0.0,0.52,1.0,0.82,-0.31650567987319056,0.16
dqn_control,487,-20.0,0.0,0.52,1.0,0.74,-0.31650567987319056,0.4
dqn_control,488,0.0,0.0,0.5,1.0,0.84,0.0,0.0
dqn_control,489,0.0,0.0,0.5,1.0,0.84,0.0,0.0
dqn_control,490,0.0,0.0,0.5,1.0,0.92,0.0,0.0
dqn_control,491,-40.0,2.0,0.5,1.0,0.8,-0.6330113597463811,0.16
dqn_control,492,-55.0,2.0,0.51,0.992,0.74,-0.8609042905875183,1.46
dqn_control,493,-20.0,1.0,0.5,1.0,0.82,-0.31650567987319056,0.16
dqn_control,494,-5.0,0.0,0.5,0.992,0.88,-0.06964009090454187,0.47
dqn_control,495,-5.0,0.0,0.5,0.992,0.8,-0.06964009090454187,0.2
dqn_control,496,0.0,0.0,0.5,1.0,0.72,0.0,0.0
dqn_control,497,0.0,0.0,0.5,1.0,0.82,0.0,0.0
dqn_control,498,-5.0,0.0,0.5,0.992,0.86,-0.06964009090454187,0.32
dqn_control,499,120.0,0.0,0.5,1.0,0.76,0.0,1.08
dqn_control,500,0.0,0.0,0.5,1.0,0.9,0.0,0.0
dqn_control,501,0.0,0.0,0.5,1.0,0.84,0.0,0.0
dqn_control,502,0.0,0.0,0.5,1.0,0.88,0.0,0.0
dqn_control,503,0.0,0.0,0.5,1.0,0.9,0.0,0.0
dqn_control,504,0.0,0.0,0.5,1.0,0.82,0.0,0.0
dqn_control,505,0.0,0.0,0.5,1.0,0.86,0.0,0.0
dqn_control,506,420.0,0.0,0.5,1.0,0.86,0.0,12.18
dqn_control,507,150.0,0.0,0.5,1.0,0.84,0.0,1.65
dqn_control,508,-10.0,0.0,0.5,0.9840000000000001,0.8,-0.13928018180908375,0.81
dqn_control,509,0.0,0.0,0.5,1.0,0.84,0.0,0.0
dqn_control,510,0.0,0.0,0.5,1.0,0.86,0.0,0.0
dqn_control,511,60.0,0.0,0.5,1.0,0.82,0.0,1.26
dqn_control,512,0.0,0.0,0.5,1.0,0.86,0.0,0.0
dqn_control,513,0.0,0.0,0.5,1.0,0.76,0.0,0.0
dqn_control,514,0.0,0.0,0.5,1.0,0.92,0.0,0.0
dqn_control,515,-15.0,0.0,0.5,0.976,0.74,-0.20892027271362562,0.31
dqn_control,516,0.0,0.0,0.5,1.0,0.88,0.0,0.0
dqn_control,517,-10.0,0.0,0.5,0.9840000000000001,0.84,-0.13928018180908375,0.55
dqn_control,518,275.0,0.0,0.51,1.0,0.8,-0.15825283993659528,5.98
dqn_control,519,0.0,0.0,0.5,1.0,0.94,0.0,0.0
dqn_control,520,0.0,0.0,0.5,1.0,0.82,0.0,0.0
dqn_control,521,-5.0,0.0,0.5,0.992,0.8,-0.06964009090454187,0.17
dqn_control,522,-10.0,0.0,0.5,0.9840000000000001,0.8,-0.13928018180908375,0.36
dqn_control,523,0.0,0.0,0.5,1.0,0.84,0.0,0.0
dqn_control,524,0.0,0.0,0.5,1.0,0.9,0.0,0.0
dqn_control,525,0.0,0.0,0.5,1.0,0.9,0.0,0.0
dqn_control,526,-5.0,0.0,0.5,0.992,0.76,-0.06964009090454187,0.06
dqn_control,527,-10.0,0.0,0.5,0.9840000000000001,0.8,-0.13928018180908375,0.96
dqn_control,528,0.0,0.0,0.5,1.0,0.8,0.0,0.0
dqn_control,529,-5.0,0.0,0.5,0.992,0.86,-0.06964009090454187,0.25
dqn_control,530,-10.0,0.0,0.5,0.9840000000000001,0.9,-0.13928018180908375,0.83
dqn_control,531,-20.0,1.0,0.5,1.0,0.8,-0.31650567987319056,0.6
dqn_control,532,0.0,0.0,0.5,1.0,0.86,0.0,0.0
dqn_control,533,0.0,0.0,0.5,1.0,0.88,0.0,0.0
dqn_control,534,0.0,0.0,0.5,1.0,0.86,0.0,0.0
dqn_control,535,0.0,0.0,0.5,1.0,0.78,0.0,0.0
dqn_control,536,0.0,0.0,0.5,1.0,0.78,0.0,0.0
dqn_control,537,-20.0,1.0,0.5,1.0,0.86,-0.31650567987319056,0.6
dqn_control,538,-10.0,0.0,0.5,0.9840000000000001,0.82,-0.13928018180908375,0.06
dqn_control,539,-5.0,0.0,0.5,0.992,0.8,-0.06964009090454187,0.35
dqn_control,540,0.0,0.0,0.5,1.0,0.92,0.0,0.0
dqn_control,541,-20.0,0.0,0.5,0.968,0.8,-0.2785603636181675,0.7
dqn_control,542,0.0,0.0,0.5,1.0,0.84,0.0,0.0
dqn_control,543,0.0,0.0,0.5,1.0,0.92,0.0,0.0
dqn_control,544,0.0,0.0,0.5,1.0,0.86,0.0,0.0
dqn_control,545,45.0,0.0,0.5,1.0,0.84,0.0,0.3
dqn_control,546,-15.0,0.0,0.5,0.976,0.74,-0.20892027271362562,0.76
dqn_control,547,0.0,0.0,0.5,1.0,0.82,0.0,0.0
dqn_control,548,-10.0,0.0,0.5,0.9840000000000001,0.74,-0.13928018180908375,0.58
dqn_control,549,-5.0,0.0,0.5,0.992,0.9,-0.06964009090454187,0.09
dqn_control,550,0.0,0.0,0.5,1.0,0.82,0.0,0.0
dqn_control,551,-20.0,0.0,0.5,0.968,0.84,-0.2785603636181675,0.63
dqn_control,552,-5.0,0.0,0.5,0.992,0.78,-0.06964009090454187,0.15
dqn_control,553,0.0,0.0,0.5,1.0,0.86,0.0,0.0
dqn_control,554,-5.0,0.0,0.5,0.992,0.76,-0.06964009090454187,0.02
dqn_control,555,0.0,0.0,0.5,1.0,0.84,0.0,0.0
dqn_control,556,0.0,0.0,0.5,1.0,0.84,0.0,0.0
dqn_control,557,0.0,0.0,0.5,1.0,0.84,0.0,0.0
dqn_control,558,0.0,0.0,0.5,1.0,0.82,0.0,0.0
dqn_control,559,-5.0,0.0,0.5,0.992,0.86,-0.06964009090454187,0.12
dqn_control,560,-10.0,0.0,0.5,0.9840000000000001,0.82,-0.13928018180908375,0.51
dqn_control,561,-5.0,0.0,0.5,0.992,0.9,-0.06964009090454187,0.26
dqn_control,562,-5.0,0.0,0.5,0.992,0.8,-0.06964009090454187,0.42
dqn_control,563,0.0,0.0,0.5,1.0,0.82,0.0,0.0
dqn_control,564,105.0,0.0,0.5,1.0,0.76,0.0,0.87
dqn_control,565,-5.0,0.0,0.5,0.992,0.8,-0.06964009090454187,0.09
dqn_control,566,0.0,0.0,0.5,1.0,0.86,0.0,0.0
dqn_control,567,90.0,0.0,0.5,1.0,0.86,0.0,0.63
dqn_control,568,0.0,0.0,0.5,1.0,0.9,0.0,0.0
dqn_control,569,-5.0,0.0,0.5,0.992,0.86,-0.06964009090454187,0.08
dqn_control,570,-10.0,0.0,0.5,0.9840000000000001,0.74,-0.13928018180908375,0.47
dqn_control,571,0.0,0.0,0.5,1.0,0.84,0.0,0.0
dqn_control,572,-20.0,0.0,0.51,0.9840000000000001,0.76,-0.297533021745679,0.42
dqn_control,573,-10.0,0.0,0.5,0.9840000000000001,0.78,-0.13928018180908375,0.92
dqn_control,574,300.0,0.0,0.5,1.0,0.84,0.0,9.3
dqn_control,575,50.0,0.0,0.51,1.0,0.82,-0.15825283993659528,0.26
dqn_control,576,295.0,0.0,0.5,0.992,0.86,-0.06964009090454187,7.22
dqn_control,577,0.0,0.0,0.5,1.0,0.76,0.0,0.0
dqn_control,578,0.0,0.0,0.5,1.0,0.9,0.0,0.0
dqn_control,579,0.0,0.0,0.5,1.0,0.96,0.0,0.0
dqn_control,580,-5.0,0.0,0.5,0.992,0.84,-0.06964009090454187,0.35
dqn_control,581,0.0,0.0,0.5,1.0,0.74,0.0,0.0
dqn_control,582,0.0,0.0,0.5,1.0,0.98,0.0,0.0
dqn_control,583,0.0,0.0,0.5,1.0,0.82,0.0,0.0
dqn_control,584,-25.0,1.0,0.5,0.992,0.8,-0.38614577077773243,1.56
dqn_control,585,75.0,0.0,0.5,1.0,0.86,0.0,0.45
dqn_control,586,-30.0,1.0,0.51,1.0,0.8,-0.47475851980978584,0.22
dqn_control,587,0.0,0.0,0.5,1.0,0.88,0.0,0.0
dqn_control,588,75.0,0.0,0.5,1.0,0.8,0.0,0.9
dqn_control,589,0.0,0.0,0.5,1.0,0.92,0.0,0.0
dqn_control,590,-10.0,0.0,0.5,0.9840000000000001,0.82,-0.13928018180908375,0.31
dqn_control,591,0.0,0.0,0.5,1.0,0.78,0.0,0.0
dqn_control,592,165.0,0.0,0.5,1.0,0.86,0.0,2.64
dqn_control,593,-10.0,0.0,0.5,0.9840000000000001,0.78,-0.13928018180908375,0.49
dqn_control,594,-40.0,2.0,0.5,1.0,0.86,-0.6330113597463811,2.16
dqn_control,595,0.0,0.0,0.5,1.0,0.84,0.0,0.0
dqn_control,596,0.0,0.0,0.5,1.0,0.88,0.0,0.0
dqn_control,597,-20.0,0.0,0.52,1.0,0.9,-0.31650567987319056,0.64
dqn_control,598,0.0,0.0,0.5,1.0,0.92,0.0,0.0
dqn_control,599,0.0,0.0,0.5,1.0,0.86,0.0,0.0
dqn_control,600,0.0,0.0,0.5,1.0,0.86,0.0,0.0
dqn_control,601,0.0,0.0,0.5,1.0,0.82,0.0,0.0
dqn_control,602,0.0,0.0,0.5,1.0,0.88,0.0,0.0
dqn_control,603,-10.0,0.0,0.51,1.0,0.76,-0.15825283993659528,0.18
dqn_control,604,-5.0,0.0,0.5,0.992,0.68,-0.06964009090454187,0.49
dqn_control,605,0.0,0.0,0.5,1.0,0.86,0.0,0.0
dqn_control,606,0.0,0.0,0.5,1.0,0.86,0.0,0.0
dqn_control,607,0.0,0.0,0.5,1.0,0.8,0.0,0.0
dqn_control,608,-10.0,0.0,0.51,1.0,0.82,-0.15825283993659528,0.26
dqn_control,609,-10.0,0.0,0.51,1.0,0.76,-0.15825283993659528,0.04
dqn_control,610,0.0,0.0,0.5,1.0,0.88,0.0,0.0
dqn_control,611,0.0,0.0,0.5,1.0,0.8,0.0,0.0
dqn_control,612,-5.0,0.0,0.5,0.992,0.88,-0.06964009090454187,0.47
dqn_control,613,-5.0,0.0,0.5,0.992,0.86,-0.06964009090454187,0.18
dqn_control,614,5.0,0.0,0.51,1.0,0.84,-0.15825283993659528,0.35
dqn_control,615,-5.0,0.0,0.5,0.992,0.86,-0.06964009090454187,0.19
dqn_control,616,0.0,0.0,0.5,1.0,0.84,0.0,0.0
dqn_control,617,0.0,0.0,0.5,1.0,0.86,0.0,0.0
dqn_control,618,-5.0,0.0,0.5,0.992,0.86,-0.06964009090454187,0.09
dqn_control,619,225.0,0.0,0.5,1.0,0.84,0.0,4.05
dqn_control,620,0.0,0.0,0.5,1.0,0.88,0.0,0.0
dqn_control,621,-5.0,0.0,0.5,0.992,0.92,-0.06964009090454187,0.33
dqn_control,622,140.0,0.0,0.51,1.0,0.78,-0.15825283993659528,2.21
dqn_control,623,0.0,0.0,0.5,1.0,0.88,0.0,0.0
dqn_control,624,-15.0,0.0,0.5,0.976,0.7,-0.20892027271362562,0.25
dqn_control,625,-5.0,0.0,0.5,0.992,0.86,-0.06964009090454187,0.12
dqn_control,626,-5.0,0.0,0.5,0.992,0.86,-0.06964009090454187,0.34
dqn_control,627,-15.0,0.0,0.5,0.976,0.74,-0.20892027271362562,0.55
dqn_control,628,0.0,0.0,0.5,1.0,0.76,0.0,0.0
dqn_control,629,-5.0,0.0,0.5,0.992,0.76,-0.06964009090454187,0.36
dqn_control,630,0.0,0.0,0.5,1.0,0.88,0.0,0.0
dqn_control,631,-5.0,0.0,0.5,0.992,0.72,-0.06964009090454187,0.04
dqn_control,632,-10.0,0.0,0.51,1.0,0.88,-0.15825283993659528,0.04
dqn_control,633,-15.0,0.0,0.5,0.976,0.8,-0.20892027271362562,0.42
dqn_control,634,0.0,0.0,0.5,1.0,0.84,0.0,0.0
dqn_control,635,-15.0,0.0,0.5,0.976,0.78,-0.20892027271362562,0.65
dqn_control,636,205.0,0.0,0.5,0.992,0.84,-0.06964009090454187,3.43
dqn_control,637,0.0,0.0,0.5,1.0,0.84,0.0,0.0
dqn_control,638,-15.0,0.0,0.5,0.976,0.74,-0.20892027271362562,0.27
dqn_control,639,0.0,0.0,0.5,1.0,0.82,0.0,0.0
dqn_control,640,-5.0,0.0,0.5,0.992,0.84,-0.06964009090454187,0.47
dqn_control,641,135.0,0.0,0.51,0.992,0.82,-0.22789293084113715,4.04
dqn_control,642,0.0,0.0,0.5,1.0,0.9,0.0,0.0
dqn_control,643,-10.0,0.0,0.5,0.9840000000000001,0.8,-0.13928018180908375,0.32
dqn_control,644,0.0,0.0,0.5,1.0,0.94,0.0,0.0
dqn_control,645,0.0,0.0,0.5,1.0,0.78,0.0,0.0
dqn_control,646,-5.0,0.0,0.5,0.992,0.78,-0.06964009090454187,0.12
dqn_control,647,0.0,0.0,0.5,1.0,0.88,0.0,0.0
dqn_control,648,0.0,0.0,0.5,1.0,0.78,0.0,0.0
dqn_control,649,-10.0,0.0,0.5,0.9840000000000001,0.8,-0.13928018180908375,0.18
dqn_control,650,0.0,0.0,0.5,1.0,0.9,0.0,0.0
dqn_control,651,0.0,0.0,0.5,1.0,0.86,0.0,0.0
dqn_control,652,-5.0,0.0,0.5,0.992,0.8,-0.06964009090454187,0.24
dqn_control,653,0.0,0.0,0.5,1.0,0.88,0.0,0.0
dqn_control,654,0.0,0.0,0.5,1.0,0.8,0.0,0.0
dqn_control,655,0.0,0.0,0.5,1.0,0.82,0.0,0.0
dqn_control,656,-40.0,2.0,0.5,1.0,0.82,-0.6330113597463811,0.24
dqn_control,657,0.0,0.0,0.5,1.0,0.78,0.0,0.0
dqn_control,658,45.0,0.0,0.5,1.0,0.82,0.0,1.44
dqn_control,659,-25.0,1.0,0.5,0.992,0.78,-0.38614577077773243,0.57
dqn_control,660,-20.0,1.0,0.5,1.0,0.8,-0.31650567987319056,0.04
dqn_control,661,0.0,0.0,0.5,1.0,0.8,0.0,0.0
dqn_control,662,0.0,0.0,0.5,1.0,0.9,0.0,0.0
dqn_control,663,210.0,0.0,0.5,1.0,0.8,0.0,3.45
dqn_control,664,45.0,0.0,0.5,1.0,0.84,0.0,0.42
dqn_control,665,0.0,0.0,0.5,1.0,0.8,0.0,0.0
dqn_control,666,-20.0,1.0,0.5,1.0,0.84,-0.31650567987319056,0.32
dqn_control,667,-20.0,0.0,0.5,0.968,0.78,-0.2785603636181675,1.04
dqn_control,668,0.0,0.0,0.5,1.0,0.84,0.0,0.0
dqn_control,669,-5.0,0.0,0.5,0.992,0.8,-0.06964009090454187,0.34
dqn_control,670,0.0,0.0,0.5,1.0,0.86,0.0,0.0
dqn_control,671,-10.0,0.0,0.5,0.9840000000000001,0.86,-0.13928018180908375,0.39
dqn_control,672,0.0,0.0,0.5,1.0,0.86,0.0,0.0
dqn_control,673,-10.0,0.0,0.51,1.0,0.78,-0.15825283993659528,0.04
dqn_control,674,0.0,0.0,0.5,1.0,0.82,0.0,0.0
dqn_control,675,-5.0,0.0,0.5,0.992,0.86,-0.06964009090454187,0.3
dqn_control,676,0.0,0.0,0.5,1.0,0.92,0.0,0.0
dqn_control,677,-10.0,0.0,0.5,0.9840000000000001,0.84,-0.13928018180908375,0.77
dqn_control,678,445.0,0.0,0.5,0.992,0.84,-0.06964009090454187,16.31
dqn_control,679,75.0,0.0,0.5,1.0,0.84,0.0,1.2
dqn_control,680,0.0,0.0,0.5,1.0,0.88,0.0,0.0
dqn_control,681,0.0,0.0,0.5,1.0,0.78,0.0,0.0
dqn_control,682,0.0,0.0,0.5,1.0,0.88,0.0,0.0
dqn_control,683,0.0,0.0,0.5,1.0,0.84,0.0,0.0
dqn_control,684,0.0,0.0,0.5,1.0,0.96,0.0,0.0
dqn_control,685,-10.0,0.0,0.5,0.9840000000000001,0.86,-0.13928018180908375,0.62
dqn_control,686,-5.0,0.0,0.5,0.992,0.78,-0.06964009090454187,0.06
dqn_control,687,0.0,0.0,0.5,1.0,0.88,0.0,0.0
dqn_control,688,0.0,0.0,0.5,1.0,0.88,0.0,0.0
dqn_control,689,-10.0,0.0,0.5,0.9840000000000001,0.9,-0.13928018180908375,0.45
dqn_control,690,-40.0,2.0,0.5,1.0,0.8,-0.6330113597463811,1.04
dqn_control,691,0.0,0.0,0.5,1.0,0.82,0.0,0.0
dqn_control,692,0.0,0.0,0.5,1.0,0.88,0.0,0.0
dqn_control,693,0.0,0.0,0.5,1.0,0.9,0.0,0.0
dqn_control,694,0.0,0.0,0.5,1.0,0.78,0.0,0.0
dqn_control,695,0.0,0.0,0.5,1.0,0.9,0.0,0.0
dqn_control,696,0.0,0.0,0.5,1.0,0.86,0.0,0.0
dqn_control,697,-5.0,0.0,0.5,0.992,0.84,-0.06964009090454187,0.34
dqn_control,698,-45.0,2.0,0.5,0.992,0.78,-0.7026514506509229,0.47
dqn_control,699,0.0,0.0,0.5,1.0,0.8,0.0,0.0
dqn_control,700,-10.0,0.0,0.5,0.9840000000000001,0.78,-0.13928018180908375,0.6
dqn_control,701,-5.0,0.0,0.5,0.992,0.82,-0.06964009090454187,0.32
dqn_control,702,15.0,0.0,0.5,1.0,0.74,0.0,0.03
dqn_control,703,0.0,0.0,0.5,1.0,0.98,0.0,0.0
dqn_control,704,0.0,0.0,0.5,1.0,0.82,0.0,0.0
dqn_control,705,-20.0,1.0,0.5,1.0,0.8,-0.31650567987319056,0.6
dqn_control,706,-10.0,0.0,0.5,0.9840000000000001,0.88,-0.13928018180908375,0.71
dqn_control,707,-10.0,0.0,0.5,0.9840000000000001,0.8,-0.13928018180908375,0.28
dqn_control,708,0.0,0.0,0.5,1.0,0.84,0.0,0.0
dqn_control,709,145.0,0.0,0.5,0.992,0.88,-0.06964009090454187,1.94
dqn_control,710,-5.0,0.0,0.5,0.992,0.84,-0.06964009090454187,0.11
dqn_control,711,-5.0,0.0,0.5,0.992,0.78,-0.06964009090454187,0.49
dqn_control,712,0.0,0.0,0.5,1.0,0.88,0.0,0.0
dqn_control,713,0.0,0.0,0.5,1.0,0.78,0.0,0.0
dqn_control,714,0.0,0.0,0.5,1.0,0.88,0.0,0.0
dqn_control,715,0.0,0.0,0.5,1.0,0.9,0.0,0.0
dqn_control,716,0.0,0.0,0.5,1.0,0.78,0.0,0.0
dqn_control,717,0.0,0.0,0.5,1.0,0.88,0.0,0.0
dqn_control,718,-10.0,0.0,0.51,1.0,0.88,-0.15825283993659528,0.3
dqn_control,719,150.0,0.0,0.5,1.0,0.8,0.0,1.92
dqn_control,720,0.0,0.0,0.5,1.0,0.82,0.0,0.0
dqn_control,721,-5.0,0.0,0.5,0.992,0.82,-0.06964009090454187,0.49
dqn_control,722,-5.0,0.0,0.5,0.992,0.86,-0.06964009090454187,0.49
dqn_control,723,-5.0,0.0,0.5,0.992,0.86,-0.06964009090454187,0.18
dqn_control,724,-5.0,0.0,0.5,0.992,0.78,-0.06964009090454187,0.17
dqn_control,725,-10.0,0.0,0.5,0.9840000000000001,0.88,-0.13928018180908375,0.48
dqn_control,726,0.0,0.0,0.5,1.0,0.84,0.0,0.0
dqn_control,727,0.0,0.0,0.5,1.0,0.94,0.0,0.0
dqn_control,728,-5.0,0.0,0.5,0.992,0.84,-0.06964009090454187,0.4
dqn_control,729,-30.0,1.0,0.51,1.0,0.84,-0.47475851980978584,1.12
dqn_control,730,-5.0,0.0,0.5,0.992,0.84,-0.06964009090454187,0.49
dqn_control,731,0.0,0.0,0.5,1.0,0.78,0.0,0.0
dqn_control,732,-10.0,0.0,0.5,0.9840000000000001,0.8,-0.13928018180908375,0.1
dqn_control,733,110.0,0.0,0.51,1.0,0.78,-0.15825283993659528,1.76
dqn_control,734,0.0,0.0,0.5,1.0,0.84,0.0,0.0
dqn_control,735,-5.0,0.0,0.5,0.992,0.76,-0.06964009090454187,0.27
dqn_control,736,0.0,0.0,0.5,1.0,0.8,0.0,0.0
dqn_control,737,0.0,0.0,0.5,1.0,0.8,0.0,0.0
dqn_control,738,75.0,0.0,0.5,1.0,0.9,0.0,1.35
dqn_control,739,0.0,0.0,0.5,1.0,0.86,0.0,0.0
dqn_control,740,0.0,0.0,0.5,1.0,0.9,0.0,0.0
dqn_control,741,0.0,0.0,0.5,1.0,0.88,0.0,0.0
dqn_control,742,-10.0,0.0,0.5,0.9840000000000001,0.86,-0.13928018180908375,0.44
dqn_control,743,-10.0,0.0,0.5,0.9840000000000001,0.72,-0.13928018180908375,0.14
dqn_control,744,195.0,0.0,0.5,1.0,0.82,0.0,3.18
dqn_control,745,0.0,0.0,0.5,1.0,0.9,0.0,0.0
dqn_control,746,-5.0,0.0,0.5,0.992,0.86,-0.06964009090454187,0.14
dqn_control,747,0.0,0.0,0.5,1.0,0.86,0.0,0.0
dqn_control,748,0.0,0.0,0.5,1.0,0.84,0.0,0.0
dqn_control,749,0.0,0.0,0.5,1.0,0.82,0.0,0.0
dqn_control,750,0.0,0.0,0.5,1.0,0.78,0.0,0.0
dqn_control,751,0.0,0.0,0.5,1.0,0.88,0.0,0.0
dqn_control,752,0.0,0.0,0.5,1.0,0.8,0.0,0.0
dqn_control,753,0.0,0.0,0.5,1.0,0.98,0.0,0.0
dqn_control,754,0.0,0.0,0.5,1.0,0.8,0.0,0.0
dqn_control,755,0.0,0.0,0.5,1.0,0.86,0.0,0.0
dqn_control,756,-5.0,0.0,0.5,0.992,0.82,-0.06964009090454187,0.22
dqn_control,757,0.0,0.0,0.5,1.0,0.96,0.0,0.0
dqn_control,758,0.0,0.0,0.5,1.0,0.86,0.0,0.0
dqn_control,759,50.0,0.0,0.51,1.0,0.78,-0.15825283993659528,0.52
dqn_control,760,-20.0,1.0,0.5,1.0,0.72,-0.31650567987319056,1.28
dqn_control,761,-5.0,0.0,0.5,0.992,0.84,-0.06964009090454187,0.49
dqn_control,762,30.0,0.0,0.5,1.0,0.78,0.0,0.09
dqn_control,763,0.0,0.0,0.5,1.0,0.88,0.0,0.0
dqn_control,764,-5.0,0.0,0.5,0.992,0.86,-0.06964009090454187,0.49
dqn_control,765,-5.0,0.0,0.5,0.992,0.8,-0.06964009090454187,0.08
dqn_control,766,0.0,0.0,0.5,1.0,0.88,0.0,0.0
dqn_control,767,-15.0,0.0,0.5,0.976,0.82,-0.20892027271362562,1.14
dqn_control,768,0.0,0.0,0.5,1.0,0.84,0.0,0.0
dqn_control,769,0.0,0.0,0.5,1.0,0.88,0.0,0.0
dqn_control,770,0.0,0.0,0.5,1.0,0.9,0.0,0.0
dqn_control,771,0.0,0.0,0.5,1.0,0.86,0.0,0.0
dqn_control,772,-5.0,0.0,0.5,0.992,0.84,-0.06964009090454187,0.41
dqn_control,773,-10.0,0.0,0.5,0.9840000000000001,0.82,-0.13928018180908375,0.4
dqn_control,774,0.0,0.0,0.5,1.0,0.88,0.0,0.0
dqn_control,775,0.0,0.0,0.5,1.0,0.92,0.0,0.0
dqn_control,776,0.0,0.0,0.5,1.0,0.84,0.0,0.0
dqn_control,777,-10.0,0.0,0.51,1.0,0.72,-0.15825283993659528,0.02
dqn_control,778,205.0,0.0,0.5,0.992,0.88,-0.06964009090454187,3.52
dqn_control,779,0.0,0.0,0.5,1.0,0.9,0.0,0.0
dqn_control,780,0.0,0.0,0.5,1.0,0.8,0.0,0.0
dqn_control,781,-5.0,0.0,0.5,0.992,0.78,-0.06964009090454187,0.1
dqn_control,782,0.0,0.0,0.5,1.0,0.88,0.0,0.0
dqn_control,783,-10.0,0.0,0.5,0.9840000000000001,0.76,-0.13928018180908375,0.18
dqn_control,784,0.0,0.0,0.5,1.0,0.96,0.0,0.0
dqn_control,785,-10.0,0.0,0.51,1.0,0.84,-0.15825283993659528,0.06
dqn_control,786,0.0,0.0,0.5,1.0,0.82,0.0,0.0
dqn_control,787,0.0,0.0,0.5,1.0,0.82,0.0,0.0
dqn_control,788,-10.0,0.0,0.5,0.9840000000000001,0.84,-0.13928018180908375,0.08
dqn_control,789,0.0,0.0,0.5,1.0,0.9,0.0,0.0
dqn_control,790,0.0,0.0,0.5,1.0,0.8,0.0,0.0
dqn_control,791,-10.0,0.0,0.5,0.9840000000000001,0.86,-0.13928018180908375,0.23
dqn_control,792,0.0,0.0,0.5,1.0,0.88,0.0,0.0
dqn_control,793,-5.0,0.0,0.5,0.992,0.88,-0.06964009090454187,0.12
dqn_control,794,-5.0,0.0,0.5,0.992,0.78,-0.06964009090454187,0.05
dqn_control,795,0.0,0.0,0.5,1.0,0.68,0.0,0.0
dqn_control,796,0.0,0.0,0.5,1.0,0.74,0.0,0.0
dqn_control,797,-5.0,0.0,0.5,0.992,0.84,-0.06964009090454187,0.43
dqn_control,798,-5.0,0.0,0.5,0.992,0.88,-0.06964009090454187,0.49
dqn_control,799,-10.0,0.0,0.5,0.9840000000000001,0.88,-0.13928018180908375,0.73
dqn_control,800,90.0,0.0,0.5,1.0,0.9,0.0,0.63
dqn_control,801,0.0,0.0,0.5,1.0,0.82,0.0,0.0
dqn_control,802,210.0,0.0,0.5,1.0,0.96,0.0,3.15
dqn_control,803,105.0,0.0,0.5,1.0,0.88,0.0,0.84
dqn_control,804,30.0,0.0,0.5,1.0,0.88,0.0,0.09
dqn_control,805,0.0,0.0,0.5,1.0,0.88,0.0,0.0
dqn_control,806,-5.0,0.0,0.5,0.992,0.72,-0.06964009090454187,0.42
dqn_control,807,0.0,0.0,0.5,1.0,0.76,0.0,0.0
dqn_control,808,0.0,0.0,0.5,1.0,0.86,0.0,0.0
dqn_control,809,0.0,0.0,0.5,1.0,0.84,0.0,0.0
dqn_control,810,-10.0,0.0,0.5,0.9840000000000001,0.7,-0.13928018180908375,0.39
dqn_control,811,0.0,0.0,0.5,1.0,0.84,0.0,0.0
dqn_control,812,0.0,0.0,0.5,1.0,0.84,0.0,0.0
dqn_control,813,-10.0,0.0,0.5,0.9840000000000001,0.86,-0.13928018180908375,0.96
dqn_control,814,255.0,0.0,0.5,1.0,0.82,0.0,4.86
dqn_control,815,0.0,0.0,0.5,1.0,0.8,0.0,0.0
dqn_control,816,-10.0,0.0,0.5,0.9840000000000001,0.86,-0.13928018180908375,0.4
dqn_control,817,-20.0,1.0,0.5,1.0,0.84,-0.31650567987319056,0.28
dqn_control,818,0.0,0.0,0.5,1.0,0.84,0.0,0.0
dqn_control,819,0.0,0.0,0.5,1.0,0.82,0.0,0.0
dqn_control,820,-10.0,0.0,0.5,0.9840000000000001,0.92,-0.13928018180908375,0.52
dqn_control,821,-10.0,0.0,0.5,0.9840000000000001,0.82,-0.13928018180908375,0.22
dqn_control,822,-10.0,0.0,0.5,0.9840000000000001,0.84,-0.13928018180908375,0.38
dqn_control,823,30.0,0.0,0.5,1.0,0.82,0.0,0.09
dqn_control,824,0.0,0.0,0.5,1.0,0.86,0.0,0.0
dqn_control,825,-20.0,0.0,0.5,0.968,0.76,-0.2785603636181675,1.15
dqn_control,826,0.0,0.0,0.5,1.0,0.86,0.0,0.0
dqn_control,827,0.0,0.0,0.5,1.0,0.82,0.0,0.0
dqn_control,828,-5.0,0.0,0.5,0.992,0.82,-0.06964009090454187,0.05
dqn_control,829,0.0,0.0,0.5,1.0,0.88,0.0,0.0
dqn_control,830,0.0,0.0,0.5,1.0,0.74,0.0,0.0
dqn_control,831,50.0,0.0,0.51,1.0,0.8,-0.15825283993659528,0.28
dqn_control,832,0.0,0.0,0.5,1.0,0.86,0.0,0.0
dqn_control,833,-5.0,0.0,0.5,0.992,0.92,-0.06964009090454187,0.1
dqn_control,834,0.0,0.0,0.5,1.0,0.78,0.0,0.0
dqn_control,835,0.0,0.0,0.5,1.0,0.86,0.0,0.0
dqn_control,836,-5.0,0.0,0.5,0.992,0.86,-0.06964009090454187,0.49
dqn_control,837,-15.0,0.0,0.5,0.9760000000000001,0.86,-0.20892027271362562,0.14
dqn_control,838,0.0,0.0,0.5,1.0,0.88,0.0,0.0
dqn_control,839,-5.0,0.0,0.5,0.992,0.74,-0.06964009090454187,0.39
dqn_control,840,0.0,0.0,0.5,1.0,0.88,0.0,0.0
dqn_control,841,0.0,0.0,0.5,1.0,0.8,0.0,0.0
dqn_control,842,0.0,0.0,0.5,1.0,0.86,0.0,0.0
dqn_control,843,-15.0,0.0,0.5,0.976,0.78,-0.20892027271362562,0.48
dqn_control,844,65.0,0.0,0.51,1.0,0.82,-0.15825283993659528,1.38
dqn_control,845,0.0,0.0,0.5,1.0,0.92,0.0,0.0
dqn_control,846,-20.0,1.0,0.5,1.0,0.82,-0.31650567987319056,0.2
dqn_control,847,0.0,0.0,0.5,1.0,0.9,0.0,0.0
dqn_control,848,105.0,0.0,0.5,1.0,0.8,0.0,1.02
dqn_control,849,5.0,0.0,0.51,1.0,0.86,-0.15825283993659528,0.13
dqn_control,850,0.0,0.0,0.5,1.0,0.88,0.0,0.0
dqn_control,851,-15.0,0.0,0.5,0.976,0.82,-0.20892027271362562,0.73
dqn_control,852,0.0,0.0,0.5,1.0,0.88,0.0,0.0
dqn_control,853,0.0,0.0,0.5,1.0,0.84,0.0,0.0
dqn_control,854,180.0,0.0,0.5,1.0,0.8,0.0,2.67
dqn_control,855,0.0,0.0,0.5,1.0,0.74,0.0,0.0
dqn_control,856,0.0,0.0,0.5,1.0,0.82,0.0,0.0
dqn_control,857,-5.0,0.0,0.5,0.992,0.82,-0.06964009090454187,0.49
dqn_control,858,155.0,0.0,0.51,1.0,0.8,-0.15825283993659528,3.72
dqn_control,859,0.0,0.0,0.5,1.0,0.86,0.0,0.0
dqn_control,860,-10.0,0.0,0.5,0.9840000000000001,0.72,-0.13928018180908375,0.15
dqn_control,861,-20.0,1.0,0.5,1.0,0.86,-0.31650567987319056,0.64
dqn_control,862,0.0,0.0,0.5,1.0,0.84,0.0,0.0
dqn_control,863,15.0,0.0,0.5,1.0,0.78,0.0,0.03
dqn_control,864,-20.0,0.0,0.52,1.0,0.72,-0.31650567987319056,0.48
dqn_control,865,0.0,0.0,0.5,1.0,0.84,0.0,0.0
dqn_control,866,-20.0,0.0,0.51,0.9840000000000001,0.78,-0.29753302174567897,1.06
dqn_control,867,-5.0,0.0,0.5,0.992,0.84,-0.06964009090454187,0.25
dqn_control,868,0.0,0.0,0.5,1.0,0.84,0.0,0.0
dqn_control,869,80.0,0.0,0.51,1.0,0.82,-0.15825283993659528,0.59
dqn_control,870,0.0,0.0,0.5,1.0,0.82,0.0,0.0
dqn_control,871,-10.0,0.0,0.51,1.0,0.9,-0.15825283993659528,0.22
dqn_control,872,0.0,0.0,0.5,1.0,0.92,0.0,0.0
dqn_control,873,0.0,0.0,0.5,1.0,0.82,0.0,0.0
dqn_control,874,-30.0,1.0,0.51,1.0,0.8,-0.47475851980978584,2.66
dqn_control,875,-10.0,0.0,0.51,1.0,0.82,-0.15825283993659528,0.02
dqn_control,876,0.0,0.0,0.5,1.0,0.76,0.0,0.0
dqn_control,877,-5.0,0.0,0.5,0.992,0.88,-0.06964009090454187,0.15
dqn_control,878,-5.0,0.0,0.5,0.992,0.84,-0.06964009090454187,0.47
dqn_control,879,0.0,0.0,0.5,1.0,0.88,0.0,0.0
dqn_control,880,0.0,0.0,0.5,1.0,0.84,0.0,0.0
dqn_control,881,-40.0,2.0,0.5,1.0,0.82,-0.6330113597463811,0.24
dqn_control,882,-10.0,0.0,0.5,0.9840000000000001,0.82,-0.13928018180908375,0.26
dqn_control,883,-10.0,0.0,0.51,1.0,0.78,-0.15825283993659528,0.5
dqn_control,884,0.0,0.0,0.5,1.0,0.92,0.0,0.0
dqn_control,885,-10.0,0.0,0.51,1.0,0.84,-0.15825283993659528,0.4
dqn_control,886,0.0,0.0,0.5,1.0,0.8,0.0,0.0
dqn_control,887,55.0,0.0,0.52,1.0,0.78,-0.31650567987319056,0.98
dqn_control,888,0.0,0.0,0.5,1.0,0.86,0.0,0.0
dqn_control,889,0.0,0.0,0.5,1.0,0.74,0.0,0.0
dqn_control,890,-10.0,0.0,0.5,0.9840000000000001,0.88,-0.13928018180908375,0.58
dqn_control,891,-60.0,3.0,0.5,1.0,0.76,-0.9495170396195717,3.96
dqn_control,892,0.0,0.0,0.5,1.0,0.84,0.0,0.0
dqn_control,893,-5.0,0.0,0.5,0.992,0.82,-0.06964009090454187,0.03
dqn_control,894,-10.0,0.0,0.5,0.9840000000000001,0.82,-0.13928018180908375,0.39
dqn_control,895,-5.0,0.0,0.5,0.992,0.8,-0.06964009090454187,0.47
dqn_control,896,0.0,0.0,0.5,1.0,0.9,0.0,0.0
dqn_control,897,0.0,0.0,0.5,1.0,0.84,0.0,0.0
dqn_control,898,-15.0,0.0,0.5,0.976,0.78,-0.20892027271362562,0.71
dqn_control,899,-10.0,0.0,0.5,0.9840000000000001,0.78,-0.13928018180908375,0.4
dqn_control,900,0.0,0.0,0.5,1.0,0.84,0.0,0.0
dqn_control,901,345.0,0.0,0.5,1.0,0.82,0.0,9.36
dqn_control,902,-5.0,0.0,0.5,0.992,0.82,-0.06964009090454187,0.46
dqn_control,903,0.0,0.0,0.5,1.0,0.84,0.0,0.0
dqn_control,904,0.0,0.0,0.5,1.0,0.86,0.0,0.0
dqn_control,905,0.0,0.0,0.5,1.0,0.8,0.0,0.0
dqn_control,906,0.0,0.0,0.5,1.0,0.96,0.0,0.0
dqn_control,907,0.0,0.0,0.5,1.0,0.88,0.0,0.0
dqn_control,908,0.0,0.0,0.5,1.0,0.92,0.0,0.0
dqn_control,909,0.0,0.0,0.5,1.0,0.78,0.0,0.0
dqn_control,910,0.0,0.0,0.5,1.0,0.92,0.0,0.0
dqn_control,911,0.0,0.0,0.5,1.0,0.86,0.0,0.0
dqn_control,912,0.0,0.0,0.5,1.0,0.84,0.0,0.0
dqn_control,913,-10.0,0.0,0.51,1.0,0.78,-0.15825283993659528,0.24
dqn_control,914,-5.0,0.0,0.5,0.992,0.72,-0.06964009090454187,0.13
dqn_control,915,-5.0,0.0,0.5,0.992,0.78,-0.06964009090454187,0.08
dqn_control,916,0.0,0.0,0.5,1.0,0.84,0.0,0.0
dqn_control,917,0.0,0.0,0.5,1.0,0.88,0.0,0.0
dqn_control,918,0.0,0.0,0.5,1.0,0.8,0.0,0.0
dqn_control,919,-10.0,0.0,0.5,0.9840000000000001,0.84,-0.13928018180908375,0.32
dqn_control,920,0.0,0.0,0.5,1.0,0.86,0.0,0.0
dqn_control,921,-10.0,0.0,0.5,0.9840000000000001,0.78,-0.13928018180908375,0.1
dqn_control,922,-5.0,0.0,0.5,0.992,0.84,-0.06964009090454187,0.07
dqn_control,923,70.0,0.0,0.5,0.992,0.84,-0.06964009090454187,0.83
dqn_control,924,-45.0,2.0,0.5,0.992,0.78,-0.7026514506509229,0.66
dqn_control,925,0.0,0.0,0.5,1.0,0.9,0.0,0.0
dqn_control,926,0.0,0.0,0.5,1.0,0.82,0.0,0.0
dqn_control,927,0.0,0.0,0.5,1.0,0.88,0.0,0.0
dqn_control,928,0.0,0.0,0.5,1.0,0.86,0.0,0.0
dqn_control,929,0.0,0.0,0.5,1.0,0.8,0.0,0.0
dqn_control,930,0.0,0.0,0.5,1.0,0.8,0.0,0.0
dqn_control,931,-30.0,0.0,0.53,1.0,0.84,-0.47475851980978584,0.7
dqn_control,932,-5.0,0.0,0.5,0.992,0.8,-0.06964009090454187,0.39
dqn_control,933,-15.0,0.0,0.5,0.976,0.8,-0.20892027271362562,0.54
dqn_control,934,-5.0,0.0,0.5,0.992,0.76,-0.06964009090454187,0.43
dqn_control,935,0.0,0.0,0.5,1.0,0.92,0.0,0.0
dqn_control,936,75.0,0.0,0.5,1.0,0.86,0.0,1.95
dqn_control,937,0.0,0.0,0.5,1.0,0.84,0.0,0.0
dqn_control,938,-40.0,2.0,0.5,1.0,0.82,-0.6330113597463811,1.12
dqn_control,939,-25.0,1.0,0.5,0.992,0.76,-0.38614577077773243,0.48
dqn_control,940,-5.0,0.0,0.5,0.992,0.8,-0.06964009090454187,0.19
dqn_control,941,-20.0,1.0,0.5,1.0,0.82,-0.31650567987319056,0.6
dqn_control,942,-10.0,0.0,0.51,1.0,0.88,-0.15825283993659528,0.08
dqn_control,943,0.0,0.0,0.5,1.0,0.72,0.0,0.0
dqn_control,944,195.0,0.0,0.5,1.0,0.84,0.0,2.73
dqn_control,945,0.0,0.0,0.5,1.0,0.9,0.0,0.0
dqn_control,946,-5.0,0.0,0.5,0.992,0.88,-0.06964009090454187,0.18
dqn_control,947,0.0,0.0,0.5,1.0,0.76,0.0,0.0
dqn_control,948,0.0,0.0,0.5,1.0,0.74,0.0,0.0
dqn_control,949,180.0,0.0,0.5,1.0,0.88,0.0,2.34
dqn_control,950,-5.0,0.0,0.5,0.992,0.76,-0.06964009090454187,0.49
dqn_control,951,90.0,0.0,0.5,1.0,0.8,0.0,0.81
dqn_control,952,0.0,0.0,0.5,1.0,0.88,0.0,0.0
dqn_control,953,0.0,0.0,0.5,1.0,0.78,0.0,0.0
dqn_control,954,0.0,0.0,0.5,1.0,0.84,0.0,0.0
dqn_control,955,-5.0,0.0,0.5,0.992,0.8,-0.06964009090454187,0.18
dqn_control,956,-10.0,0.0,0.5,0.9840000000000001,0.8,-0.13928018180908375,0.72
dqn_control,957,-10.0,0.0,0.5,0.9840000000000001,0.84,-0.13928018180908375,0.44
dqn_control,958,-20.0,0.0,0.52,1.0,0.88,-0.31650567987319056,0.5
dqn_control,959,150.0,0.0,0.5,1.0,0.84,0.0,1.8
dqn_control,960,-10.0,0.0,0.5,0.9840000000000001,0.8,-0.13928018180908375,0.69
dqn_control,961,0.0,0.0,0.5,1.0,0.86,0.0,0.0
dqn_control,962,255.0,0.0,0.5,1.0,0.86,0.0,10.2
dqn_control,963,-20.0,0.0,0.5,0.968,0.88,-0.2785603636181675,0.8
dqn_control,964,0.0,0.0,0.5,1.0,0.94,0.0,0.0
dqn_control,965,20.0,0.0,0.51,1.0,0.86,-0.15825283993659528,0.09
dqn_control,966,0.0,0.0,0.5,1.0,0.78,0.0,0.0
dqn_control,967,0.0,0.0,0.5,1.0,0.84,0.0,0.0
dqn_control,968,0.0,0.0,0.5,1.0,0.76,0.0,0.0
dqn_control,969,0.0,0.0,0.5,1.0,0.86,0.0,0.0
dqn_control,970,-5.0,0.0,0.5,0.992,0.86,-0.06964009090454187,0.27
dqn_control,971,0.0,0.0,0.5,1.0,0.92,0.0,0.0
dqn_control,972,0.0,0.0,0.5,1.0,0.86,0.0,0.0
dqn_control,973,105.0,0.0,0.5,1.0,0.82,0.0,0.84
dqn_control,974,-5.0,0.0,0.5,0.992,0.78,-0.06964009090454187,0.35
dqn_control,975,0.0,0.0,0.5,1.0,0.84,0.0,0.0
dqn_control,976,120.0,0.0,0.5,1.0,0.84,0.0,1.32
dqn_control,977,-10.0,0.0,0.5,0.9840000000000001,0.86,-0.13928018180908375,0.41
dqn_control,978,-5.0,0.0,0.5,0.992,0.84,-0.06964009090454187,0.11
dqn_control,979,-5.0,0.0,0.5,0.992,0.82,-0.06964009090454187,0.1
dqn_control,980,5.0,0.0,0.51,1.0,0.82,-0.15825283993659528,0.37
dqn_control,981,-5.0,0.0,0.5,0.992,0.82,-0.06964009090454187,0.31
dqn_control,982,0.0,0.0,0.5,1.0,0.92,0.0,0.0
dqn_control,983,0.0,0.0,0.5,1.0,0.84,0.0,0.0
dqn_control,984,-40.0,2.0,0.5,1.0,0.76,-0.6330113597463811,0.16
dqn_control,985,0.0,0.0,0.5,1.0,0.84,0.0,0.0
dqn_control,986,-65.0,3.0,0.5,0.992,0.74,-1.0191571305241134,1.12
dqn_control,987,-10.0,0.0,0.51,1.0,0.8,-0.15825283993659528,0.18
dqn_control,988,0.0,0.0,0.5,1.0,0.82,0.0,0.0
dqn_control,989,0.0,0.0,0.5,1.0,0.9,0.0,0.0
dqn_control,990,-5.0,0.0,0.5,0.992,0.76,-0.06964009090454187,0.34
dqn_control,991,0.0,0.0,0.5,1.0,0.8,0.0,0.0
dqn_control,992,0.0,0.0,0.5,1.0,0.84,0.0,0.0
dqn_control,993,0.0,0.0,0.5,1.0,0.88,0.0,0.0
dqn_control,994,0.0,0.0,0.5,1.0,0.86,0.0,0.0
dqn_control,995,0.0,0.0,0.5,1.0,0.8,0.0,0.0
dqn_control,996,300.0,0.0,0.5,1.0,0.82,0.0,6.87
dqn_control,997,0.0,0.0,0.5,1.0,0.78,0.0,0.0
dqn_control,998,0.0,0.0,0.5,1.0,0.76,0.0,0.0
dqn_control,999,-15.0,0.0,0.5,0.976,0.74,-0.20892027271362562,1.07
dqn_control,1000,-10.0,0.0,0.5,0.9840000000000001,0.84,-0.13928018180908375,0.64
dqn_control,1001,210.0,0.0,0.5,1.0,0.8,0.0,3.15
dqn_control,1002,-25.0,1.0,0.5,0.992,0.78,-0.38614577077773243,2.37
dqn_control,1003,-5.0,0.0,0.5,0.992,0.76,-0.06964009090454187,0.06
dqn_control,1004,-25.0,0.0,0.5,0.96,0.8,-0.3482004545227093,0.97
dqn_control,1005,0.0,0.0,0.5,1.0,0.78,0.0,0.0
dqn_control,1006,0.0,0.0,0.5,1.0,0.9,0.0,0.0
dqn_control,1007,15.0,0.0,0.5,1.0,0.9,0.0,0.3
dqn_control,1008,-15.0,0.0,0.5,0.976,0.74,-0.20892027271362562,1.1
dqn_control,1009,0.0,0.0,0.5,1.0,0.84,0.0,0.0
dqn_control,1010,-5.0,0.0,0.5,0.992,0.82,-0.06964009090454187,0.28
dqn_control,1011,-5.0,0.0,0.5,0.992,0.86,-0.06964009090454187,0.15
dqn_control,1012,165.0,0.0,0.5,1.0,0.8,0.0,4.62
dqn_control,1013,-5.0,0.0,0.5,0.992,0.76,-0.06964009090454187,0.29
dqn_control,1014,0.0,0.0,0.5,1.0,0.84,0.0,0.0
dqn_control,1015,0.0,0.0,0.5,1.0,0.84,0.0,0.0
dqn_control,1016,-40.0,2.0,0.5,1.0,0.78,-0.6330113597463811,0.64
dqn_control,1017,0.0,0.0,0.5,1.0,0.78,0.0,0.0
dqn_control,1018,50.0,0.0,0.51,1.0,0.82,-0.15825283993659528,0.38
dqn_control,1019,0.0,0.0,0.5,1.0,0.78,0.0,0.0
dqn_control,1020,0.0,0.0,0.5,1.0,0.8,0.0,0.0
dqn_control,1021,-10.0,0.0,0.5,0.9840000000000001,0.7,-0.13928018180908375,0.08
dqn_control,1022,60.0,0.0,0.5,1.0,0.86,0.0,0.3
dqn_control,1023,-5.0,0.0,0.5,0.992,0.84,-0.06964009090454187,0.47
dqn_control,1024,-5.0,0.0,0.5,0.992,0.92,-0.06964009090454187,0.47
dqn_control,1025,0.0,0.0,0.5,1.0,0.86,0.0,0.0
dqn_control,1026,-5.0,0.0,0.5,0.992,0.72,-0.06964009090454187,0.41
dqn_control,1027,0.0,0.0,0.5,1.0,0.9,0.0,0.0
dqn_control,1028,-5.0,0.0,0.5,0.992,0.84,-0.06964009090454187,0.36
dqn_control,1029,-5.0,0.0,0.5,0.992,0.86,-0.06964009090454187,0.16
dqn_control,1030,0.0,0.0,0.5,1.0,0.92,0.0,0.0
dqn_control,1031,-10.0,0.0,0.5,0.9840000000000001,0.78,-0.13928018180908375,0.41
dqn_control,1032,-5.0,0.0,0.5,0.992,0.84,-0.06964009090454187,0.42
dqn_control,1033,-25.0,1.0,0.5,0.992,0.84,-0.38614577077773243,2.37
dqn_control,1034,-10.0,0.0,0.5,0.9840000000000001,0.86,-0.13928018180908375,0.67
dqn_control,1035,-5.0,0.0,0.5,0.992,0.84,-0.06964009090454187,0.34
dqn_control,1036,0.0,0.0,0.5,1.0,0.84,0.0,0.0
dqn_control,1037,0.0,0.0,0.5,1.0,0.86,0.0,0.0
dqn_control,1038,-60.0,1.0,0.54,1.0,0.8,-0.9495170396195717,2.98
dqn_control,1039,-40.0,2.0,0.5,1.0,0.8,-0.6330113597463811,3.68
dqn_control,1040,0.0,0.0,0.5,1.0,0.84,0.0,0.0
dqn_control,1041,0.0,0.0,0.5,1.0,0.86,0.0,0.0
dqn_control,1042,0.0,0.0,0.5,1.0,0.88,0.0,0.0
dqn_control,1043,-5.0,0.0,0.5,0.992,0.84,-0.06964009090454187,0.12
dqn_control,1044,-5.0,0.0,0.5,0.992,0.76,-0.06964009090454187,0.17
dqn_control,1045,0.0,0.0,0.5,1.0,0.94,0.0,0.0
dqn_control,1046,0.0,0.0,0.5,1.0,0.86,0.0,0.0
dqn_control,1047,0.0,0.0,0.5,1.0,0.84,0.0,0.0
dqn_control,1048,0.0,0.0,0.5,1.0,0.78,0.0,0.0
dqn_control,1049,-10.0,0.0,0.5,0.9840000000000001,0.78,-0.13928018180908375,0.08
dqn_control,1050,-5.0,0.0,0.5,0.992,0.9,-0.06964009090454187,0.44
dqn_control,1051,0.0,0.0,0.5,1.0,0.84,0.0,0.0
dqn_control,1052,-20.0,1.0,0.5,1.0,0.84,-0.31650567987319056,0.48
dqn_control,1053,0.0,0.0,0.5,1.0,0.9,0.0,0.0
dqn_control,1054,75.0,0.0,0.5,1.0,0.84,0.0,0.45
dqn_control,1055,-10.0,0.0,0.5,0.9840000000000001,0.78,-0.13928018180908375,0.42
dqn_control,1056,-5.0,0.0,0.5,0.992,0.88,-0.06964009090454187,0.49
dqn_control,1057,-20.0,0.0,0.5,0.968,0.76,-0.2785603636181675,1.05
dqn_control,1058,-5.0,0.0,0.5,0.992,0.8,-0.06964009090454187,0.04
dqn_control,1059,-10.0,0.0,0.5,0.9840000000000001,0.9,-0.13928018180908375,0.49
dqn_control,1060,-40.0,2.0,0.5,1.0,0.8,-0.6330113597463811,1.6
dqn_control,1061,60.0,0.0,0.53,1.0,0.7,-0.47475851980978584,2.61
dqn_control,1062,0.0,0.0,0.5,1.0,0.9,0.0,0.0
dqn_control,1063,0.0,0.0,0.5,1.0,0.8,0.0,0.0
dqn_control,1064,0.0,0.0,0.5,1.0,0.9,0.0,0.0
dqn_control,1065,0.0,0.0,0.5,1.0,0.84,0.0,0.0
dqn_control,1066,0.0,0.0,0.5,1.0,0.86,0.0,0.0
dqn_control,1067,0.0,0.0,0.5,1.0,0.82,0.0,0.0
dqn_control,1068,-45.0,2.0,0.5,0.992,0.82,-0.7026514506509229,3.69
dqn_control,1069,90.0,0.0,0.5,1.0,0.74,0.0,1.02
dqn_control,1070,0.0,0.0,0.5,1.0,0.8,0.0,0.0
dqn_control,1071,0.0,0.0,0.5,1.0,0.88,0.0,0.0
dqn_control,1072,0.0,0.0,0.5,1.0,0.84,0.0,0.0
dqn_control,1073,-10.0,0.0,0.5,0.9840000000000001,0.78,-0.13928018180908375,0.8
dqn_control,1074,0.0,0.0,0.5,1.0,0.78,0.0,0.0
dqn_control,1075,-10.0,0.0,0.5,0.9840000000000001,0.74,-0.13928018180908375,0.68
dqn_control,1076,0.0,0.0,0.5,1.0,0.88,0.0,0.0
dqn_control,1077,-10.0,0.0,0.5,0.9840000000000001,0.82,-0.13928018180908375,0.55
dqn_control,1078,15.0,0.0,0.5,1.0,0.86,0.0,0.03
dqn_control,1079,-15.0,0.0,0.5,0.976,0.88,-0.20892027271362562,0.88
dqn_control,1080,-5.0,0.0,0.5,0.992,0.82,-0.06964009090454187,0.35
dqn_control,1081,0.0,0.0,0.5,1.0,0.84,0.0,0.0
dqn_control,1082,0.0,0.0,0.5,1.0,0.96,0.0,0.0
dqn_control,1083,0.0,0.0,0.5,1.0,0.88,0.0,0.0
dqn_control,1084,305.0,0.0,0.51,1.0,0.84,-0.15825283993659528,6.88
dqn_control,1085,-5.0,0.0,0.5,0.992,0.84,-0.06964009090454187,0.07
dqn_control,1086,0.0,0.0,0.5,1.0,0.84,0.0,0.0
dqn_control,1087,-30.0,1.0,0.5,0.9840000000000001,0.86,-0.4557858616822743,0.43
dqn_control,1088,-15.0,0.0,0.5,0.976,0.82,-0.20892027271362562,1.01
dqn_control,1089,-5.0,0.0,0.5,0.992,0.76,-0.06964009090454187,0.28
dqn_control,1090,0.0,0.0,0.5,1.0,0.86,0.0,0.0
dqn_control,1091,0.0,0.0,0.5,1.0,0.84,0.0,0.0
dqn_control,1092,195.0,0.0,0.5,1.0,0.86,0.0,3.12
dqn_control,1093,0.0,0.0,0.5,1.0,0.78,0.0,0.0
dqn_control,1094,-20.0,1.0,0.5,1.0,0.82,-0.31650567987319056,1.08
dqn_control,1095,15.0,0.0,0.5,1.0,0.86,0.0,0.03
dqn_control,1096,0.0,0.0,0.5,1.0,0.8,0.0,0.0
dqn_control,1097,-5.0,0.0,0.5,0.992,0.84,-0.06964009090454187,0.49
dqn_control,1098,0.0,0.0,0.5,1.0,0.88,0.0,0.0
dqn_control,1099,0.0,0.0,0.5,1.0,0.82,0.0,0.0
dqn_control,1100,0.0,0.0,0.5,1.0,0.86,0.0,0.0
dqn_control,1101,0.0,0.0,0.5,1.0,0.9,0.0,0.0
dqn_control,1102,0.0,0.0,0.5,1.0,0.8,0.0,0.0
dqn_control,1103,0.0,0.0,0.5,1.0,0.86,0.0,0.0
dqn_control,1104,0.0,0.0,0.5,1.0,0.82,0.0,0.0
dqn_control,1105,0.0,0.0,0.5,1.0,0.76,0.0,0.0
dqn_control,1106,0.0,0.0,0.5,1.0,0.92,0.0,0.0
dqn_control,1107,0.0,0.0,0.5,1.0,0.88,0.0,0.0
dqn_control,1108,0.0,0.0,0.5,1.0,0.9,0.0,0.0
dqn_control,1109,0.0,0.0,0.5,1.0,0.82,0.0,0.0
dqn_control,1110,415.0,0.0,0.5,0.992,0.86,-0.06964009090454187,12.47
dqn_control,1111,-5.0,0.0,0.5,0.992,0.9,-0.06964009090454187,0.15
dqn_control,1112,0.0,0.0,0.5,1.0,0.92,0.0,0.0
dqn_control,1113,-10.0,0.0,0.5,0.9840000000000001,0.76,-0.13928018180908375,0.41
dqn_control,1114,0.0,0.0,0.5,1.0,0.92,0.0,0.0
dqn_control,1115,-5.0,0.0,0.5,0.992,0.92,-0.06964009090454187,0.17
dqn_control,1116,60.0,0.0,0.5,1.0,0.8,0.0,0.3
dqn_control,1117,0.0,0.0,0.5,1.0,0.86,0.0,0.0
dqn_control,1118,-10.0,0.0,0.51,1.0,0.76,-0.15825283993659528,0.24
dqn_control,1119,0.0,0.0,0.5,1.0,0.86,0.0,0.0
dqn_control,1120,-5.0,0.0,0.5,0.992,0.74,-0.06964009090454187,0.13
dqn_control,1121,0.0,0.0,0.5,1.0,0.88,0.0,0.0
dqn_control,1122,0.0,0.0,0.5,1.0,0.9,0.0,0.0
dqn_control,1123,-5.0,0.0,0.5,0.992,0.88,-0.06964009090454187,0.1
dqn_control,1124,-10.0,0.0,0.5,0.9840000000000001,0.88,-0.13928018180908375,0.47
dqn_control,1125,0.0,0.0,0.5,1.0,0.9,0.0,0.0
dqn_control,1126,0.0,0.0,0.5,1.0,0.82,0.0,0.0
dqn_control,1127,150.0,0.0,0.5,1.0,0.76,0.0,2.28
dqn_control,1128,0.0,0.0,0.5,1.0,0.82,0.0,0.0
dqn_control,1129,-15.0,0.0,0.5,0.976,0.84,-0.20892027271362562,0.64
dqn_control,1130,0.0,0.0,0.5,1.0,0.88,0.0,0.0
dqn_control,1131,30.0,0.0,0.5,1.0,0.84,0.0,0.51
dqn_control,1132,0.0,0.0,0.5,1.0,0.86,0.0,0.0
dqn_control,1133,0.0,0.0,0.5,1.0,0.86,0.0,0.0
dqn_control,1134,-20.0,0.0,0.5,0.968,0.78,-0.2785603636181675,1.03
dqn_control,1135,-5.0,0.0,0.5,0.992,0.82,-0.06964009090454187,0.29
dqn_control,1136,0.0,0.0,0.5,1.0,0.8,0.0,0.0
dqn_control,1137,-10.0,0.0,0.51,1.0,0.82,-0.15825283993659528,0.18
dqn_control,1138,-5.0,0.0,0.5,0.992,0.84,-0.06964009090454187,0.45
dqn_control,1139,0.0,0.0,0.5,1.0,0.86,0.0,0.0
dqn_control,1140,0.0,0.0,0.5,1.0,0.84,0.0,0.0
dqn_control,1141,-5.0,0.0,0.5,0.992,0.84,-0.06964009090454187,0.03
dqn_control,1142,-5.0,0.0,0.5,0.992,0.84,-0.06964009090454187,0.21
dqn_control,1143,0.0,0.0,0.5,1.0,0.82,0.0,0.0
dqn_control,1144,30.0,0.0,0.5,1.0,0.84,0.0,1.71
dqn_control,1145,-5.0,0.0,0.5,0.992,0.84,-0.06964009090454187,0.08
dqn_control,1146,155.0,0.0,0.51,1.0,0.74,-0.15825283993659528,2.64
dqn_control,1147,-5.0,0.0,0.5,0.992,0.76,-0.06964009090454187,0.44
dqn_control,1148,0.0,0.0,0.5,1.0,0.86,0.0,0.0
dqn_control,1149,-5.0,0.0,0.5,0.992,0.92,-0.06964009090454187,0.13
dqn_control,1150,0.0,0.0,0.5,1.0,0.78,0.0,0.0
dqn_control,1151,-10.0,0.0,0.5,0.9840000000000001,0.8,-0.13928018180908375,0.23
dqn_control,1152,0.0,0.0,0.5,1.0,0.9,0.0,0.0
dqn_control,1153,30.0,0.0,0.5,1.0,0.88,0.0,0.12
dqn_control,1154,-5.0,0.0,0.5,0.992,0.86,-0.06964009090454187,0.3
dqn_control,1155,0.0,0.0,0.5,1.0,0.82,0.0,0.0
dqn_control,1156,0.0,0.0,0.5,1.0,0.92,0.0,0.0
dqn_control,1157,-5.0,0.0,0.5,0.992,0.86,-0.06964009090454187,0.34
dqn_control,1158,-10.0,0.0,0.5,0.9840000000000001,0.76,-0.13928018180908375,0.94
dqn_control,1159,0.0,0.0,0.5,1.0,0.82,0.0,0.0
dqn_control,1160,0.0,0.0,0.5,1.0,0.86,0.0,0.0
dqn_control,1161,0.0,0.0,0.5,1.0,0.8,0.0,0.0
dqn_control,1162,0.0,0.0,0.5,1.0,0.82,0.0,0.0
dqn_control,1163,0.0,0.0,0.5,1.0,0.82,0.0,0.0
dqn_control,1164,0.0,0.0,0.5,1.0,0.88,0.0,0.0
dqn_control,1165,0.0,0.0,0.5,1.0,0.82,0.0,0.0
dqn_control,1166,0.0,0.0,0.5,1.0,0.84,0.0,0.0
dqn_control,1167,0.0,0.0,0.5,1.0,0.84,0.0,0.0
dqn_control,1168,75.0,0.0,0.5,1.0,0.8,0.0,0.45
dqn_control,1169,-10.0,0.0,0.51,1.0,0.8,-0.15825283993659528,0.26
dqn_control,1170,-15.0,0.0,0.5,0.976,0.8,-0.20892027271362562,1.04
dqn_control,1171,30.0,0.0,0.5,1.0,0.92,0.0,0.09
dqn_control,1172,0.0,0.0,0.5,1.0,0.88,0.0,0.0
dqn_control,1173,75.0,0.0,0.5,1.0,0.86,0.0,0.6
dqn_control,1174,0.0,0.0,0.5,1.0,0.92,0.0,0.0
dqn_control,1175,-5.0,0.0,0.5,0.992,0.82,-0.06964009090454187,0.19
dqn_control,1176,0.0,0.0,0.5,1.0,0.78,0.0,0.0
dqn_control,1177,0.0,0.0,0.5,1.0,0.88,0.0,0.0
dqn_control,1178,-40.0,2.0,0.5,1.0,0.74,-0.6330113597463811,2.48
dqn_control,1179,0.0,0.0,0.5,1.0,0.78,0.0,0.0
dqn_control,1180,-35.0,1.0,0.51,0.992,0.8,-0.5443986107143277,2.71
dqn_control,1181,-20.0,0.0,0.52,1.0,0.78,-0.31650567987319056,0.8
dqn_control,1182,-5.0,0.0,0.5,0.992,0.92,-0.06964009090454187,0.27
dqn_control,1183,0.0,0.0,0.5,1.0,0.86,0.0,0.0
dqn_control,1184,35.0,0.0,0.51,1.0,0.8,-0.15825283993659528,0.16
dqn_control,1185,0.0,0.0,0.5,1.0,0.84,0.0,0.0
dqn_control,1186,-10.0,0.0,0.5,0.9840000000000001,0.82,-0.13928018180908375,0.74
dqn_control,1187,-5.0,0.0,0.5,0.992,0.84,-0.06964009090454187,0.37
dqn_control,1188,0.0,0.0,0.5,1.0,0.86,0.0,0.0
dqn_control,1189,-5.0,0.0,0.5,0.992,0.74,-0.06964009090454187,0.49
dqn_control,1190,0.0,0.0,0.5,1.0,0.92,0.0,0.0
dqn_control,1191,-45.0,1.0,0.52,0.992,0.8,-0.7026514506509229,0.58
dqn_control,1192,0.0,0.0,0.5,1.0,0.82,0.0,0.0
dqn_control,1193,0.0,0.0,0.5,1.0,0.78,0.0,0.0
dqn_control,1194,-15.0,0.0,0.51,0.992,0.86,-0.22789293084113715,0.93
dqn_control,1195,0.0,0.0,0.5,1.0,0.82,0.0,0.0
dqn_control,1196,-5.0,0.0,0.5,0.992,0.8,-0.06964009090454187,0.46
dqn_control,1197,0.0,0.0,0.5,1.0,0.88,0.0,0.0
dqn_control,1198,-15.0,0.0,0.5,0.976,0.78,-0.20892027271362562,0.93
dqn_control,1199,0.0,0.0,0.5,1.0,0.8,0.0,0.0
dqn_control,1200,0.0,0.0,0.5,1.0,0.88,0.0,0.0
dqn_control,1201,-40.0,2.0,0.5,1.0,0.72,-0.6330113597463811,0.96
dqn_control,1202,-20.0,0.0,0.52,1.0,0.76,-0.31650567987319056,1.68
dqn_control,1203,0.0,0.0,0.5,1.0,0.84,0.0,0.0
dqn_control,1204,-5.0,0.0,0.5,0.992,0.76,-0.06964009090454187,0.49
dqn_control,1205,0.0,0.0,0.5,1.0,0.86,0.0,0.0
dqn_control,1206,-5.0,0.0,0.5,0.992,0.78,-0.06964009090454187,0.47
dqn_control,1207,0.0,0.0,0.5,1.0,0.82,0.0,0.0
dqn_control,1208,0.0,0.0,0.5,1.0,0.84,0.0,0.0
dqn_control,1209,0.0,0.0,0.5,1.0,0.88,0.0,0.0
dqn_control,1210,-5.0,0.0,0.5,0.992,0.82,-0.06964009090454187,0.49
dqn_control,1211,-15.0,0.0,0.5,0.976,0.78,-0.20892027271362562,0.56
dqn_control,1212,0.0,0.0,0.5,1.0,0.84,0.0,0.0
dqn_control,1213,0.0,0.0,0.5,1.0,0.84,0.0,0.0
dqn_control,1214,0.0,0.0,0.5,1.0,0.88,0.0,0.0
dqn_control,1215,-5.0,0.0,0.5,0.992,0.86,-0.06964009090454187,0.3
dqn_control,1216,-5.0,0.0,0.5,0.992,0.84,-0.06964009090454187,0.29
dqn_control,1217,0.0,0.0,0.5,1.0,0.9,0.0,0.0
dqn_control,1218,-5.0,0.0,0.5,0.992,0.84,-0.06964009090454187,0.27
dqn_control,1219,-5.0,0.0,0.5,0.992,0.88,-0.06964009090454187,0.49
dqn_control,1220,0.0,0.0,0.5,1.0,0.68,0.0,0.0
dqn_control,1221,-20.0,1.0,0.5,1.0,0.86,-0.31650567987319056,0.48
dqn_control,1222,-5.0,0.0,0.5,0.992,0.78,-0.06964009090454187,0.19
dqn_control,1223,225.0,0.0,0.5,1.0,0.8,0.0,6.39
dqn_control,1224,-5.0,0.0,0.5,0.992,0.8,-0.06964009090454187,0.49
dqn_control,1225,-5.0,0.0,0.5,0.992,0.86,-0.06964009090454187,0.31
dqn_control,1226,0.0,0.0,0.5,1.0,0.84,0.0,0.0
dqn_control,1227,0.0,0.0,0.5,1.0,0.9,0.0,0.0
dqn_control,1228,0.0,0.0,0.5,1.0,0.84,0.0,0.0
dqn_control,1229,-20.0,1.0,0.5,1.0,0.82,-0.31650567987319056,0.48
dqn_control,1230,-5.0,0.0,0.5,0.992,0.8,-0.06964009090454187,0.46
dqn_control,1231,0.0,0.0,0.5,1.0,0.84,0.0,0.0
dqn_control,1232,-5.0,0.0,0.5,0.992,0.92,-0.06964009090454187,0.15
dqn_control,1233,0.0,0.0,0.5,1.0,0.88,0.0,0.0
dqn_control,1234,-5.0,0.0,0.5,0.992,0.8,-0.06964009090454187,0.11
dqn_control,1235,0.0,0.0,0.5,1.0,0.94,0.0,0.0
dqn_control,1236,0.0,0.0,0.5,1.0,0.94,0.0,0.0
dqn_control,1237,0.0,0.0,0.5,1.0,0.88,0.0,0.0
dqn_control,1238,-5.0,0.0,0.5,0.992,0.88,-0.06964009090454187,0.41
dqn_control,1239,-5.0,0.0,0.5,0.992,0.76,-0.06964009090454187,0.03
dqn_control,1240,0.0,0.0,0.5,1.0,0.8,0.0,0.0
dqn_control,1241,0.0,0.0,0.5,1.0,0.86,0.0,0.0
dqn_control,1242,-5.0,0.0,0.5,0.992,0.86,-0.06964009090454187,0.49
dqn_control,1243,0.0,0.0,0.5,1.0,0.84,0.0,0.0
dqn_control,1244,0.0,0.0,0.5,1.0,0.76,0.0,0.0
dqn_control,1245,-5.0,0.0,0.5,0.992,0.86,-0.06964009090454187,0.03
dqn_control,1246,0.0,0.0,0.5,1.0,0.84,0.0,0.0
dqn_control,1247,15.0,0.0,0.51,0.992,0.8,-0.22789293084113715,1.72
dqn_control,1248,-15.0,0.0,0.5,0.976,0.86,-0.20892027271362562,0.62
dqn_control,1249,0.0,0.0,0.5,1.0,0.92,0.0,0.0
dqn_control,1250,-10.0,0.0,0.5,0.9840000000000001,0.8,-0.13928018180908375,0.96
dqn_control,1251,0.0,0.0,0.5,1.0,0.94,0.0,0.0
dqn_control,1252,0.0,0.0,0.5,1.0,0.86,0.0,0.0
dqn_control,1253,195.0,0.0,0.51,0.992,0.78,-0.22789293084113715,7.56
dqn_control,1254,0.0,0.0,0.5,1.0,0.84,0.0,0.0
dqn_control,1255,-5.0,0.0,0.5,0.992,0.8,-0.06964009090454187,0.49
dqn_control,1256,0.0,0.0,0.5,1.0,0.76,0.0,0.0
dqn_control,1257,-5.0,0.0,0.5,0.992,0.9,-0.06964009090454187,0.49
dqn_control,1258,-5.0,0.0,0.5,0.992,0.84,-0.06964009090454187,0.24
dqn_control,1259,0.0,0.0,0.5,1.0,0.84,0.0,0.0
dqn_control,1260,0.0,0.0,0.5,1.0,0.88,0.0,0.0
dqn_control,1261,-5.0,0.0,0.5,0.992,0.84,-0.06964009090454187,0.32
dqn_control,1262,0.0,0.0,0.5,1.0,0.86,0.0,0.0
dqn_control,1263,-10.0,0.0,0.5,0.9840000000000001,0.78,-0.13928018180908375,0.26
dqn_control,1264,90.0,0.0,0.5,1.0,0.8,0.0,1.23
dqn_control,1265,75.0,0.0,0.5,1.0,0.8,0.0,0.6
dqn_control,1266,-5.0,0.0,0.5,0.992,0.8,-0.06964009090454187,0.47
dqn_control,1267,-15.0,0.0,0.5,0.976,0.76,-0.20892027271362562,0.75
dqn_control,1268,0.0,0.0,0.5,1.0,0.88,0.0,0.0
dqn_control,1269,-40.0,1.0,0.52,1.0,0.74,-0.6330113597463811,0.94
dqn_control,1270,205.0,0.0,0.5,0.992,0.88,-0.06964009090454187,3.36
dqn_control,1271,0.0,0.0,0.5,1.0,0.86,0.0,0.0
dqn_control,1272,0.0,0.0,0.5,1.0,0.82,0.0,0.0
dqn_control,1273,0.0,0.0,0.5,1.0,0.86,0.0,0.0
dqn_control,1274,-5.0,0.0,0.5,0.992,0.8,-0.06964009090454187,0.47
dqn_control,1275,0.0,0.0,0.5,1.0,0.84,0.0,0.0
dqn_control,1276,0.0,0.0,0.5,1.0,0.86,0.0,0.0
dqn_control,1277,-5.0,0.0,0.5,0.992,0.9,-0.06964009090454187,0.08
dqn_control,1278,0.0,0.0,0.5,1.0,0.86,0.0,0.0
dqn_control,1279,10.0,0.0,0.5,0.992,0.8,-0.06964009090454187,0.47
dqn_control,1280,0.0,0.0,0.5,1.0,0.9,0.0,0.0
dqn_control,1281,0.0,0.0,0.5,1.0,0.84,0.0,0.0
dqn_control,1282,-20.0,1.0,0.5,1.0,0.84,-0.31650567987319056,0.6
dqn_control,1283,-5.0,0.0,0.5,0.992,0.82,-0.06964009090454187,0.3
dqn_control,1284,55.0,0.0,0.5,0.992,0.86,-0.06964009090454187,0.71
dqn_control,1285,0.0,0.0,0.5,1.0,0.84,0.0,0.0
dqn_control,1286,-5.0,0.0,0.5,0.992,0.82,-0.06964009090454187,0.39
dqn_control,1287,80.0,0.0,0.51,1.0,0.86,-0.15825283993659528,2.27
dqn_control,1288,0.0,0.0,0.5,1.0,0.86,0.0,0.0
dqn_control,1289,-5.0,0.0,0.5,0.992,0.88,-0.06964009090454187,0.26
dqn_control,1290,-5.0,0.0,0.5,0.992,0.84,-0.06964009090454187,0.26
dqn_control,1291,-55.0,2.0,0.51,0.992,0.76,-0.8609042905875183,0.73
dqn_control,1292,0.0,0.0,0.5,1.0,0.86,0.0,0.0
dqn_control,1293,0.0,0.0,0.5,1.0,0.86,0.0,0.0
dqn_control,1294,-5.0,0.0,0.5,0.992,0.84,-0.06964009090454187,0.28
dqn_control,1295,0.0,0.0,0.5,1.0,0.78,0.0,0.0
dqn_control,1296,0.0,0.0,0.5,1.0,0.92,0.0,0.0
dqn_control,1297,0.0,0.0,0.5,1.0,0.84,0.0,0.0
dqn_control,1298,-5.0,0.0,0.5,0.992,0.88,-0.06964009090454187,0.34
dqn_control,1299,0.0,0.0,0.5,1.0,0.88,0.0,0.0
dqn_control,1300,-15.0,0.0,0.5,0.976,0.76,-0.20892027271362562,1.06
dqn_control,1301,0.0,0.0,0.5,1.0,0.72,0.0,0.0
dqn_control,1302,0.0,0.0,0.5,1.0,0.82,0.0,0.0
dqn_control,1303,0.0,0.0,0.5,1.0,0.86,0.0,0.0
dqn_control,1304,0.0,0.0,0.5,1.0,0.78,0.0,0.0
dqn_control,1305,75.0,0.0,0.5,1.0,0.84,0.0,0.45
dqn_control,1306,60.0,0.0,0.5,1.0,0.74,0.0,0.6
dqn_control,1307,60.0,0.0,0.5,1.0,0.8,0.0,0.42
dqn_control,1308,0.0,0.0,0.5,1.0,0.92,0.0,0.0
dqn_control,1309,0.0,0.0,0.5,1.0,0.9,0.0,0.0
dqn_control,1310,0.0,0.0,0.5,1.0,0.74,0.0,0.0
dqn_control,1311,0.0,0.0,0.5,1.0,0.94,0.0,0.0
dqn_control,1312,-5.0,0.0,0.5,0.992,0.8,-0.06964009090454187,0.49
dqn_control,1313,-5.0,0.0,0.5,0.992,0.86,-0.06964009090454187,0.21
dqn_control,1314,0.0,0.0,0.5,1.0,0.94,0.0,0.0
dqn_control,1315,-15.0,0.0,0.5,0.976,0.9,-0.20892027271362562,0.95
dqn_control,1316,-15.0,0.0,0.5,0.976,0.8,-0.20892027271362562,1.14
dqn_control,1317,-5.0,0.0,0.5,0.992,0.84,-0.06964009090454187,0.49
dqn_control,1318,-10.0,0.0,0.5,0.9840000000000001,0.8,-0.13928018180908375,0.18
dqn_control,1319,0.0,0.0,0.5,1.0,0.78,0.0,0.0
dqn_control,1320,0.0,0.0,0.5,1.0,0.94,0.0,0.0
dqn_control,1321,0.0,0.0,0.5,1.0,0.82,0.0,0.0
dqn_control,1322,0.0,0.0,0.5,1.0,0.8,0.0,0.0
dqn_control,1323,0.0,0.0,0.5,1.0,0.98,0.0,0.0
dqn_control,1324,105.0,0.0,0.5,1.0,0.8,0.0,1.05
dqn_control,1325,60.0,0.0,0.5,1.0,0.88,0.0,0.3
dqn_control,1326,0.0,0.0,0.5,1.0,0.88,0.0,0.0
dqn_control,1327,-5.0,0.0,0.5,0.992,0.88,-0.06964009090454187,0.37
dqn_control,1328,135.0,0.0,0.5,1.0,0.88,0.0,1.35
dqn_control,1329,0.0,0.0,0.5,1.0,0.9,0.0,0.0
dqn_control,1330,-10.0,0.0,0.5,0.9840000000000001,0.86,-0.13928018180908375,0.62
dqn_control,1331,-10.0,0.0,0.5,0.9840000000000001,0.8,-0.13928018180908375,0.44
dqn_control,1332,0.0,0.0,0.5,1.0,0.76,0.0,0.0
dqn_control,1333,0.0,0.0,0.5,1.0,0.86,0.0,0.0
dqn_control,1334,0.0,0.0,0.5,1.0,0.86,0.0,0.0
dqn_control,1335,-10.0,0.0,0.5,0.9840000000000001,0.84,-0.13928018180908375,0.52
dqn_control,1336,-5.0,0.0,0.5,0.992,0.7,-0.06964009090454187,0.31
dqn_control,1337,-10.0,0.0,0.5,0.9840000000000001,0.8,-0.13928018180908375,0.26
dqn_control,1338,-20.0,1.0,0.5,1.0,0.82,-0.31650567987319056,0.36
dqn_control,1339,0.0,0.0,0.5,1.0,0.88,0.0,0.0
dqn_control,1340,0.0,0.0,0.5,1.0,0.9,0.0,0.0
dqn_control,1341,0.0,0.0,0.5,1.0,0.8,0.0,0.0
dqn_control,1342,-5.0,0.0,0.5,0.992,0.84,-0.06964009090454187,0.46
dqn_control,1343,0.0,0.0,0.5,1.0,0.8,0.0,0.0
dqn_control,1344,-10.0,0.0,0.5,0.9840000000000001,0.86,-0.13928018180908375,0.48
dqn_control,1345,0.0,0.0,0.5,1.0,0.8,0.0,0.0
dqn_control,1346,0.0,0.0,0.5,1.0,0.82,0.0,0.0
dqn_control,1347,90.0,0.0,0.5,1.0,0.82,0.0,0.81
dqn_control,1348,-5.0,0.0,0.5,0.992,0.94,-0.06964009090454187,0.16
dqn_control,1349,0.0,0.0,0.5,1.0,0.86,0.0,0.0
dqn_control,1350,0.0,0.0,0.5,1.0,0.88,0.0,0.0
dqn_control,1351,0.0,0.0,0.5,1.0,0.9,0.0,0.0
dqn_control,1352,0.0,0.0,0.5,1.0,0.76,0.0,0.0
dqn_control,1353,0.0,0.0,0.5,1.0,0.8,0.0,0.0
dqn_control,1354,0.0,0.0,0.5,1.0,0.8,0.0,0.0
dqn_control,1355,-5.0,0.0,0.5,0.992,0.86,-0.06964009090454187,0.18
dqn_control,1356,0.0,0.0,0.5,1.0,0.8,0.0,0.0
dqn_control,1357,-45.0,2.0,0.5,0.992,0.88,-0.7026514506509229,4.17
dqn_control,1358,-25.0,0.0,0.52,0.992,0.82,-0.38614577077773243,2.25
dqn_control,1359,0.0,0.0,0.5,1.0,0.94,0.0,0.0
dqn_control,1360,0.0,0.0,0.5,1.0,0.92,0.0,0.0
dqn_control,1361,-5.0,0.0,0.5,0.992,0.92,-0.06964009090454187,0.49
dqn_control,1362,0.0,0.0,0.5,1.0,0.88,0.0,0.0
dqn_control,1363,0.0,0.0,0.5,1.0,0.8,0.0,0.0
dqn_control,1364,0.0,0.0,0.5,1.0,0.9,0.0,0.0
dqn_control,1365,-5.0,0.0,0.5,0.992,0.82,-0.06964009090454187,0.32
dqn_control,1366,25.0,0.0,0.5,0.992,0.84,-0.06964009090454187,1.06
dqn_control,1367,-5.0,0.0,0.5,0.992,0.84,-0.06964009090454187,0.13
dqn_control,1368,0.0,0.0,0.5,1.0,0.78,0.0,0.0
dqn_control,1369,0.0,0.0,0.5,1.0,0.92,0.0,0.0
dqn_control,1370,0.0,0.0,0.5,1.0,0.94,0.0,0.0
dqn_control,1371,-5.0,0.0,0.5,0.992,0.86,-0.06964009090454187,0.42
dqn_control,1372,-15.0,0.0,0.5,0.976,0.78,-0.20892027271362562,0.78
dqn_control,1373,5.0,0.0,0.51,1.0,0.7,-0.15825283993659528,0.09
dqn_control,1374,0.0,0.0,0.5,1.0,0.88,0.0,0.0
dqn_control,1375,0.0,0.0,0.5,1.0,0.88,0.0,0.0
dqn_control,1376,45.0,0.0,0.5,1.0,0.86,0.0,0.18
dqn_control,1377,-40.0,2.0,0.5,1.0,0.84,-0.6330113597463811,1.04
dqn_control,1378,-25.0,1.0,0.5,0.992,0.82,-0.38614577077773243,0.63
dqn_control,1379,-20.0,1.0,0.5,1.0,0.76,-0.31650567987319056,0.68
dqn_control,1380,-25.0,0.0,0.5,0.96,0.7,-0.3482004545227093,0.6
dqn_control,1381,0.0,0.0,0.5,1.0,0.92,0.0,0.0
dqn_control,1382,45.0,0.0,0.5,1.0,0.8,0.0,0.81
dqn_control,1383,-10.0,0.0,0.5,0.9840000000000001,0.88,-0.13928018180908375,0.5
dqn_control,1384,0.0,0.0,0.5,1.0,0.8,0.0,0.0
dqn_control,1385,0.0,0.0,0.5,1.0,0.9,0.0,0.0
dqn_control,1386,-5.0,0.0,0.5,0.992,0.82,-0.06964009090454187,0.07
dqn_control,1387,0.0,0.0,0.5,1.0,0.86,0.0,0.0
dqn_control,1388,0.0,0.0,0.5,1.0,0.8,0.0,0.0
dqn_control,1389,0.0,0.0,0.5,1.0,0.86,0.0,0.0
dqn_control,1390,0.0,0.0,0.5,1.0,0.82,0.0,0.0
dqn_control,1391,0.0,0.0,0.5,1.0,0.9,0.0,0.0
dqn_control,1392,-50.0,2.0,0.51,1.0,0.72,-0.7912641996829763,0.46
dqn_control,1393,0.0,0.0,0.5,1.0,0.82,0.0,0.0
dqn_control,1394,15.0,0.0,0.5,1.0,0.84,0.0,0.15
dqn_control,1395,0.0,0.0,0.5,1.0,0.76,0.0,0.0
dqn_control,1396,0.0,0.0,0.5,1.0,0.88,0.0,0.0
dqn_control,1397,0.0,0.0,0.5,1.0,0.88,0.0,0.0
dqn_control,1398,0.0,0.0,0.5,1.0,0.84,0.0,0.0
dqn_control,1399,0.0,0.0,0.5,1.0,0.92,0.0,0.0
dqn_control,1400,0.0,0.0,0.5,1.0,0.9,0.0,0.0
dqn_control,1401,-10.0,0.0,0.5,0.9840000000000001,0.74,-0.13928018180908375,0.72
dqn_control,1402,-5.0,0.0,0.5,0.992,0.82,-0.06964009090454187,0.48
dqn_control,1403,-20.0,1.0,0.5,1.0,0.84,-0.31650567987319056,0.6
dqn_control,1404,-5.0,0.0,0.5,0.992,0.88,-0.06964009090454187,0.3
dqn_control,1405,-5.0,0.0,0.5,0.992,0.86,-0.06964009090454187,0.36
dqn_control,1406,210.0,0.0,0.5,1.0,0.88,0.0,3.15
dqn_control,1407,60.0,0.0,0.5,1.0,0.92,0.0,0.3
dqn_control,1408,20.0,0.0,0.51,1.0,0.78,-0.15825283993659528,0.37
dqn_control,1409,-10.0,0.0,0.5,0.9840000000000001,0.8,-0.13928018180908375,0.69
dqn_control,1410,-40.0,2.0,0.5,1.0,0.7,-0.6330113597463811,2.0
dqn_control,1411,0.0,0.0,0.5,1.0,0.84,0.0,0.0
dqn_control,1412,0.0,0.0,0.5,1.0,0.9,0.0,0.0
dqn_control,1413,-15.0,0.0,0.5,0.976,0.78,-0.20892027271362562,1.06
dqn_control,1414,-15.0,0.0,0.5,0.976,0.82,-0.20892027271362562,0.24
dqn_control,1415,0.0,0.0,0.5,1.0,0.82,0.0,0.0
dqn_control,1416,135.0,0.0,0.5,1.0,0.82,0.0,1.35
dqn_control,1417,-15.0,0.0,0.5,0.976,0.9,-0.20892027271362562,0.55
dqn_control,1418,-5.0,0.0,0.5,0.992,0.84,-0.06964009090454187,0.24
dqn_control,1419,-5.0,0.0,0.5,0.992,0.84,-0.06964009090454187,0.07
dqn_control,1420,0.0,0.0,0.5,1.0,0.74,0.0,0.0
dqn_control,1421,-20.0,0.0,0.52,1.0,0.78,-0.31650567987319056,0.58
dqn_control,1422,75.0,0.0,0.5,1.0,0.9,0.0,0.45
dqn_control,1423,0.0,0.0,0.5,1.0,0.86,0.0,0.0
dqn_control,1424,0.0,0.0,0.5,1.0,0.9,0.0,0.0
dqn_control,1425,-25.0,1.0,0.5,0.992,0.7,-0.38614577077773243,0.14
dqn_control,1426,0.0,0.0,0.5,1.0,0.86,0.0,0.0
dqn_control,1427,-40.0,2.0,0.5,1.0,0.82,-0.6330113597463811,0.4
dqn_control,1428,-5.0,0.0,0.5,0.992,0.94,-0.06964009090454187,0.26
dqn_control,1429,0.0,0.0,0.5,1.0,0.86,0.0,0.0
dqn_control,1430,0.0,0.0,0.5,1.0,0.74,0.0,0.0
dqn_control,1431,15.0,0.0,0.5,1.0,0.84,0.0,0.03
dqn_control,1432,0.0,0.0,0.5,1.0,0.78,0.0,0.0
dqn_control,1433,0.0,0.0,0.5,1.0,0.84,0.0,0.0
dqn_control,1434,-5.0,0.0,0.5,0.992,0.84,-0.06964009090454187,0.48
dqn_control,1435,-355.0,2.0,0.55,0.992,0.66,-1.512073981074339,7.44
dqn_control,1436,90.0,0.0,0.5,1.0,0.86,0.0,1.89
dqn_control,1437,0.0,0.0,0.5,1.0,0.84,0.0,0.0
dqn_control,1438,-5.0,0.0,0.5,0.992,0.82,-0.06964009090454187,0.2
dqn_control,1439,205.0,0.0,0.5,0.992,0.92,-0.06964009090454187,3.36
dqn_control,1440,0.0,0.0,0.5,1.0,0.8,0.0,0.0
dqn_control,1441,0.0,0.0,0.5,1.0,0.8,0.0,0.0
dqn_control,1442,0.0,0.0,0.5,1.0,0.84,0.0,0.0
dqn_control,1443,-20.0,0.0,0.5,0.968,0.8,-0.2785603636181675,1.29
dqn_control,1444,15.0,0.0,0.5,1.0,0.8,0.0,0.18
dqn_control,1445,0.0,0.0,0.5,1.0,0.94,0.0,0.0
dqn_control,1446,0.0,0.0,0.5,1.0,0.84,0.0,0.0
dqn_control,1447,-30.0,1.0,0.5,0.9840000000000001,0.88,-0.4557858616822743,0.13
dqn_control,1448,0.0,0.0,0.5,1.0,0.8,0.0,0.0
dqn_control,1449,0.0,0.0,0.5,1.0,0.8,0.0,0.0
dqn_control,1450,-5.0,0.0,0.5,0.992,0.8,-0.06964009090454187,0.12
dqn_control,1451,-5.0,0.0,0.5,0.992,0.82,-0.06964009090454187,0.18
dqn_control,1452,0.0,0.0,0.5,1.0,0.82,0.0,0.0
dqn_control,1453,0.0,0.0,0.5,1.0,0.84,0.0,0.0
dqn_control,1454,0.0,0.0,0.5,1.0,0.86,0.0,0.0
dqn_control,1455,0.0,0.0,0.5,1.0,0.84,0.0,0.0
dqn_control,1456,-15.0,0.0,0.5,0.976,0.82,-0.20892027271362562,0.95
dqn_control,1457,-5.0,0.0,0.5,0.992,0.9,-0.06964009090454187,0.03
dqn_control,1458,-5.0,0.0,0.5,0.992,0.8,-0.06964009090454187,0.15
dqn_control,1459,0.0,0.0,0.5,1.0,0.82,0.0,0.0
dqn_control,1460,-5.0,0.0,0.5,0.992,0.76,-0.06964009090454187,0.31
dqn_control,1461,0.0,0.0,0.5,1.0,0.76,0.0,0.0
dqn_control,1462,0.0,0.0,0.5,1.0,0.84,0.0,0.0
dqn_control,1463,0.0,0.0,0.5,1.0,0.84,0.0,0.0
dqn_control,1464,0.0,0.0,0.5,1.0,0.8,0.0,0.0
dqn_control,1465,-40.0,2.0,0.5,1.0,0.76,-0.6330113597463811,0.48
dqn_control,1466,-5.0,0.0,0.5,0.992,0.86,-0.06964009090454187,0.14
dqn_control,1467,0.0,0.0,0.5,1.0,0.82,0.0,0.0
dqn_control,1468,0.0,0.0,0.5,1.0,0.8,0.0,0.0
dqn_control,1469,-5.0,0.0,0.5,0.992,0.88,-0.06964009090454187,0.01
dqn_control,1470,-15.0,0.0,0.5,0.976,0.82,-0.20892027271362562,0.91
dqn_control,1471,0.0,0.0,0.5,1.0,0.82,0.0,0.0
dqn_control,1472,0.0,0.0,0.5,1.0,0.84,0.0,0.0
dqn_control,1473,-5.0,0.0,0.5,0.992,0.88,-0.06964009090454187,0.18
dqn_control,1474,45.0,0.0,0.51,0.992,0.82,-0.22789293084113715,0.47
dqn_control,1475,-5.0,0.0,0.52,1.0,0.8,-0.31650567987319056,0.1
dqn_control,1476,-10.0,0.0,0.5,0.9840000000000001,0.94,-0.13928018180908375,0.39
dqn_control,1477,-5.0,0.0,0.5,0.992,0.82,-0.06964009090454187,0.03
dqn_control,1478,105.0,0.0,0.5,1.0,0.88,0.0,2.52
dqn_control,1479,0.0,0.0,0.5,1.0,0.8,0.0,0.0
dqn_control,1480,-10.0,0.0,0.51,1.0,0.9,-0.15825283993659528,0.22
dqn_control,1481,-5.0,0.0,0.5,0.992,0.82,-0.06964009090454187,0.05
dqn_control,1482,-10.0,0.0,0.5,0.9840000000000001,0.84,-0.13928018180908375,0.92
dqn_control,1483,15.0,0.0,0.5,1.0,0.88,0.0,0.03
dqn_control,1484,-5.0,0.0,0.5,0.992,0.74,-0.06964009090454187,0.02
dqn_control,1485,-10.0,0.0,0.51,1.0,0.84,-0.15825283993659528,0.28
dqn_control,1486,-5.0,0.0,0.5,0.992,0.8,-0.06964009090454187,0.48
dqn_control,1487,5.0,0.0,0.5,0.9840000000000001,0.8,-0.13928018180908375,0.21
dqn_control,1488,-5.0,0.0,0.5,0.992,0.78,-0.06964009090454187,0.1
dqn_control,1489,0.0,0.0,0.5,1.0,0.9,0.0,0.0
dqn_control,1490,-20.0,1.0,0.5,1.0,0.78,-0.31650567987319056,0.12
dqn_control,1491,0.0,0.0,0.5,1.0,0.86,0.0,0.0
dqn_control,1492,105.0,0.0,0.5,1.0,0.86,0.0,1.05
dqn_control,1493,-20.0,0.0,0.5,0.968,0.82,-0.2785603636181675,0.97
dqn_control,1494,-10.0,0.0,0.5,0.9840000000000001,0.82,-0.13928018180908375,0.44
dqn_control,1495,-5.0,0.0,0.5,0.992,0.92,-0.06964009090454187,0.43
dqn_control,1496,0.0,0.0,0.5,1.0,0.78,0.0,0.0
dqn_control,1497,-10.0,0.0,0.51,1.0,0.74,-0.15825283993659528,0.02
dqn_control,1498,0.0,0.0,0.5,1.0,0.86,0.0,0.0
dqn_control,1499,0.0,0.0,0.5,1.0,0.88,0.0,0.0
dqn_control,1500,-35.0,1.0,0.5,0.976,0.72,-0.5254259525868161,0.82
dqn_control,1501,0.0,0.0,0.5,1.0,0.8,0.0,0.0
dqn_control,1502,0.0,0.0,0.5,1.0,0.9,0.0,0.0
dqn_control,1503,0.0,0.0,0.5,1.0,0.86,0.0,0.0
dqn_control,1504,-10.0,0.0,0.5,0.9840000000000001,0.82,-0.13928018180908375,0.2
dqn_control,1505,0.0,0.0,0.5,1.0,0.86,0.0,0.0
dqn_control,1506,45.0,0.0,0.5,1.0,0.94,0.0,0.18
dqn_control,1507,0.0,0.0,0.5,1.0,0.82,0.0,0.0
dqn_control,1508,0.0,0.0,0.5,1.0,0.9,0.0,0.0
dqn_control,1509,-10.0,0.0,0.51,1.0,0.86,-0.15825283993659528,0.08
dqn_control,1510,-5.0,0.0,0.5,0.992,0.88,-0.06964009090454187,0.27
dqn_control,1511,0.0,0.0,0.5,1.0,0.82,0.0,0.0
dqn_control,1512,-30.0,0.0,0.53,1.0,0.78,-0.47475851980978584,0.68
dqn_control,1513,-10.0,0.0,0.5,0.9840000000000001,0.88,-0.13928018180908375,0.32
dqn_control,1514,210.0,0.0,0.5,1.0,0.9,0.0,3.9
dqn_control,1515,-5.0,0.0,0.5,0.992,0.8,-0.06964009090454187,0.03
dqn_control,1516,90.0,0.0,0.5,1.0,0.84,0.0,2.97
dqn_control,1517,-45.0,1.0,0.52,0.992,0.76,-0.7026514506509229,3.17
dqn_control,1518,-20.0,0.0,0.5,0.968,0.84,-0.2785603636181675,0.77
dqn_control,1519,-5.0,0.0,0.5,0.992,0.92,-0.06964009090454187,0.03
dqn_control,1520,-5.0,0.0,0.5,0.992,0.82,-0.06964009090454187,0.42
dqn_control,1521,0.0,0.0,0.5,1.0,0.9,0.0,0.0
dqn_control,1522,-5.0,0.0,0.5,0.992,0.78,-0.06964009090454187,0.47
dqn_control,1523,-5.0,0.0,0.5,0.992,0.8,-0.06964009090454187,0.24
dqn_control,1524,0.0,0.0,0.5,1.0,0.82,0.0,0.0
dqn_control,1525,0.0,0.0,0.5,1.0,0.84,0.0,0.0
dqn_control,1526,0.0,0.0,0.5,1.0,0.82,0.0,0.0
dqn_control,1527,0.0,0.0,0.5,1.0,0.84,0.0,0.0
dqn_control,1528,-5.0,0.0,0.5,0.992,0.82,-0.06964009090454187,0.37
dqn_control,1529,-40.0,1.0,0.52,1.0,0.82,-0.6330113597463811,0.96
dqn_control,1530,0.0,0.0,0.5,1.0,0.82,0.0,0.0
dqn_control,1531,-5.0,0.0,0.5,0.992,0.74,-0.06964009090454187,0.18
dqn_control,1532,-10.0,0.0,0.5,0.9840000000000001,0.82,-0.13928018180908375,0.59
dqn_control,1533,0.0,0.0,0.5,1.0,0.8,0.0,0.0
dqn_control,1534,0.0,0.0,0.5,1.0,0.78,0.0,0.0
dqn_control,1535,-20.0,1.0,0.5,1.0,0.84,-0.31650567987319056,0.16
dqn_control,1536,30.0,0.0,0.5,1.0,0.88,0.0,0.09
dqn_control,1537,-15.0,0.0,0.51,0.992,0.82,-0.22789293084113715,0.34
dqn_control,1538,0.0,0.0,0.5,1.0,0.84,0.0,0.0
dqn_control,1539,-5.0,0.0,0.5,0.992,0.94,-0.06964009090454187,0.26
dqn_control,1540,0.0,0.0,0.5,1.0,0.9,0.0,0.0
dqn_control,1541,-20.0,0.0,0.52,1.0,0.74,-0.31650567987319056,0.54
dqn_control,1542,-10.0,0.0,0.5,0.9840000000000001,0.84,-0.13928018180908375,0.66
dqn_control,1543,230.0,0.0,0.52,0.992,0.74,-0.38614577077773243,5.47
dqn_control,1544,0.0,0.0,0.5,1.0,0.84,0.0,0.0
dqn_control,1545,-5.0,0.0,0.5,0.992,0.86,-0.06964009090454187,0.49
dqn_control,1546,-10.0,0.0,0.5,0.9840000000000001,0.88,-0.13928018180908375,0.68
dqn_control,1547,0.0,0.0,0.5,1.0,0.86,0.0,0.0
dqn_control,1548,0.0,0.0,0.5,1.0,0.84,0.0,0.0
dqn_control,1549,0.0,0.0,0.5,1.0,0.82,0.0,0.0
dqn_control,1550,0.0,0.0,0.5,1.0,0.88,0.0,0.0
dqn_control,1551,-35.0,0.0,0.53,0.992,0.8,-0.5443986107143277,0.87
dqn_control,1552,-10.0,0.0,0.5,0.9840000000000001,0.78,-0.13928018180908375,0.27
dqn_control,1553,-10.0,0.0,0.5,0.9840000000000001,0.84,-0.13928018180908375,0.12
dqn_control,1554,-5.0,0.0,0.5,0.992,0.86,-0.06964009090454187,0.19
dqn_control,1555,-10.0,0.0,0.5,0.9840000000000001,0.74,-0.13928018180908375,0.38
dqn_control,1556,-10.0,0.0,0.5,0.9840000000000001,0.78,-0.13928018180908375,0.51
dqn_control,1557,60.0,0.0,0.5,1.0,0.76,0.0,0.3
dqn_control,1558,-15.0,0.0,0.5,0.976,0.76,-0.20892027271362562,0.57
dqn_control,1559,-40.0,2.0,0.5,1.0,0.82,-0.6330113597463811,0.24
dqn_control,1560,-5.0,0.0,0.5,0.992,0.84,-0.06964009090454187,0.49
dqn_control,1561,-5.0,0.0,0.5,0.992,0.82,-0.06964009090454187,0.19
dqn_control,1562,0.0,0.0,0.5,1.0,0.86,0.0,0.0
dqn_control,1563,-5.0,0.0,0.5,0.992,0.9,-0.06964009090454187,0.25
dqn_control,1564,0.0,0.0,0.5,1.0,0.84,0.0,0.0
dqn_control,1565,-5.0,0.0,0.5,0.992,0.86,-0.06964009090454187,0.49
dqn_control,1566,-10.0,0.0,0.5,0.9840000000000001,0.82,-0.13928018180908375,0.32
dqn_control,1567,-15.0,0.0,0.5,0.976,0.76,-0.20892027271362562,0.61
dqn_control,1568,0.0,0.0,0.5,1.0,0.8,0.0,0.0
dqn_control,1569,0.0,0.0,0.5,1.0,0.9,0.0,0.0
dqn_control,1570,-10.0,0.0,0.5,0.9840000000000001,0.76,-0.13928018180908375,0.22
dqn_control,1571,0.0,0.0,0.5,1.0,0.8,0.0,0.0
dqn_control,1572,-20.0,0.0,0.52,1.0,0.86,-0.31650567987319056,0.38
dqn_control,1573,0.0,0.0,0.5,1.0,0.8,0.0,0.0
dqn_control,1574,0.0,0.0,0.5,1.0,0.8,0.0,0.0
dqn_control,1575,-30.0,1.0,0.51,1.0,0.76,-0.47475851980978584,0.82
dqn_control,1576,5.0,0.0,0.51,1.0,0.76,-0.15825283993659528,0.13
dqn_control,1577,-5.0,0.0,0.5,0.992,0.88,-0.06964009090454187,0.29
dqn_control,1578,-5.0,0.0,0.5,0.992,0.78,-0.06964009090454187,0.13
dqn_control,1579,-5.0,0.0,0.5,0.992,0.8,-0.06964009090454187,0.02
dqn_control,1580,-5.0,0.0,0.5,0.992,0.76,-0.06964009090454187,0.48
dqn_control,1581,35.0,0.0,0.51,1.0,0.82,-0.15825283993659528,0.16
dqn_control,1582,-15.0,0.0,0.5,0.976,0.82,-0.20892027271362562,0.89
dqn_control,1583,0.0,0.0,0.5,1.0,0.9,0.0,0.0
dqn_control,1584,-5.0,0.0,0.5,0.992,0.74,-0.06964009090454187,0.39
dqn_control,1585,-10.0,0.0,0.5,0.9840000000000001,0.82,-0.13928018180908375,0.47
dqn_control,1586,0.0,0.0,0.5,1.0,0.8,0.0,0.0
dqn_control,1587,-5.0,0.0,0.5,0.992,0.82,-0.06964009090454187,0.07
dqn_control,1588,0.0,0.0,0.5,1.0,0.84,0.0,0.0
dqn_control,1589,0.0,0.0,0.5,1.0,0.8,0.0,0.0
dqn_control,1590,0.0,0.0,0.5,1.0,0.82,0.0,0.0
dqn_control,1591,-5.0,0.0,0.5,0.992,0.86,-0.06964009090454187,0.17
dqn_control,1592,0.0,0.0,0.5,1.0,0.76,0.0,0.0
dqn_control,1593,0.0,0.0,0.5,1.0,0.78,0.0,0.0
dqn_control,1594,-5.0,0.0,0.5,0.992,0.92,-0.06964009090454187,0.44
dqn_control,1595,0.0,0.0,0.5,1.0,0.82,0.0,0.0
dqn_control,1596,5.0,0.0,0.51,1.0,0.74,-0.15825283993659528,0.11
dqn_control,1597,-5.0,0.0,0.5,0.992,0.88,-0.06964009090454187,0.22
dqn_control,1598,0.0,0.0,0.5,1.0,0.82,0.0,0.0
dqn_control,1599,0.0,0.0,0.5,1.0,0.86,0.0,0.0
dqn_control,1600,-5.0,0.0,0.5,0.992,0.76,-0.06964009090454187,0.13
dqn_control,1601,0.0,0.0,0.5,1.0,0.8,0.0,0.0
dqn_control,1602,0.0,0.0,0.5,1.0,0.8,0.0,0.0
dqn_control,1603,0.0,0.0,0.5,1.0,0.9,0.0,0.0
dqn_control,1604,-10.0,0.0,0.5,0.9840000000000001,0.86,-0.13928018180908375,0.1
dqn_control,1605,-5.0,0.0,0.5,0.992,0.8,-0.06964009090454187,0.49
dqn_control,1606,0.0,0.0,0.5,1.0,0.82,0.0,0.0
dqn_control,1607,0.0,0.0,0.5,1.0,0.74,0.0,0.0
dqn_control,1608,0.0,0.0,0.5,1.0,0.86,0.0,0.0
dqn_control,1609,0.0,0.0,0.5,1.0,0.84,0.0,0.0
dqn_control,1610,0.0,0.0,0.5,1.0,0.78,0.0,0.0
dqn_control,1611,0.0,0.0,0.5,1.0,0.84,0.0,0.0
dqn_control,1612,180.0,0.0,0.5,1.0,0.92,0.0,2.34
dqn_control,1613,0.0,0.0,0.5,1.0,0.84,0.0,0.0
dqn_control,1614,0.0,0.0,0.5,1.0,0.86,0.0,0.0
dqn_control,1615,0.0,0.0,0.5,1.0,0.84,0.0,0.0
dqn_control,1616,0.0,0.0,0.5,1.0,0.84,0.0,0.0
dqn_control,1617,0.0,0.0,0.5,1.0,0.9,0.0,0.0
dqn_control,1618,-5.0,0.0,0.5,0.992,0.76,-0.06964009090454187,0.49
dqn_control,1619,90.0,0.0,0.5,1.0,0.9,0.0,0.75
dqn_control,1620,0.0,0.0,0.5,1.0,0.92,0.0,0.0
dqn_control,1621,-10.0,0.0,0.5,0.9840000000000001,0.88,-0.13928018180908375,0.27
dqn_control,1622,-5.0,0.0,0.5,0.992,0.78,-0.06964009090454187,0.47
dqn_control,1623,0.0,0.0,0.5,1.0,0.76,0.0,0.0
dqn_control,1624,-5.0,0.0,0.5,0.992,0.86,-0.06964009090454187,0.23
dqn_control,1625,-20.0,0.0,0.52,1.0,0.82,-0.31650567987319056,0.18
dqn_control,1626,0.0,0.0,0.5,1.0,0.88,0.0,0.0
dqn_control,1627,0.0,0.0,0.5,1.0,0.86,0.0,0.0
dqn_control,1628,-5.0,0.0,0.5,0.992,0.82,-0.06964009090454187,0.25
dqn_control,1629,110.0,0.0,0.51,1.0,0.74,-0.15825283993659528,2.22
dqn_control,1630,-5.0,0.0,0.5,0.992,0.72,-0.06964009090454187,0.46
dqn_control,1631,0.0,0.0,0.5,1.0,0.96,0.0,0.0
dqn_control,1632,-5.0,0.0,0.5,0.992,0.8,-0.06964009090454187,0.18
dqn_control,1633,-10.0,0.0,0.5,0.9840000000000001,0.78,-0.13928018180908375,0.1
dqn_control,1634,0.0,0.0,0.5,1.0,0.78,0.0,0.0
dqn_control,1635,-10.0,0.0,0.5,0.9840000000000001,0.76,-0.13928018180908375,0.24
dqn_control,1636,-5.0,0.0,0.5,0.992,0.86,-0.06964009090454187,0.26
dqn_control,1637,50.0,0.0,0.51,1.0,0.78,-0.15825283993659528,1.32
dqn_control,1638,-5.0,0.0,0.5,0.992,0.78,-0.06964009090454187,0.17
dqn_control,1639,0.0,0.0,0.5,1.0,0.88,0.0,0.0
dqn_control,1640,0.0,0.0,0.5,1.0,0.8,0.0,0.0
dqn_control,1641,0.0,0.0,0.5,1.0,0.9,0.0,0.0
dqn_control,1642,-35.0,1.0,0.51,0.992,0.8,-0.5443986107143277,2.97
dqn_control,1643,-5.0,0.0,0.5,0.992,0.78,-0.06964009090454187,0.49
dqn_control,1644,0.0,0.0,0.5,1.0,0.82,0.0,0.0
dqn_control,1645,0.0,0.0,0.5,1.0,0.84,0.0,0.0
dqn_control,1646,0.0,0.0,0.5,1.0,0.84,0.0,0.0
dqn_control,1647,0.0,0.0,0.5,1.0,0.84,0.0,0.0
dqn_control,1648,0.0,0.0,0.5,1.0,0.76,0.0,0.0
dqn_control,1649,0.0,0.0,0.5,1.0,0.84,0.0,0.0
dqn_control,1650,0.0,0.0,0.5,1.0,0.84,0.0,0.0
dqn_control,1651,0.0,0.0,0.5,1.0,0.92,0.0,0.0
dqn_control,1652,-15.0,0.0,0.5,0.976,0.72,-0.20892027271362562,1.12
dqn_control,1653,-5.0,0.0,0.5,0.992,0.82,-0.06964009090454187,0.03
dqn_control,1654,0.0,0.0,0.5,1.0,0.86,0.0,0.0
dqn_control,1655,-5.0,0.0,0.5,0.992,0.8,-0.06964009090454187,0.22
dqn_control,1656,0.0,0.0,0.5,1.0,0.88,0.0,0.0
dqn_control,1657,0.0,0.0,0.5,1.0,0.88,0.0,0.0
dqn_control,1658,0.0,0.0,0.5,1.0,0.88,0.0,0.0
dqn_control,1659,0.0,0.0,0.5,1.0,0.84,0.0,0.0
dqn_control,1660,0.0,0.0,0.5,1.0,0.9,0.0,0.0
dqn_control,1661,0.0,0.0,0.5,1.0,0.9,0.0,0.0
dqn_control,1662,-5.0,0.0,0.5,0.992,0.82,-0.06964009090454187,0.05
dqn_control,1663,0.0,0.0,0.5,1.0,0.82,0.0,0.0
dqn_control,1664,-5.0,0.0,0.5,0.992,0.78,-0.06964009090454187,0.21
dqn_control,1665,-5.0,0.0,0.5,0.992,0.84,-0.06964009090454187,0.26
dqn_control,1666,-15.0,0.0,0.5,0.976,0.88,-0.20892027271362562,0.94
dqn_control,1667,-30.0,1.0,0.51,1.0,0.78,-0.47475851980978584,0.68
dqn_control,1668,0.0,0.0,0.5,1.0,0.92,0.0,0.0
dqn_control,1669,0.0,0.0,0.5,1.0,0.84,0.0,0.0
dqn_control,1670,-30.0,1.0,0.5,0.9840000000000001,0.72,-0.4557858616822743,0.71
dqn_control,1671,-20.0,1.0,0.5,1.0,0.72,-0.31650567987319056,0.08
dqn_control,1672,0.0,0.0,0.5,1.0,0.94,0.0,0.0
dqn_control,1673,-5.0,0.0,0.5,0.992,0.9,-0.06964009090454187,0.16
dqn_control,1674,-10.0,0.0,0.5,0.9840000000000001,0.84,-0.13928018180908375,0.54
dqn_control,1675,-5.0,0.0,0.5,0.992,0.74,-0.06964009090454187,0.46
dqn_control,1676,-5.0,0.0,0.5,0.992,0.88,-0.06964009090454187,0.16
dqn_control,1677,140.0,0.0,0.51,1.0,0.88,-0.15825283993659528,1.7
dqn_control,1678,90.0,0.0,0.5,1.0,0.84,0.0,0.63
dqn_control,1679,0.0,0.0,0.5,1.0,0.92,0.0,0.0
dqn_control,1680,0.0,0.0,0.5,1.0,0.9,0.0,0.0
dqn_control,1681,-20.0,0.0,0.52,1.0,0.8,-0.31650567987319056,0.84
dqn_control,1682,0.0,0.0,0.5,1.0,0.82,0.0,0.0
dqn_control,1683,0.0,0.0,0.5,1.0,0.96,0.0,0.0
dqn_control,1684,0.0,0.0,0.5,1.0,0.86,0.0,0.0
dqn_control,1685,-5.0,0.0,0.5,0.992,0.9,-0.06964009090454187,0.17
dqn_control,1686,0.0,0.0,0.5,1.0,0.88,0.0,0.0
dqn_control,1687,0.0,0.0,0.5,1.0,0.86,0.0,0.0
dqn_control,1688,-20.0,1.0,0.5,1.0,0.8,-0.31650567987319056,0.52
dqn_control,1689,0.0,0.0,0.5,1.0,0.84,0.0,0.0
dqn_control,1690,-10.0,0.0,0.51,1.0,0.86,-0.15825283993659528,0.02
dqn_control,1691,0.0,0.0,0.5,1.0,0.86,0.0,0.0
dqn_control,1692,-5.0,0.0,0.5,0.992,0.88,-0.06964009090454187,0.18
dqn_control,1693,150.0,0.0,0.5,1.0,0.9,0.0,1.65
dqn_control,1694,170.0,0.0,0.51,1.0,0.8,-0.15825283993659528,2.2
dqn_control,1695,0.0,0.0,0.5,1.0,0.88,0.0,0.0
dqn_control,1696,-5.0,0.0,0.5,0.992,0.8,-0.06964009090454187,0.35
dqn_control,1697,-5.0,0.0,0.5,0.992,0.82,-0.06964009090454187,0.17
dqn_control,1698,165.0,0.0,0.5,1.0,0.86,0.0,2.22
dqn_control,1699,0.0,0.0,0.5,1.0,0.92,0.0,0.0
dqn_control,1700,0.0,0.0,0.5,1.0,0.74,0.0,0.0
dqn_control,1701,-20.0,1.0,0.5,1.0,0.84,-0.31650567987319056,0.56
dqn_control,1702,-25.0,0.0,0.5,0.96,0.68,-0.3482004545227093,1.86
dqn_control,1703,-5.0,0.0,0.5,0.992,0.82,-0.06964009090454187,0.46
dqn_control,1704,-5.0,0.0,0.5,0.992,0.94,-0.06964009090454187,0.26
dqn_control,1705,180.0,0.0,0.5,1.0,0.9,0.0,2.34
dqn_control,1706,-5.0,0.0,0.5,0.992,0.88,-0.06964009090454187,0.36
dqn_control,1707,0.0,0.0,0.5,1.0,0.86,0.0,0.0
dqn_control,1708,0.0,0.0,0.5,1.0,0.8,0.0,0.0
dqn_control,1709,0.0,0.0,0.5,1.0,0.84,0.0,0.0
dqn_control,1710,0.0,0.0,0.5,1.0,0.82,0.0,0.0
dqn_control,1711,0.0,0.0,0.5,1.0,0.84,0.0,0.0
dqn_control,1712,0.0,0.0,0.5,1.0,0.78,0.0,0.0
dqn_control,1713,0.0,0.0,0.5,1.0,0.86,0.0,0.0
dqn_control,1714,0.0,0.0,0.5,1.0,0.86,0.0,0.0
dqn_control,1715,-5.0,0.0,0.5,0.992,0.9,-0.06964009090454187,0.09
dqn_control,1716,-5.0,0.0,0.5,0.992,0.92,-0.06964009090454187,0.18
dqn_control,1717,0.0,0.0,0.5,1.0,0.92,0.0,0.0
dqn_control,1718,-10.0,0.0,0.51,1.0,0.78,-0.15825283993659528,0.06
dqn_control,1719,0.0,0.0,0.5,1.0,0.84,0.0,0.0
dqn_control,1720,0.0,0.0,0.5,1.0,0.94,0.0,0.0
dqn_control,1721,-15.0,0.0,0.5,0.976,0.8,-0.20892027271362562,0.84
dqn_control,1722,-10.0,0.0,0.5,0.9840000000000001,0.72,-0.13928018180908375,0.04
dqn_control,1723,-10.0,0.0,0.51,1.0,0.8,-0.15825283993659528,0.16
dqn_control,1724,5.0,0.0,0.51,1.0,0.86,-0.15825283993659528,0.07
dqn_control,1725,0.0,0.0,0.5,1.0,0.86,0.0,0.0
dqn_control,1726,0.0,0.0,0.5,1.0,0.88,0.0,0.0
dqn_control,1727,-5.0,0.0,0.5,0.992,0.8,-0.06964009090454187,0.48
dqn_control,1728,30.0,0.0,0.5,1.0,0.78,0.0,0.81
dqn_control,1729,-5.0,0.0,0.5,0.992,0.9,-0.06964009090454187,0.31
dqn_control,1730,-15.0,0.0,0.51,0.992,0.82,-0.22789293084113715,0.79
dqn_control,1731,0.0,0.0,0.5,1.0,0.82,0.0,0.0
dqn_control,1732,0.0,0.0,0.5,1.0,0.78,0.0,0.0
dqn_control,1733,45.0,0.0,0.5,1.0,0.8,0.0,0.18
dqn_control,1734,90.0,0.0,0.5,1.0,0.76,0.0,0.63
dqn_control,1735,0.0,0.0,0.5,1.0,0.82,0.0,0.0
dqn_control,1736,0.0,0.0,0.5,1.0,0.82,0.0,0.0
dqn_control,1737,-55.0,1.0,0.53,0.992,0.76,-0.8609042905875183,3.69
dqn_control,1738,0.0,0.0,0.5,1.0,0.8,0.0,0.0
dqn_control,1739,-20.0,1.0,0.5,1.0,0.78,-0.31650567987319056,0.64
dqn_control,1740,0.0,0.0,0.5,1.0,0.9,0.0,0.0
dqn_control,1741,-5.0,0.0,0.5,0.992,0.76,-0.06964009090454187,0.49
dqn_control,1742,-10.0,0.0,0.5,0.9840000000000001,0.78,-0.13928018180908375,0.89
dqn_control,1743,-15.0,0.0,0.5,0.976,0.84,-0.20892027271362562,0.24
dqn_control,1744,0.0,0.0,0.5,1.0,0.84,0.0,0.0
dqn_control,1745,130.0,0.0,0.5,0.992,0.82,-0.06964009090454187,2.9
dqn_control,1746,0.0,0.0,0.5,1.0,0.94,0.0,0.0
dqn_control,1747,-5.0,0.0,0.5,0.992,0.8,-0.06964009090454187,0.36
dqn_control,1748,-30.0,0.0,0.53,1.0,0.78,-0.47475851980978584,0.9
dqn_control,1749,0.0,0.0,0.5,1.0,0.84,0.0,0.0
dqn_control,1750,-10.0,0.0,0.5,0.9840000000000001,0.82,-0.13928018180908375,0.26
dqn_control,1751,0.0,0.0,0.5,1.0,0.86,0.0,0.0
dqn_control,1752,150.0,0.0,0.5,1.0,0.8,0.0,1.95
dqn_control,1753,0.0,0.0,0.5,1.0,0.9,0.0,0.0
dqn_control,1754,0.0,0.0,0.5,1.0,0.84,0.0,0.0
dqn_control,1755,-20.0,0.0,0.5,0.968,0.84,-0.2785603636181675,0.96
dqn_control,1756,0.0,0.0,0.5,1.0,0.84,0.0,0.0
dqn_control,1757,0.0,0.0,0.5,1.0,0.92,0.0,0.0
dqn_control,1758,-10.0,0.0,0.5,0.9840000000000001,0.82,-0.13928018180908375,0.88
dqn_control,1759,-10.0,0.0,0.51,1.0,0.76,-0.15825283993659528,0.02
dqn_control,1760,0.0,0.0,0.5,1.0,0.76,0.0,0.0
dqn_control,1761,-25.0,1.0,0.5,0.992,0.82,-0.38614577077773243,0.82
dqn_control,1762,270.0,0.0,0.5,1.0,0.84,0.0,5.88
dqn_control,1763,30.0,0.0,0.5,1.0,0.78,0.0,0.15
dqn_control,1764,0.0,0.0,0.5,1.0,0.86,0.0,0.0
dqn_control,1765,-5.0,0.0,0.5,0.992,0.9,-0.06964009090454187,0.26
dqn_control,1766,-20.0,1.0,0.5,1.0,0.82,-0.31650567987319056,0.24
dqn_control,1767,0.0,0.0,0.5,1.0,0.82,0.0,0.0
dqn_control,1768,-25.0,1.0,0.5,0.992,0.72,-0.38614577077773243,0.25
dqn_control,1769,-10.0,0.0,0.51,1.0,0.78,-0.15825283993659528,0.58
dqn_control,1770,0.0,0.0,0.5,1.0,0.84,0.0,0.0
dqn_control,1771,75.0,0.0,0.5,1.0,0.82,0.0,0.75
dqn_control,1772,-10.0,0.0,0.51,1.0,0.84,-0.15825283993659528,0.1
dqn_control,1773,-5.0,0.0,0.5,0.992,0.82,-0.06964009090454187,0.12
dqn_control,1774,-20.0,1.0,0.5,1.0,0.8,-0.31650567987319056,0.08
dqn_control,1775,0.0,0.0,0.5,1.0,0.86,0.0,0.0
dqn_control,1776,0.0,0.0,0.5,1.0,0.74,0.0,0.0
dqn_control,1777,-20.0,1.0,0.5,1.0,0.9,-0.31650567987319056,0.12
dqn_control,1778,0.0,0.0,0.5,1.0,0.84,0.0,0.0
dqn_control,1779,0.0,0.0,0.5,1.0,0.78,0.0,0.0
dqn_control,1780,0.0,0.0,0.5,1.0,0.8,0.0,0.0
dqn_control,1781,0.0,0.0,0.5,1.0,0.8,0.0,0.0
dqn_control,1782,-30.0,1.0,0.51,1.0,0.72,-0.47475851980978584,1.46
dqn_control,1783,-10.0,0.0,0.51,1.0,0.78,-0.15825283993659528,0.16
dqn_control,1784,-5.0,0.0,0.5,0.992,0.82,-0.06964009090454187,0.16
dqn_control,1785,0.0,0.0,0.5,1.0,0.76,0.0,0.0
dqn_control,1786,30.0,0.0,0.5,1.0,0.86,0.0,0.81
dqn_control,1787,0.0,0.0,0.5,1.0,0.88,0.0,0.0
dqn_control,1788,0.0,0.0,0.5,1.0,0.8,0.0,0.0
dqn_control,1789,-5.0,0.0,0.5,0.992,0.88,-0.06964009090454187,0.39
dqn_control,1790,0.0,0.0,0.5,1.0,0.9,0.0,0.0
dqn_control,1791,0.0,0.0,0.5,1.0,0.82,0.0,0.0
dqn_control,1792,15.0,0.0,0.5,1.0,0.8,0.0,0.12
dqn_control,1793,130.0,0.0,0.5,0.992,0.82,-0.06964009090454187,1.96
dqn_control,1794,-20.0,1.0,0.5,1.0,0.84,-0.31650567987319056,0.24
dqn_control,1795,-5.0,0.0,0.5,0.992,0.8,-0.06964009090454187,0.17
dqn_control,1796,-15.0,0.0,0.5,0.976,0.78,-0.20892027271362562,0.53
dqn_control,1797,-5.0,0.0,0.5,0.992,0.82,-0.06964009090454187,0.11
dqn_control,1798,-5.0,0.0,0.5,0.992,0.8,-0.06964009090454187,0.49
dqn_control,1799,0.0,0.0,0.5,1.0,0.84,0.0,0.0
dqn_control,1800,-35.0,1.0,0.5,0.976,0.66,-0.5254259525868161,1.77
dqn_control,1801,0.0,0.0,0.5,1.0,0.9,0.0,0.0
dqn_control,1802,0.0,0.0,0.5,1.0,0.84,0.0,0.0
dqn_control,1803,-10.0,0.0,0.5,0.9840000000000001,0.84,-0.13928018180908375,0.76
dqn_control,1804,0.0,0.0,0.5,1.0,0.92,0.0,0.0
dqn_control,1805,-5.0,0.0,0.5,0.992,0.76,-0.06964009090454187,0.09
dqn_control,1806,-5.0,0.0,0.5,0.992,0.86,-0.06964009090454187,0.17
dqn_control,1807,-10.0,0.0,0.5,0.9840000000000001,0.86,-0.13928018180908375,0.4
dqn_control,1808,0.0,0.0,0.5,1.0,0.78,0.0,0.0
dqn_control,1809,150.0,0.0,0.5,1.0,0.86,0.0,2.4
dqn_control,1810,0.0,0.0,0.5,1.0,0.72,0.0,0.0
dqn_control,1811,0.0,0.0,0.5,1.0,0.8,0.0,0.0
dqn_control,1812,-10.0,0.0,0.5,0.9840000000000001,0.88,-0.13928018180908375,0.44
dqn_control,1813,-15.0,0.0,0.5,0.976,0.74,-0.20892027271362562,1.18
dqn_control,1814,0.0,0.0,0.5,1.0,0.8,0.0,0.0
dqn_control,1815,0.0,0.0,0.5,1.0,0.9,0.0,0.0
dqn_control,1816,0.0,0.0,0.5,1.0,0.8,0.0,0.0
dqn_control,1817,0.0,0.0,0.5,1.0,0.9,0.0,0.0
dqn_control,1818,0.0,0.0,0.5,1.0,0.82,0.0,0.0
dqn_control,1819,-20.0,1.0,0.5,1.0,0.76,-0.31650567987319056,1.4
dqn_control,1820,0.0,0.0,0.5,1.0,0.84,0.0,0.0
dqn_control,1821,0.0,0.0,0.5,1.0,0.88,0.0,0.0
dqn_control,1822,-10.0,0.0,0.5,0.9840000000000001,0.8,-0.13928018180908375,0.9
dqn_control,1823,0.0,0.0,0.5,1.0,0.82,0.0,0.0
dqn_control,1824,0.0,0.0,0.5,1.0,0.78,0.0,0.0
dqn_control,1825,0.0,0.0,0.5,1.0,0.78,0.0,0.0
dqn_control,1826,0.0,0.0,0.5,1.0,0.88,0.0,0.0
dqn_control,1827,0.0,0.0,0.5,1.0,0.82,0.0,0.0
dqn_control,1828,-10.0,0.0,0.5,0.9840000000000001,0.86,-0.13928018180908375,0.62
dqn_control,1829,-10.0,0.0,0.5,0.9840000000000001,0.86,-0.13928018180908375,0.42
dqn_control,1830,115.0,0.0,0.5,0.992,0.8,-0.06964009090454187,1.69
dqn_control,1831,-10.0,0.0,0.5,0.9840000000000001,0.84,-0.13928018180908375,0.09
dqn_control,1832,165.0,0.0,0.5,1.0,0.86,0.0,2.25
dqn_control,1833,0.0,0.0,0.5,1.0,0.78,0.0,0.0
dqn_control,1834,-20.0,0.0,0.5,0.968,0.9,-0.2785603636181675,0.81
dqn_control,1835,-10.0,0.0,0.51,1.0,0.78,-0.15825283993659528,0.42
dqn_control,1836,0.0,0.0,0.5,1.0,0.86,0.0,0.0
dqn_control,1837,0.0,0.0,0.5,1.0,0.86,0.0,0.0
dqn_control,1838,0.0,0.0,0.5,1.0,0.86,0.0,0.0
dqn_control,1839,0.0,0.0,0.5,1.0,0.92,0.0,0.0
dqn_control,1840,0.0,0.0,0.5,1.0,0.86,0.0,0.0
dqn_control,1841,0.0,0.0,0.5,1.0,0.92,0.0,0.0
dqn_control,1842,0.0,0.0,0.5,1.0,0.86,0.0,0.0
dqn_control,1843,-15.0,0.0,0.5,0.976,0.8,-0.20892027271362562,0.43
dqn_control,1844,-10.0,0.0,0.5,0.9840000000000001,0.8,-0.13928018180908375,0.12
dqn_control,1845,-5.0,0.0,0.5,0.992,0.88,-0.06964009090454187,0.2
dqn_control,1846,0.0,0.0,0.5,1.0,0.84,0.0,0.0
dqn_control,1847,-60.0,3.0,0.5,1.0,0.74,-0.9495170396195717,0.48
dqn_control,1848,-5.0,0.0,0.5,0.992,0.82,-0.06964009090454187,0.48
dqn_control,1849,-45.0,2.0,0.5,0.992,0.74,-0.7026514506509229,1.17
dqn_control,1850,0.0,0.0,0.5,1.0,0.88,0.0,0.0
dqn_control,1851,-5.0,0.0,0.5,0.992,0.88,-0.06964009090454187,0.19
dqn_control,1852,0.0,0.0,0.5,1.0,0.78,0.0,0.0
dqn_control,1853,0.0,0.0,0.5,1.0,0.88,0.0,0.0
dqn_control,1854,0.0,0.0,0.5,1.0,0.86,0.0,0.0
dqn_control,1855,-5.0,0.0,0.5,0.992,0.82,-0.06964009090454187,0.38
dqn_control,1856,-10.0,0.0,0.5,0.9840000000000001,0.86,-0.13928018180908375,0.4
dqn_control,1857,-15.0,0.0,0.5,0.976,0.74,-0.20892027271362562,0.45
dqn_control,1858,-5.0,0.0,0.5,0.992,0.72,-0.06964009090454187,0.06
dqn_control,1859,30.0,0.0,0.5,1.0,0.86,0.0,0.21
dqn_control,1860,0.0,0.0,0.5,1.0,0.76,0.0,0.0
dqn_control,1861,0.0,0.0,0.5,1.0,0.94,0.0,0.0
dqn_control,1862,-40.0,2.0,0.5,1.0,0.74,-0.6330113597463811,0.88
dqn_control,1863,60.0,0.0,0.5,1.0,0.8,0.0,0.3
dqn_control,1864,-10.0,0.0,0.5,0.9840000000000001,0.9,-0.13928018180908375,0.53
dqn_control,1865,205.0,0.0,0.52,1.0,0.8,-0.31650567987319056,4.55
dqn_control,1866,-5.0,0.0,0.5,0.992,0.84,-0.06964009090454187,0.36
dqn_control,1867,-10.0,0.0,0.5,0.9840000000000001,0.86,-0.13928018180908375,0.96
dqn_control,1868,-5.0,0.0,0.5,0.992,0.88,-0.06964009090454187,0.48
dqn_control,1869,0.0,0.0,0.5,1.0,0.9,0.0,0.0
dqn_control,1870,0.0,0.0,0.5,1.0,0.84,0.0,0.0
dqn_control,1871,-5.0,0.0,0.5,0.992,0.94,-0.06964009090454187,0.27
dqn_control,1872,-5.0,0.0,0.5,0.992,0.84,-0.06964009090454187,0.19
dqn_control,1873,0.0,0.0,0.5,1.0,0.92,0.0,0.0
dqn_control,1874,60.0,0.0,0.5,1.0,0.82,0.0,0.3
dqn_control,1875,-5.0,0.0,0.5,0.992,0.78,-0.06964009090454187,0.15
dqn_control,1876,5.0,0.0,0.51,1.0,0.76,-0.15825283993659528,0.45
dqn_control,1877,-15.0,0.0,0.5,0.976,0.78,-0.20892027271362562,0.96
dqn_control,1878,-10.0,0.0,0.5,0.9840000000000001,0.8,-0.13928018180908375,0.45
dqn_control,1879,0.0,0.0,0.5,1.0,0.88,0.0,0.0
dqn_control,1880,0.0,0.0,0.5,1.0,0.8,0.0,0.0
dqn_control,1881,-5.0,0.0,0.5,0.992,0.82,-0.06964009090454187,0.02
dqn_control,1882,0.0,0.0,0.5,1.0,0.86,0.0,0.0
dqn_control,1883,-5.0,0.0,0.5,0.992,0.9,-0.06964009090454187,0.07
dqn_control,1884,-10.0,0.0,0.5,0.9840000000000001,0.86,-0.13928018180908375,0.09
dqn_control,1885,0.0,0.0,0.5,1.0,0.82,0.0,0.0
dqn_control,1886,0.0,0.0,0.5,1.0,0.82,0.0,0.0
dqn_control,1887,15.0,0.0,0.5,1.0,0.9,0.0,0.03
dqn_control,1888,-25.0,0.0,0.5,0.96,0.72,-0.3482004545227093,0.8
dqn_control,1889,0.0,0.0,0.5,1.0,0.98,0.0,0.0
dqn_control,1890,30.0,0.0,0.5,1.0,0.72,0.0,0.15
dqn_control,1891,-5.0,0.0,0.5,0.992,0.78,-0.06964009090454187,0.02
dqn_control,1892,0.0,0.0,0.5,1.0,0.76,0.0,0.0
dqn_control,1893,0.0,0.0,0.5,1.0,0.86,0.0,0.0
dqn_control,1894,-10.0,0.0,0.5,0.9840000000000001,0.88,-0.13928018180908375,0.59
dqn_control,1895,-10.0,0.0,0.51,1.0,0.88,-0.15825283993659528,0.06
dqn_control,1896,-10.0,0.0,0.5,0.9840000000000001,0.86,-0.13928018180908375,0.28
dqn_control,1897,0.0,0.0,0.5,1.0,0.84,0.0,0.0
dqn_control,1898,90.0,0.0,0.5,1.0,0.88,0.0,0.66
dqn_control,1899,-40.0,1.0,0.5,0.968,0.78,-0.5950660434913579,1.9
dqn_control,1900,0.0,0.0,0.5,1.0,0.76,0.0,0.0
dqn_control,1901,0.0,0.0,0.5,1.0,0.8,0.0,0.0
dqn_control,1902,0.0,0.0,0.5,1.0,0.88,0.0,0.0
dqn_control,1903,0.0,0.0,0.5,1.0,0.86,0.0,0.0
dqn_control,1904,0.0,0.0,0.5,1.0,0.82,0.0,0.0
dqn_control,1905,-5.0,0.0,0.5,0.992,0.8,-0.06964009090454187,0.35
dqn_control,1906,0.0,0.0,0.5,1.0,0.78,0.0,0.0
dqn_control,1907,-5.0,0.0,0.5,0.992,0.78,-0.06964009090454187,0.13
dqn_control,1908,420.0,0.0,0.5,1.0,0.82,0.0,15.03
dqn_control,1909,0.0,0.0,0.5,1.0,0.88,0.0,0.0
dqn_control,1910,0.0,0.0,0.5,1.0,0.86,0.0,0.0
dqn_control,1911,0.0,0.0,0.5,1.0,0.82,0.0,0.0
dqn_control,1912,0.0,0.0,0.5,1.0,0.84,0.0,0.0
dqn_control,1913,45.0,0.0,0.5,1.0,0.88,0.0,0.18
dqn_control,1914,0.0,0.0,0.5,1.0,0.94,0.0,0.0
dqn_control,1915,-10.0,0.0,0.5,0.9840000000000001,0.78,-0.13928018180908375,0.51
dqn_control,1916,0.0,0.0,0.5,1.0,0.7,0.0,0.0
dqn_control,1917,-5.0,0.0,0.5,0.992,0.82,-0.06964009090454187,0.41
dqn_control,1918,0.0,0.0,0.5,1.0,0.86,0.0,0.0
dqn_control,1919,-5.0,0.0,0.5,0.992,0.9,-0.06964009090454187,0.49
dqn_control,1920,0.0,0.0,0.5,1.0,0.84,0.0,0.0
dqn_control,1921,-20.0,0.0,0.52,1.0,0.76,-0.31650567987319056,1.0
dqn_control,1922,0.0,0.0,0.5,1.0,0.9,0.0,0.0
dqn_control,1923,0.0,0.0,0.5,1.0,0.86,0.0,0.0
dqn_control,1924,-5.0,0.0,0.5,0.992,0.88,-0.06964009090454187,0.24
dqn_control,1925,0.0,0.0,0.5,1.0,0.76,0.0,0.0
dqn_control,1926,-15.0,0.0,0.5,0.976,0.74,-0.20892027271362562,0.94
dqn_control,1927,0.0,0.0,0.5,1.0,0.76,0.0,0.0
dqn_control,1928,0.0,0.0,0.5,1.0,0.82,0.0,0.0
dqn_control,1929,0.0,0.0,0.5,1.0,0.8,0.0,0.0
dqn_control,1930,0.0,0.0,0.5,1.0,0.88,0.0,0.0
dqn_control,1931,0.0,0.0,0.5,1.0,0.84,0.0,0.0
dqn_control,1932,-5.0,0.0,0.5,0.992,0.8,-0.06964009090454187,0.23
dqn_control,1933,-5.0,0.0,0.5,0.992,0.9,-0.06964009090454187,0.44
dqn_control,1934,0.0,0.0,0.5,1.0,0.86,0.0,0.0
dqn_control,1935,-5.0,0.0,0.5,0.992,0.76,-0.06964009090454187,0.02
dqn_control,1936,-5.0,0.0,0.5,0.992,0.8,-0.06964009090454187,0.33
dqn_control,1937,0.0,0.0,0.5,1.0,0.84,0.0,0.0
dqn_control,1938,0.0,0.0,0.5,1.0,0.84,0.0,0.0
dqn_control,1939,-10.0,0.0,0.5,0.9840000000000001,0.7,-0.13928018180908375,0.06
dqn_control,1940,-5.0,0.0,0.5,0.992,0.86,-0.06964009090454187,0.23
dqn_control,1941,-15.0,0.0,0.5,0.976,0.84,-0.20892027271362562,0.83
dqn_control,1942,0.0,0.0,0.5,1.0,0.8,0.0,0.0
dqn_control,1943,0.0,0.0,0.5,1.0,0.82,0.0,0.0
dqn_control,1944,-15.0,0.0,0.5,0.976,0.78,-0.20892027271362562,0.86
dqn_control,1945,0.0,0.0,0.5,1.0,0.86,0.0,0.0
dqn_control,1946,0.0,0.0,0.5,1.0,0.86,0.0,0.0
dqn_control,1947,0.0,0.0,0.5,1.0,0.92,0.0,0.0
dqn_control,1948,0.0,0.0,0.5,1.0,0.94,0.0,0.0
dqn_control,1949,-5.0,0.0,0.5,0.992,0.86,-0.06964009090454187,0.17
dqn_control,1950,0.0,0.0,0.5,1.0,1.0,0.0,0.0
dqn_control,1951,0.0,0.0,0.5,1.0,0.96,0.0,0.0
dqn_control,1952,35.0,0.0,0.51,1.0,0.84,-0.15825283993659528,1.39
dqn_control,1953,-5.0,0.0,0.5,0.992,0.76,-0.06964009090454187,0.35
dqn_control,1954,0.0,0.0,0.5,1.0,0.9,0.0,0.0
dqn_control,1955,-20.0,0.0,0.5,0.968,0.76,-0.2785603636181675,0.55
dqn_control,1956,-10.0,0.0,0.51,1.0,0.82,-0.15825283993659528,0.32
dqn_control,1957,0.0,0.0,0.5,1.0,0.88,0.0,0.0
dqn_control,1958,0.0,0.0,0.5,1.0,0.88,0.0,0.0
dqn_control,1959,0.0,0.0,0.5,1.0,0.9,0.0,0.0
dqn_control,1960,0.0,0.0,0.5,1.0,0.8,0.0,0.0
dqn_control,1961,-5.0,0.0,0.5,0.992,0.7,-0.06964009090454187,0.42
dqn_control,1962,-5.0,0.0,0.5,0.992,0.8,-0.06964009090454187,0.42
dqn_control,1963,-35.0,1.0,0.51,0.992,0.88,-0.5443986107143277,3.13
dqn_control,1964,-5.0,0.0,0.5,0.992,0.8,-0.06964009090454187,0.49
dqn_control,1965,210.0,0.0,0.5,1.0,0.88,0.0,3.15
dqn_control,1966,75.0,0.0,0.5,1.0,0.88,0.0,0.45
dqn_control,1967,0.0,0.0,0.5,1.0,0.68,0.0,0.0
dqn_control,1968,0.0,0.0,0.5,1.0,0.88,0.0,0.0
dqn_control,1969,0.0,0.0,0.5,1.0,0.78,0.0,0.0
dqn_control,1970,0.0,0.0,0.5,1.0,0.88,0.0,0.0
dqn_control,1971,0.0,0.0,0.5,1.0,0.84,0.0,0.0
dqn_control,1972,0.0,0.0,0.5,1.0,0.92,0.0,0.0
dqn_control,1973,0.0,0.0,0.5,1.0,0.86,0.0,0.0
dqn_control,1974,0.0,0.0,0.5,1.0,0.84,0.0,0.0
dqn_control,1975,-30.0,0.0,0.53,1.0,0.74,-0.47475851980978584,1.8
dqn_control,1976,-30.0,0.0,0.53,1.0,0.82,-0.47475851980978584,0.72
dqn_control,1977,-5.0,0.0,0.5,0.992,0.88,-0.06964009090454187,0.49
dqn_control,1978,-5.0,0.0,0.5,0.992,0.82,-0.06964009090454187,0.14
dqn_control,1979,0.0,0.0,0.5,1.0,0.82,0.0,0.0
dqn_control,1980,0.0,0.0,0.5,1.0,0.82,0.0,0.0
dqn_control,1981,-10.0,0.0,0.5,0.9840000000000001,0.84,-0.13928018180908375,0.64
dqn_control,1982,90.0,0.0,0.5,1.0,0.84,0.0,0.63
dqn_control,1983,0.0,0.0,0.5,1.0,0.92,0.0,0.0
dqn_control,1984,-10.0,0.0,0.51,1.0,0.8,-0.15825283993659528,0.08
dqn_control,1985,0.0,0.0,0.5,1.0,0.92,0.0,0.0
dqn_control,1986,0.0,0.0,0.5,1.0,0.92,0.0,0.0
dqn_control,1987,-20.0,1.0,0.5,1.0,0.78,-0.31650567987319056,0.64
dqn_control,1988,-10.0,0.0,0.5,0.9840000000000001,0.8,-0.13928018180908375,0.26
dqn_control,1989,-5.0,0.0,0.5,0.992,0.78,-0.06964009090454187,0.46
dqn_control,1990,35.0,0.0,0.51,1.0,0.7,-0.15825283993659528,0.18
dqn_control,1991,110.0,0.0,0.51,1.0,0.78,-0.15825283993659528,4.31
dqn_control,1992,-40.0,2.0,0.5,1.0,0.8,-0.6330113597463811,0.56
dqn_control,1993,0.0,0.0,0.5,1.0,0.82,0.0,0.0
dqn_control,1994,60.0,0.0,0.5,1.0,0.86,0.0,0.3
dqn_control,1995,0.0,0.0,0.5,1.0,0.88,0.0,0.0
dqn_control,1996,-10.0,0.0,0.5,0.9840000000000001,0.76,-0.13928018180908375,0.18
dqn_control,1997,-10.0,0.0,0.51,1.0,0.8,-0.15825283993659528,0.02
dqn_control,1998,-10.0,0.0,0.51,1.0,0.82,-0.15825283993659528,0.12
dqn_control,1999,250.0,0.0,0.5,0.992,0.8,-0.06964009090454187,4.74
dqn_control,2000,-20.0,1.0,0.5,1.0,0.82,-0.31650567987319056,0.08
